player_id,name,team_id,uniform_number,batting_side,pitching_side
2025_1_11,田中 将大,1,11,,
2025_1_15,大勢,1,15,,
2025_1_17,西舘 勇陽,1,17,,
2025_1_19,山﨑 伊織,1,19,,
2025_1_20,戸郷 翔征,1,20,,
2025_1_26,今村 信貴,1,26,,
2025_1_28,高橋 礼,1,28,,
2025_1_29,グリフィン,1,29,,
2025_1_30,近藤 大亮,1,30,,
2025_1_31,赤星 優志,1,31,,
2025_1_33,ケラー,1,33,,
2025_1_36,馬場 皐輔,1,36,,
2025_1_41,中川 皓太,1,41,,
2025_1_45,田中 瑛斗,1,45,,
2025_1_46,又木 鉄平,1,46,,
2025_1_47,森田 駿哉,1,47,,
2025_1_48,田中 千晴,1,48,,
2025_1_49,バルドナード,1,49,,
2025_1_53,高梨 雄平,1,53,,
2025_1_57,宮原 駿介,1,57,,
2025_1_58,船迫 大雅,1,58,,
2025_1_62,横川 凱,1,62,,
2025_1_63,泉 圭輔,1,63,,
2025_1_64,大江 竜聖,1,64,,
2025_1_65,石川 達也,1,65,,
2025_1_66,平内 龍太,1,66,,
2025_1_90,石田 充冴,1,90,,
2025_1_91,堀田 賢慎,1,91,,
2025_1_92,マルティネス,1,92,,
2025_1_95,戸田 懐生,1,95,,
2025_1_97,井上 温大,1,97,,
2025_1_99,京本 眞,1,99,,
2025_1_001,菊地 大稀,1,1,,
2025_1_011,山田 龍聖,1,11,,
2025_1_012,三浦 克也,1,12,,
2025_1_014,堀江 正太郎,1,14,,
2025_1_015,鈴木 圭晋,1,15,,
2025_1_016,千葉 隆広,1,16,,
2025_1_018,木下 幹也,1,18,,
2025_1_019,園田 純規,1,19,,
2025_1_021,松井 颯,1,21,,
2025_1_023,田村 朋輝,1,23,,
2025_1_026,吉村 優聖歩,1,26,,
2025_1_028,富田 龍,1,28,,
2025_1_029,西川 歩,1,29,,
2025_1_030,吹田 志道,1,30,,
2025_1_034,森本 哲星,1,34,,
2025_1_035,ルシアーノ,1,35,,
2025_1_041,黄 錦豪,1,41,,
2025_1_047,鴨打 瑛二,1,47,,
2025_1_054,直江 大輔,1,54,,
2025_1_063,花田 侑樹,1,63,,
2025_1_068,代木 大和,1,68,,
2025_1_077,石田 隼都,1,77,,
2025_1_10,甲斐 拓也,1,10,,
2025_1_22,小林 誠司,1,22,,
2025_1_24,大城 卓三,1,24,,
2025_1_27,岸田 行倫,1,27,,
2025_1_37,郡 拓也,1,37,,
2025_1_67,山瀬 慎之助,1,67,,
2025_1_94,喜多 隆介,1,94,,
2025_1_00,湯浅 大,1,0,,
2025_1_0,増田 大輝,1,0,,
2025_1_2,吉川 尚輝,1,2,,
2025_1_5,門脇 誠,1,5,,
2025_1_6,坂本 勇人,1,6,,
2025_1_23,石塚 裕惺,1,23,,
2025_1_25,岡本 和真,1,25,,
2025_1_32,浦田 俊輔,1,32,,
2025_1_35,泉口 友汰,1,35,,
2025_1_40,中山 礼都,1,40,,
2025_1_55,秋広 優人,1,55,,
2025_1_60,荒巻 悠,1,60,,
2025_1_61,増田 陸,1,61,,
2025_1_7,長野 久義,1,7,,
2025_1_8,丸 佳浩,1,8,,
2025_1_12,萩尾 匡也,1,12,,
2025_1_13,キャベッジ,1,13,,
2025_1_38,岡田 悠希,1,38,,
2025_1_42,ヘルナンデス,1,42,,
2025_1_43,重信 慎之介,1,43,,
2025_1_44,佐々木 俊輔,1,44,,
2025_1_50,オコエ 瑠偉,1,50,,
2025_1_51,浅野 翔吾,1,51,,
2025_1_59,若林 楽人,1,59,,
2025_1_69,笹原 操希,1,69,,
2025_1_006,坂本 勇人,1,6,,
2025_1_010,大津 綾也,1,10,,
2025_1_022,亀田 啓太,1,22,,
2025_1_024,坂本 達也,1,24,,
2025_1_002,中田 歩夢,1,2,,
2025_1_004,村山 源,1,4,,
2025_1_005,田上 優弥,1,5,,
2025_1_007,宇都宮 葵星,1,7,,
2025_1_008,相澤 白虎,1,8,,
2025_1_025,竹下 徠空,1,25,,
2025_1_027,北村 流音,1,27,,
2025_1_003,鈴木 大和,1,3,,
2025_1_013,ティマ,1,13,,
2025_1_031,三塚 琉生,1,31,,
2025_1_033,平山 功太,1,33,,
2025_1_037,フルプ,1,37,,
2025_1_044,大城 元,1,44,,
2025_1_051,舟越 秀虎,1,51,,
2025_5_11,アビラ,5,11,,
2025_5_12,石山 泰稚,5,12,,
2025_5_15,中村 優斗,5,15,,
2025_5_17,清水 昇,5,17,,
2025_5_18,奥川 恭伸,5,18,,
2025_5_19,石川 雅規,5,19,,
2025_5_20,木澤 尚文,5,20,,
2025_5_21,吉村 貢司郎,5,21,,
2025_5_24,星 知弥,5,24,,
2025_5_26,山野 太一,5,26,,
2025_5_28,松本 健吾,5,28,,
2025_5_29,小川 泰弘,5,29,,
2025_5_30,荘司 宏太,5,30,,
2025_5_34,田口 麗斗,5,34,,
2025_5_35,石原 勇輝,5,35,,
2025_5_39,ランバート,5,39,,
2025_5_40,高梨 裕稔,5,40,,
2025_5_41,矢崎 拓也,5,41,,
2025_5_43,山本 大貴,5,43,,
2025_5_44,大西 広樹,5,44,,
2025_5_45,小澤 怜史,5,45,,
2025_5_47,高橋 奎二,5,47,,
2025_5_48,金久保 優斗,5,48,,
2025_5_49,山下 輝,5,49,,
2025_5_52,原 樹理,5,52,,
2025_5_53,長谷川 宙輝,5,53,,
2025_5_56,坂本 拓己,5,56,,
2025_5_58,バウマン,5,58,,
2025_5_61,宮川 哲,5,61,,
2025_5_62,竹山 日向,5,62,,
2025_5_66,阪口 皓亮,5,66,,
2025_5_68,丸山 翔大,5,68,,
2025_5_012,廣澤 優,5,12,,
2025_5_013,下川 隼佑,5,13,,
2025_5_014,西舘 昂汰,5,14,,
2025_5_015,沼田 翔平,5,15,,
2025_5_016,西濱 勇星,5,16,,
2025_5_017,翔聖,5,17,,
2025_5_018,鈴木 康平,5,18,,
2025_5_019,佐藤 琢磨,5,19,,
2025_5_2,古賀 優大,5,2,,
2025_5_27,中村 悠平,5,27,,
2025_5_32,松本 直樹,5,32,,
2025_5_33,内山 壮真,5,33,,
2025_5_57,矢野 泰二郎,5,57,,
2025_5_65,鈴木 叶,5,65,,
2025_5_90,中川 拓真,5,90,,
2025_5_93,橋本 星哉,5,93,,
2025_5_00,赤羽 由紘,5,0,,
2025_5_1,山田 哲人,5,1,,
2025_5_5,川端 慎吾,5,5,,
2025_5_7,長岡 秀樹,5,7,,
2025_5_8,茂木 栄五郎,5,8,,
2025_5_10,宮本 丈,5,10,,
2025_5_13,オスナ,5,13,,
2025_5_36,西村 瑠伊斗,5,36,,
2025_5_38,北村 拓己,5,38,,
2025_5_50,北村 恵吾,5,50,,
2025_5_54,田中 陽翔,5,54,,
2025_5_55,村上 宗隆,5,55,,
2025_5_60,武岡 龍世,5,60,,
2025_5_67,伊藤 琉偉,5,67,,
2025_5_0,並木 秀尊,5,0,,
2025_5_3,西川 遥輝,5,3,,
2025_5_4,丸山 和郁,5,4,,
2025_5_9,塩見 泰隆,5,9,,
2025_5_25,サンタナ,5,25,,
2025_5_31,モイセエフ ニキータ,5,31,,
2025_5_42,澤井 廉,5,42,,
2025_5_46,太田 賢吾,5,46,,
2025_5_51,濱田 太貴,5,51,,
2025_5_63,増田 珠,5,63,,
2025_5_64,岩田 幸宏,5,64,,
2025_5_022,松本 龍之介,5,22,,
2025_5_023,澤野 聖悠,5,23,,
2025_5_025,根岸 辰昇,5,25,,
2025_5_026,髙野 颯太,5,26,,
2025_3_11,東 克樹,3,11,,
2025_3_12,竹田 祐,3,12,,
2025_3_13,伊勢 大夢,3,13,,
2025_3_14,石田 健大,3,14,,
2025_3_15,徳山 壮磨,3,15,,
2025_3_16,大貫 晋一,3,16,,
2025_3_17,三嶋 一輝,3,17,,
2025_3_18,小園 健太,3,18,,
2025_3_19,山﨑 康晃,3,19,,
2025_3_20,坂本 裕哉,3,20,,
2025_3_22,入江 大生,3,22,,
2025_3_24,吉野 光樹,3,24,,
2025_3_30,篠木 健太郎,3,30,,
2025_3_34,松本 凌人,3,34,,
2025_3_36,森下 瑠大,3,36,,
2025_3_38,森 唯斗,3,38,,
2025_3_39,若松 尚輝,3,39,,
2025_3_40,松本 隆之介,3,40,,
2025_3_41,佐々木 千隼,3,41,,
2025_3_42,ジャクソン,3,42,,
2025_3_45,森原 康平,3,45,,
2025_3_46,坂口 翔颯,3,46,,
2025_3_48,京山 将弥,3,48,,
2025_3_52,浜地 真澄,3,52,,
2025_3_53,颯,3,53,,
2025_3_54,石田 裕太郎,3,54,,
2025_3_59,平良 拳太郎,3,59,,
2025_3_62,ウィック,3,62,,
2025_3_64,中川 虎大,3,64,,
2025_3_65,宮城 滝太,3,65,,
2025_3_68,岩田 将貴,3,68,,
2025_3_69,ケイ,3,69,,
2025_3_91,庄司 陽斗,3,91,,
2025_3_92,堀岡 隼人,3,92,,
2025_3_93,ディアス,3,93,,
2025_3_96,バウアー,3,96,,
2025_3_035,橋本 達弥,3,35,,
2025_3_043,深沢 鳳介,3,43,,
2025_3_101,草野 陽斗,3,101,,
2025_3_102,清水 麻成,3,102,,
2025_3_103,金渕 光希,3,103,,
2025_3_107,マルセリーノ,3,107,,
2025_3_108,今野 瑠斗,3,108,,
2025_3_111,吉岡 暖,3,111,,
2025_3_199,笠谷 俊介,3,199,,
2025_3_5,松尾 汐恩,3,5,,
2025_3_10,戸柱 恭孝,3,10,,
2025_3_29,伊藤 光,3,29,,
2025_3_32,益子 京右,3,32,,
2025_3_50,山本 祐大,3,50,,
2025_3_57,東妻 純平,3,57,,
2025_3_95,九鬼 隆平,3,95,,
2025_3_00,林 琢真,3,0,,
2025_3_2,牧 秀悟,3,2,,
2025_3_3,オースティン,3,3,,
2025_3_6,森 敬斗,3,6,,
2025_3_9,京田 陽太,3,9,,
2025_3_26,三森 大貴,3,26,,
2025_3_31,柴田 竜拓,3,31,,
2025_3_37,加藤 響,3,37,,
2025_3_44,石上 泰輝,3,44,,
2025_3_51,宮﨑 敏郎,3,51,,
2025_3_55,井上 絢登,3,55,,
2025_3_56,田内 真翔,3,56,,
2025_3_60,知野 直人,3,60,,
2025_3_1,桑原 将志,3,1,,
2025_3_4,度会 隆輝,3,4,,
2025_3_7,佐野 恵太,3,7,,
2025_3_8,神里 和毅,3,8,,
2025_3_25,筒香 嘉智,3,25,,
2025_3_28,勝又 温史,3,28,,
2025_3_33,武田 陸玖,3,33,,
2025_3_58,梶原 昂希,3,58,,
2025_3_61,蝦名 達夫,3,61,,
2025_3_63,関根 大気,3,63,,
2025_3_127,上甲 凌大,3,127,,
2025_3_130,近藤 大雅,3,130,,
2025_3_100,蓮,3,100,,
2025_3_125,小笠原 蒼,3,125,,
2025_3_129,西巻 賢二,3,129,,
2025_3_133,粟飯原 龍之介,3,133,,
2025_3_193,高見澤 郁魅,3,193,,
2025_3_155,小針 大輝,3,155,,
2025_6_13,橋本 侑樹,6,13,,
2025_6_14,草加 勝,6,14,,
2025_6_16,岩嵜 翔,6,16,,
2025_6_17,柳 裕也,6,17,,
2025_6_18,梅津 晃大,6,18,,
2025_6_19,髙橋 宏斗,6,19,,
2025_6_20,涌井 秀章,6,20,,
2025_6_21,金丸 夢斗,6,21,,
2025_6_22,大野 雄大,6,22,,
2025_6_26,仲地 礼亜,6,26,,
2025_6_28,森 博人,6,28,,
2025_6_29,松木平 優太,6,29,,
2025_6_30,根尾 昂,6,30,,
2025_6_32,伊藤 茉央,6,32,,
2025_6_33,祖父江 大輔,6,33,,
2025_6_34,福 敬登,6,34,,
2025_6_36,福田 幸之介,6,36,,
2025_6_38,松葉 貴大,6,38,,
2025_6_41,勝野 昌慶,6,41,,
2025_6_46,梅野 雄吾,6,46,,
2025_6_47,吉田 聖弥,6,47,,
2025_6_48,土生 翔太,6,48,,
2025_6_50,清水 達也,6,50,,
2025_6_52,マルテ,6,52,,
2025_6_54,藤嶋 健人,6,54,,
2025_6_59,齋藤 綱記,6,59,,
2025_6_61,高橋 幸佑,6,61,,
2025_6_64,有馬 惠叶,6,64,,
2025_6_69,三浦 瑞樹,6,69,,
2025_6_70,近藤 廉,6,70,,
2025_6_90,松山 晋也,6,90,,
2025_6_91,メヒア,6,91,,
2025_6_93,マラー,6,93,,
2025_6_94,ウォルターズ,6,94,,
2025_6_203,井上 剣也,6,203,,
2025_6_208,石川 翔,6,208,,
2025_6_210,岡田 俊哉,6,210,,
2025_6_212,野中 天翔,6,212,,
2025_6_213,森山 暁生,6,213,,
2025_6_216,菊田 翔友,6,216,,
2025_6_219,マルティネス,6,219,,
2025_6_9,石伊 雄太,6,9,,
2025_6_35,木下 拓哉,6,35,,
2025_6_39,宇佐見 真吾,6,39,,
2025_6_43,味谷 大誠,6,43,,
2025_6_49,加藤 匠馬,6,49,,
2025_6_57,山浅 龍之介,6,57,,
2025_6_58,石橋 康太,6,58,,
2025_6_0,辻本 倫太郎,6,0,,
2025_6_2,田中 幹也,6,2,,
2025_6_3,高橋 周平,6,3,,
2025_6_4,カリステ,6,4,,
2025_6_5,村松 開人,6,5,,
2025_6_6,中田 翔,6,6,,
2025_6_7,福永 裕基,6,7,,
2025_6_25,石川 昂弥,6,25,,
2025_6_27,津田 啓史,6,27,,
2025_6_31,森 駿太,6,31,,
2025_6_45,土田 龍空,6,45,,
2025_6_60,山本 泰寛,6,60,,
2025_6_63,板山 祐太郎,6,63,,
2025_6_95,ロドリゲス,6,95,,
2025_6_97,樋口 正修,6,97,,
2025_6_00,尾田 剛樹,6,0,,
2025_6_1,岡林 勇希,6,1,,
2025_6_8,大島 洋平,6,8,,
2025_6_24,ボスラー,6,24,,
2025_6_37,濱 将乃介,6,37,,
2025_6_42,ブライト 健太,6,42,,
2025_6_44,川越 誠司,6,44,,
2025_6_51,上林 誠知,6,51,,
2025_6_53,駿太,6,53,,
2025_6_55,細川 成也,6,55,,
2025_6_66,鵜飼 航丞,6,66,,
2025_6_215,日渡 騰輝,6,215,,
2025_6_202,中村 奈一輝,6,202,,
2025_6_207,星野 真生,6,207,,
2025_6_218,川上 理偉,6,218,,
2025_6_201,加藤 竜馬,6,201,,
2025_6_209,福元 悠真,6,209,,
2025_6_220,モニエル,6,220,,
2025_2_00,ゲラ,2,0,,
2025_2_13,岩崎 優,2,13,,
2025_2_14,岩貞 祐太,2,14,,
2025_2_15,西 純矢,2,15,,
2025_2_16,西 勇輝,2,16,,
2025_2_18,伊原 陵人,2,18,,
2025_2_19,下村 海翔,2,19,,
2025_2_20,デュプランティエ,2,20,,
2025_2_24,工藤 泰成,2,24,,
2025_2_26,椎葉 剛,2,26,,
2025_2_27,伊藤 将司,2,27,,
2025_2_28,今朝丸 裕喜,2,28,,
2025_2_29,髙橋 遥人,2,29,,
2025_2_30,門別 啓人,2,30,,
2025_2_34,漆原 大晟,2,34,,
2025_2_35,才木 浩人,2,35,,
2025_2_36,畠 世周,2,36,,
2025_2_37,及川 雅貴,2,37,,
2025_2_41,村上 頌樹,2,41,,
2025_2_42,ネルソン,2,42,,
2025_2_46,島本 浩也,2,46,,
2025_2_47,桐敷 拓馬,2,47,,
2025_2_48,茨木 秀俊,2,48,,
2025_2_49,大竹 耕太郎,2,49,,
2025_2_50,富田 蓮,2,50,,
2025_2_54,木下 里都,2,54,,
2025_2_63,石黒 佑弥,2,63,,
2025_2_64,岡留 英貴,2,64,,
2025_2_65,湯浅 京己,2,65,,
2025_2_66,津田 淳哉,2,66,,
2025_2_69,石井 大智,2,69,,
2025_2_92,川原 陸,2,92,,
2025_2_98,佐藤 蓮,2,98,,
2025_2_99,ビーズリー,2,99,,
2025_2_120,森木 大智,2,120,,
2025_2_121,鈴木 勇斗,2,121,,
2025_2_122,小川 一平,2,122,,
2025_2_123,松原 快,2,123,,
2025_2_125,伊藤 稜,2,125,,
2025_2_129,早川 太貴,2,129,,
2025_2_131,ベタンセス,2,131,,
2025_2_132,マルティネス,2,132,,
2025_2_2,梅野 隆太郎,2,2,,
2025_2_12,坂本 誠志郎,2,12,,
2025_2_39,榮枝 裕貴,2,39,,
2025_2_43,町田 隼乙,2,43,,
2025_2_57,長坂 拳弥,2,57,,
2025_2_59,藤田 健斗,2,59,,
2025_2_68,中川 勇斗,2,68,,
2025_2_0,木浪 聖也,2,0,,
2025_2_3,大山 悠輔,2,3,,
2025_2_4,熊谷 敬宥,2,4,,
2025_2_8,佐藤 輝明,2,8,,
2025_2_25,渡邉 諒,2,25,,
2025_2_33,糸原 健斗,2,33,,
2025_2_38,小幡 竜平,2,38,,
2025_2_44,戸井 零士,2,44,,
2025_2_45,佐野 大陽,2,45,,
2025_2_51,中野 拓夢,2,51,,
2025_2_52,山田 脩也,2,52,,
2025_2_56,百﨑 蒼生,2,56,,
2025_2_62,植田 海,2,62,,
2025_2_67,髙寺 望夢,2,67,,
2025_2_94,原口 文仁,2,94,,
2025_2_95,ヘルナンデス,2,95,,
2025_2_1,森下 翔太,2,1,,
2025_2_5,近本 光司,2,5,,
2025_2_32,井上 広大,2,32,,
2025_2_40,井坪 陽生,2,40,,
2025_2_53,島田 海吏,2,53,,
2025_2_55,楠本 泰史,2,55,,
2025_2_58,前川 右京,2,58,,
2025_2_60,小野寺 暖,2,60,,
2025_2_61,豊田 寛,2,61,,
2025_2_97,野口 恭佑,2,97,,
2025_2_128,嶋村 麟士朗,2,128,,
2025_2_130,川﨑 俊哲,2,130,,
2025_2_133,アルナエス,2,133,,
2025_2_126,福島 圭音,2,126,,
2025_2_134,コンスエグラ,2,134,,
2025_4_12,大道 温貴,4,12,,
2025_4_13,森浦 大輔,4,13,,
2025_4_14,大瀬良 大地,4,14,,
2025_4_16,森 翔平,4,16,,
2025_4_17,常廣 羽也斗,4,17,,
2025_4_18,森下 暢仁,4,18,,
2025_4_19,床田 寛樹,4,19,,
2025_4_20,栗林 良吏,4,20,,
2025_4_21,中﨑 翔太,4,21,,
2025_4_22,髙 太一,4,22,,
2025_4_24,黒原 拓未,4,24,,
2025_4_26,益田 武尚,4,26,,
2025_4_28,佐藤 柳之介,4,28,,
2025_4_29,ケムナ 誠,4,29,,
2025_4_30,滝田 一希,4,30,,
2025_4_34,高橋 昂也,4,34,,
2025_4_35,赤塚 健利,4,35,,
2025_4_36,塹江 敦哉,4,36,,
2025_4_39,長谷部 銀次,4,39,,
2025_4_41,鈴木 健矢,4,41,,
2025_4_42,ドミンゲス,4,42,,
2025_4_43,島内 颯太郎,4,43,,
2025_4_45,松本 竜也,4,45,,
2025_4_46,河野 佳,4,46,,
2025_4_47,斉藤 優汰,4,47,,
2025_4_48,アドゥワ 誠,4,48,,
2025_4_53,岡本 駿,4,53,,
2025_4_65,玉村 昇悟,4,65,,
2025_4_66,遠藤 淳志,4,66,,
2025_4_67,菊地 ハルン,4,67,,
2025_4_68,ハーン,4,68,,
2025_4_70,日髙 暖己,4,70,,
2025_4_120,杉田 健,4,120,,
2025_4_123,小船 翼,4,123,,
2025_4_125,辻 大雅,4,125,,
2025_4_126,竹下 海斗,4,126,,
2025_4_128,杉原 望来,4,128,,
2025_4_129,小林 樹斗,4,129,,
2025_4_27,會澤 翼,4,27,,
2025_4_31,坂倉 将吾,4,31,,
2025_4_32,石原 貴規,4,32,,
2025_4_40,磯村 嘉孝,4,40,,
2025_4_57,持丸 泰輝,4,57,,
2025_4_62,清水 叶人,4,62,,
2025_4_64,髙木 翔斗,4,64,,
2025_4_00,羽月 隆太郎,4,0,,
2025_4_0,上本 崇司,4,0,,
2025_4_2,田中 広輔,4,2,,
2025_4_4,矢野 雅哉,4,4,,
2025_4_5,小園 海斗,4,5,,
2025_4_7,堂林 翔太,4,7,,
2025_4_10,佐々木 泰,4,10,,
2025_4_33,菊池 涼介,4,33,,
2025_4_44,林 晃汰,4,44,,
2025_4_49,渡邉 悠斗,4,49,,
2025_4_54,韮澤 雄也,4,54,,
2025_4_58,仲田 侑仁,4,58,,
2025_4_63,内田 湘大,4,63,,
2025_4_69,山足 達也,4,69,,
2025_4_94,佐藤 啓介,4,94,,
2025_4_95,モンテロ,4,95,,
2025_4_99,二俣 翔一,4,99,,
2025_4_9,秋山 翔吾,4,9,,
2025_4_37,野間 峻祥,4,37,,
2025_4_38,宇草 孔基,4,38,,
2025_4_50,中村 健人,4,50,,
2025_4_52,末包 昇大,4,52,,
2025_4_55,松山 竜平,4,55,,
2025_4_56,久保 修,4,56,,
2025_4_59,大盛 穂,4,59,,
2025_4_60,田村 俊介,4,60,,
2025_4_61,ファビアン,4,61,,
2025_4_96,中村 奨成,4,96,,
2025_4_97,中村 貴浩,4,97,,
2025_4_122,安竹 俊喜,4,122,,
2025_4_127,前川 誠太,4,127,,
2025_4_130,ラミレス,4,130,,
2025_4_121,名原 典彦,4,121,,
2025_4_131,ロベルト,4,131,,
2025_12_11,上田 大河,12,11,,
2025_12_12,渡邉 勇太朗,12,12,,
2025_12_13,髙橋 光成,12,13,,
2025_12_15,與座 海人,12,15,,
2025_12_16,隅田 知一郎,12,16,,
2025_12_17,松本 航,12,17,,
2025_12_19,佐藤 隼輔,12,19,,
2025_12_20,田村 伊知郎,12,20,,
2025_12_21,武内 夏暉,12,21,,
2025_12_23,糸川 亮太,12,23,,
2025_12_25,平井 克典,12,25,,
2025_12_29,青山 美夏人,12,29,,
2025_12_34,甲斐野 央,12,34,,
2025_12_36,山田 陽翔,12,36,,
2025_12_41,成田 晴風,12,41,,
2025_12_42,ボー・タカハシ,12,42,,
2025_12_43,羽田 慎之介,12,43,,
2025_12_45,ウィンゲンター,12,45,,
2025_12_46,狩生 聖真,12,46,,
2025_12_47,杉山 遙希,12,47,,
2025_12_48,今井 達也,12,48,,
2025_12_52,篠原 響,12,52,,
2025_12_54,黒木 優太,12,54,,
2025_12_56,E.ラミレス,12,56,,
2025_12_57,黒田 将矢,12,57,,
2025_12_58,中村 祐太,12,58,,
2025_12_61,平良 海馬,12,61,,
2025_12_69,水上 由伸,12,69,,
2025_12_70,豆田 泰志,12,70,,
2025_12_71,菅井 信也,12,71,,
2025_12_111,浜屋 将太,12,111,,
2025_12_112,大曲 錬,12,112,,
2025_12_114,上間 永遠,12,114,,
2025_12_115,佐々木 健,12,115,,
2025_12_116,ロペス,12,116,,
2025_12_117,宮澤 太成,12,117,,
2025_12_120,井上 広輝,12,120,,
2025_12_121,三浦 大輝,12,121,,
2025_12_123,冨士 大和,12,123,,
2025_12_125,シンクレア,12,125,,
2025_12_127,森脇 亮介,12,127,,
2025_12_129,川下 将勲,12,129,,
2025_12_131,木瀬 翔太,12,131,,
2025_12_133,佐藤 爽,12,133,,
2025_12_22,古賀 悠斗,12,22,,
2025_12_27,炭谷 銀仁朗,12,27,,
2025_12_37,柘植 世那,12,37,,
2025_12_53,牧野 翔矢,12,53,,
2025_12_64,龍山 暖,12,64,,
2025_12_65,古市 尊,12,65,,
2025_12_00,仲田 慶介,12,0,,
2025_12_0,児玉 亮涼,12,0,,
2025_12_2,齋藤 大翔,12,2,,
2025_12_4,山野辺 翔,12,4,,
2025_12_5,外崎 修汰,12,5,,
2025_12_6,源田 壮亮,12,6,,
2025_12_10,佐藤 龍世,12,10,,
2025_12_30,元山 飛優,12,30,,
2025_12_32,山村 崇嘉,12,32,,
2025_12_39,平沢 大河,12,39,,
2025_12_40,セデーニョ,12,40,,
2025_12_50,髙松 渡,12,50,,
2025_12_59,古賀 輝希,12,59,,
2025_12_60,中村 剛也,12,60,,
2025_12_62,滝澤 夏央,12,62,,
2025_12_66,渡部 健人,12,66,,
2025_12_67,野村 大樹,12,67,,
2025_12_99,村田 怜音,12,99,,
2025_12_1,栗山 巧,12,1,,
2025_12_8,渡部 聖弥,12,8,,
2025_12_9,蛭間 拓哉,12,9,,
2025_12_26,ネビン,12,26,,
2025_12_31,平沼 翔太,12,31,,
2025_12_33,古川 雄大,12,33,,
2025_12_35,松原 聖弥,12,35,,
2025_12_44,林 冠臣,12,44,,
2025_12_51,西川 愛也,12,51,,
2025_12_63,長谷川 信哉,12,63,,
2025_12_68,岸 潤一郎,12,68,,
2025_12_75,奥村 光一,12,75,,
2025_12_113,野田 海人,12,113,,
2025_12_122,是澤 涼輔,12,122,,
2025_12_118,野村 和輝,12,118,,
2025_12_126,谷口 朝陽,12,126,,
2025_12_128,佐藤 太陽,12,128,,
2025_12_130,金子 功児,12,130,,
2025_12_134,川野 涼太,12,134,,
2025_12_138,福尾 遥真,12,138,,
2025_12_119,モンテル,12,119,,
2025_12_124,ガルシア,12,124,,
2025_12_132,ラマル,12,132,,
2025_12_135,仲三河 優太,12,135,,
2025_12_137,澤田 遥斗,12,137,,
2025_12_139,オケム,12,139,,
2025_8_12,矢澤 宏太,8,12,,
2025_8_13,生田目 翼,8,13,,
2025_8_14,加藤 貴之,8,14,,
2025_8_16,達 孝太,8,16,,
2025_8_17,伊藤 大海,8,17,,
2025_8_18,山﨑 福也,8,18,,
2025_8_19,玉井 大翔,8,19,,
2025_8_20,上原 健太,8,20,,
2025_8_22,杉浦 稔大,8,22,,
2025_8_24,金村 尚真,8,24,,
2025_8_25,宮西 尚生,8,25,,
2025_8_26,田中 正義,8,26,,
2025_8_28,河野 竜生,8,28,,
2025_8_29,細野 晴希,8,29,,
2025_8_31,柴田 獅子,8,31,,
2025_8_32,藤田 琉生,8,32,,
2025_8_34,堀 瑞輝,8,34,,
2025_8_35,浅利 太門,8,35,,
2025_8_37,古林 睿煬,8,37,,
2025_8_40,福田 俊,8,40,,
2025_8_41,福谷 浩司,8,41,,
2025_8_42,ザバラ,8,42,,
2025_8_45,バーヘイゲン,8,45,,
2025_8_46,畔柳 亨丞,8,46,,
2025_8_48,齋藤 友貴哉,8,48,,
2025_8_51,石川 直也,8,51,,
2025_8_52,池田 隆英,8,52,,
2025_8_55,松浦 慶斗,8,55,,
2025_8_57,北山 亘基,8,57,,
2025_8_59,根本 悠楓,8,59,,
2025_8_62,清水 大暉,8,62,,
2025_8_63,山城 航太郎,8,63,,
2025_8_67,山本 拓実,8,67,,
2025_8_93,松岡 洸希,8,93,,
2025_8_94,福島 蓮,8,94,,
2025_8_95,柳川 大晟,8,95,,
2025_8_113,加藤 大和,8,113,,
2025_8_114,松本 遼大,8,114,,
2025_8_115,清宮 虎多朗,8,115,,
2025_8_121,川勝 空人,8,121,,
2025_8_122,澁谷 純希,8,122,,
2025_8_126,中山 晶量,8,126,,
2025_8_128,山本 晃大,8,128,,
2025_8_154,安西 叶翔,8,154,,
2025_8_162,宮内 春輝,8,162,,
2025_8_163,北浦 竜次,8,163,,
2025_8_196,孫 易磊,8,196,,
2025_8_2,マルティネス,8,2,,
2025_8_10,清水 優心,8,10,,
2025_8_23,伏見 寅威,8,23,,
2025_8_27,古川 裕大,8,27,,
2025_8_30,郡司 裕也,8,30,,
2025_8_33,進藤 勇也,8,33,,
2025_8_60,吉田 賢吾,8,60,,
2025_8_64,田宮 裕涼,8,64,,
2025_8_98,梅林 優貴,8,98,,
2025_8_4,上川畑 大悟,8,4,,
2025_8_5,野村 佑希,8,5,,
2025_8_9,中島 卓也,8,9,,
2025_8_21,清宮 幸太郎,8,21,,
2025_8_38,石井 一成,8,38,,
2025_8_39,有薗 直輝,8,39,,
2025_8_43,水野 達稀,8,43,,
2025_8_44,阪口 樂,8,44,,
2025_8_49,若林 晃弘,8,49,,
2025_8_54,山縣 秀,8,54,,
2025_8_56,細川 凌平,8,56,,
2025_8_58,奈良間 大己,8,58,,
2025_8_65,明瀬 諒介,8,65,,
2025_8_7,松本 剛,8,7,,
2025_8_8,淺間 大基,8,8,,
2025_8_36,宮崎 一樹,8,36,,
2025_8_50,五十幡 亮汰,8,50,,
2025_8_53,水谷 瞬,8,53,,
2025_8_61,今川 優馬,8,61,,
2025_8_66,万波 中正,8,66,,
2025_8_68,星野 ひので,8,68,,
2025_8_99,レイエス,8,99,,
2025_8_150,マイカ与那嶺,8,150,,
2025_8_111,濵田 泰希,8,111,,
2025_8_112,平田 大樹,8,112,,
2025_8_125,藤田 大清,8,125,,
2025_8_127,山口 アタル,8,127,,
2025_9_11,澤村 拓一,9,11,,
2025_9_12,石川 歩,9,12,,
2025_9_14,小島 和哉,9,14,,
2025_9_15,美馬 学,9,15,,
2025_9_16,種市 篤暉,9,16,,
2025_9_18,二木 康太,9,18,,
2025_9_19,唐川 侑己,9,19,,
2025_9_21,石川 柊太,9,21,,
2025_9_24,東妻 勇輔,9,24,,
2025_9_28,菊地 吏玖,9,28,,
2025_9_29,西野 勇士,9,29,,
2025_9_30,廣畑 敦也,9,30,,
2025_9_31,大谷 輝龍,9,31,,
2025_9_33,八木 彬,9,33,,
2025_9_34,高野 脩汰,9,34,,
2025_9_35,田中 晴也,9,35,,
2025_9_36,坂本 光士郎,9,36,,
2025_9_37,小野 郁,9,37,,
2025_9_40,西村 天裕,9,40,,
2025_9_41,一條 力真,9,41,,
2025_9_42,サモンズ,9,42,,
2025_9_46,岩下 大輝,9,46,,
2025_9_47,鈴木 昭汰,9,47,,
2025_9_48,中村 稔弥,9,48,,
2025_9_52,益田 直也,9,52,,
2025_9_53,木村 優人,9,53,,
2025_9_54,ボス,9,54,,
2025_9_56,中森 俊介,9,56,,
2025_9_58,河村 説人,9,58,,
2025_9_59,早坂 響,9,59,,
2025_9_60,横山 陸人,9,60,,
2025_9_62,坂井 遼,9,62,,
2025_9_64,廣池 康志郎,9,64,,
2025_9_66,澤田 圭佑,9,66,,
2025_9_92,国吉 佑樹,9,92,,
2025_9_97,ゲレーロ,9,97,,
2025_9_120,田中 楓基,9,120,,
2025_9_121,本前 郁也,9,121,,
2025_9_122,森 遼大朗,9,122,,
2025_9_123,秋山 正雲,9,123,,
2025_9_124,中村 亮太,9,124,,
2025_9_125,永島田 輝斗,9,125,,
2025_9_127,吉川 悠斗,9,127,,
2025_9_131,茨木 佑太,9,131,,
2025_9_132,長島 幸佑,9,132,,
2025_9_133,武内 涼太,9,133,,
2025_9_139,パラシオス,9,139,,
2025_9_2,松川 虎生,9,2,,
2025_9_27,田村 龍弘,9,27,,
2025_9_32,佐藤 都志也,9,32,,
2025_9_45,植田 将太,9,45,,
2025_9_55,柿沼 友哉,9,55,,
2025_9_65,寺地 隆成,9,65,,
2025_9_00,池田 来翔,9,0,,
2025_9_4,友杉 篤輝,9,4,,
2025_9_5,安田 尚憲,9,5,,
2025_9_7,藤岡 裕大,9,7,,
2025_9_8,中村 奨吾,9,8,,
2025_9_10,上田 希由翔,9,10,,
2025_9_39,大下 誠一郎,9,39,,
2025_9_43,石垣 雅海,9,43,,
2025_9_44,宮崎 竜成,9,44,,
2025_9_49,立松 由宇,9,49,,
2025_9_57,小川 龍成,9,57,,
2025_9_67,茶谷 健太,9,67,,
2025_9_68,金田 優太,9,68,,
2025_9_99,ソト,9,99,,
2025_9_0,荻野 貴司,9,0,,
2025_9_1,藤原 恭大,9,1,,
2025_9_3,角中 勝也,9,3,,
2025_9_6,西川 史礁,9,6,,
2025_9_22,ポランコ,9,22,,
2025_9_23,石川 慎吾,9,23,,
2025_9_25,岡 大海,9,25,,
2025_9_38,髙部 瑛斗,9,38,,
2025_9_50,愛斗,9,50,,
2025_9_51,山口 航輝,9,51,,
2025_9_61,山本 大斗,9,61,,
2025_9_63,和田 康士朗,9,63,,
2025_9_137,富山 紘之進,9,137,,
2025_9_129,勝又 琉偉,9,129,,
2025_9_130,谷村 剛,9,130,,
2025_9_134,松石 信八,9,134,,
2025_9_135,髙野 光海,9,135,,
2025_9_136,藤田 和樹,9,136,,
2025_9_138,マーティン,9,138,,
2025_9_140,アセベド,9,140,,
2025_10_11,岸 孝之,10,11,,
2025_10_14,則本 昂大,10,14,,
2025_10_15,ハワード,10,15,,
2025_10_17,古謝 樹,10,17,,
2025_10_19,荘司 康誠,10,19,,
2025_10_20,ターリー,10,20,,
2025_10_21,早川 隆久,10,21,,
2025_10_22,小孫 竜二,10,22,,
2025_10_26,中込 陽翔,10,26,,
2025_10_28,酒居 知史,10,28,,
2025_10_29,德山 一翔,10,29,,
2025_10_31,渡辺 翔太,10,31,,
2025_10_38,弓削 隼人,10,38,,
2025_10_40,江原 雅裕,10,40,,
2025_10_41,加治屋 蓮,10,41,,
2025_10_43,宋 家豪,10,43,,
2025_10_45,松井 友飛,10,45,,
2025_10_46,藤平 尚真,10,46,,
2025_10_47,藤井 聖,10,47,,
2025_10_49,西垣 雅矢,10,49,,
2025_10_52,津留﨑 大成,10,52,,
2025_10_53,坂井 陽翔,10,53,,
2025_10_54,日當 直喜,10,54,,
2025_10_56,鈴木 翔天,10,56,,
2025_10_57,瀧中 瞭太,10,57,,
2025_10_58,辛島 航,10,58,,
2025_10_59,泰 勝利,10,59,,
2025_10_61,松田 啄磨,10,61,,
2025_10_62,西口 直人,10,62,,
2025_10_64,林 優樹,10,64,,
2025_10_66,今野 龍太,10,66,,
2025_10_67,大内 誠弥,10,67,,
2025_10_69,内 星龍,10,69,,
2025_10_71,柴田 大地,10,71,,
2025_10_72,宮森 智志,10,72,,
2025_10_89,ヤフーレ,10,89,,
2025_10_017,王 彦程,10,17,,
2025_10_130,古賀 康誠,10,130,,
2025_10_197,蕭 齊,10,197,,
2025_10_2,太田 光,10,2,,
2025_10_44,田中 貴也,10,44,,
2025_10_55,安田 悠馬,10,55,,
2025_10_65,堀内 謙伍,10,65,,
2025_10_70,石原 彪,10,70,,
2025_10_0,小深田 大翔,10,0,,
2025_10_1,宗山 塁,10,1,,
2025_10_3,浅村 栄斗,10,3,,
2025_10_4,阿部 寿樹,10,4,,
2025_10_6,村林 一輝,10,6,,
2025_10_7,鈴木 大地,10,7,,
2025_10_23,フランコ,10,23,,
2025_10_24,黒川 史陽,10,24,,
2025_10_34,山﨑 剛,10,34,,
2025_10_39,伊藤 裕季也,10,39,,
2025_10_42,山田 遥楓,10,42,,
2025_10_48,渡邊 佳明,10,48,,
2025_10_60,ワォーターズ 璃海ジュミル,10,60,,
2025_10_63,入江 大樹,10,63,,
2025_10_68,青野 拓海,10,68,,
2025_10_73,小森 航大郎,10,73,,
2025_10_75,陽 柏翔,10,75,,
2025_10_8,辰己 涼介,10,8,,
2025_10_25,田中 和基,10,25,,
2025_10_27,岡島 豪郎,10,27,,
2025_10_32,中島 大輔,10,32,,
2025_10_35,島内 宏明,10,35,,
2025_10_36,吉納 翼,10,36,,
2025_10_50,武藤 敦貴,10,50,,
2025_10_51,小郷 裕哉,10,51,,
2025_10_78,吉野 創士,10,78,,
2025_10_79,前田 銀治,10,79,,
2025_10_022,水上 桂,10,22,,
2025_10_137,江川 侑斗,10,137,,
2025_10_030,平良 竜哉,10,30,,
2025_10_078,辰見 鴻之介,10,78,,
2025_10_131,永田 颯太郎,10,131,,
2025_10_132,岸本 佑也,10,132,,
2025_11_00,エスピノーザ,11,0,,
2025_11_11,山下 舜平大,11,11,,
2025_11_12,東 晃平,11,12,,
2025_11_13,寺西 成騎,11,13,,
2025_11_14,宇田川 優希,11,14,,
2025_11_15,椋木 蓮,11,15,,
2025_11_16,平野 佳寿,11,16,,
2025_11_17,曽谷 龍平,11,17,,
2025_11_18,宮城 大弥,11,18,,
2025_11_19,山岡 泰輔,11,19,,
2025_11_20,阿部 翔太,11,20,,
2025_11_21,山﨑 颯一郎,11,21,,
2025_11_22,九里 亜蓮,11,22,,
2025_11_23,吉田 輝星,11,23,,
2025_11_26,齋藤 響介,11,26,,
2025_11_28,富山 凌雅,11,28,,
2025_11_29,田嶋 大樹,11,29,,
2025_11_35,古田島 成龍,11,35,,
2025_11_42,マチャド,11,42,,
2025_11_45,東山 玲士,11,45,,
2025_11_46,本田 仁海,11,46,,
2025_11_47,山口 廉王,11,47,,
2025_11_48,東松 快征,11,48,,
2025_11_49,片山 楽生,11,49,,
2025_11_56,小木田 敦也,11,56,,
2025_11_57,山田 修義,11,57,,
2025_11_58,井口 和朋,11,58,,
2025_11_59,ペルドモ,11,59,,
2025_11_60,本田 圭佑,11,60,,
2025_11_66,博志,11,66,,
2025_11_93,佐藤 一磨,11,93,,
2025_11_94,川瀬 堅斗,11,94,,
2025_11_95,才木 海翔,11,95,,
2025_11_96,髙島 泰都,11,96,,
2025_11_98,権田 琉成,11,98,,
2025_11_017,陳 睦衡,11,17,,
2025_11_032,入山 海斗,11,32,,
2025_11_041,寿賀 弘都,11,41,,
2025_11_042,大江 海透,11,42,,
2025_11_043,宮國 凌空,11,43,,
2025_11_044,芦田 丈飛,11,44,,
2025_11_053,上原 堆我,11,53,,
2025_11_056,乾 健斗,11,56,,
2025_11_122,村西 良太,11,122,,
2025_11_123,横山 楓,11,123,,
2025_11_128,前 佑囲斗,11,128,,
2025_11_130,小野 泰己,11,130,,
2025_11_135,河内 康介,11,135,,
2025_11_2,若月 健矢,11,2,,
2025_11_4,森 友哉,11,4,,
2025_11_32,福永 奨,11,32,,
2025_11_37,石川 亮,11,37,,
2025_11_44,頓宮 裕真,11,44,,
2025_11_50,山中 稜真,11,50,,
2025_11_62,堀 柊那,11,62,,
2025_11_5,西野 真弘,11,5,,
2025_11_6,宗 佑磨,11,6,,
2025_11_9,野口 智哉,11,9,,
2025_11_10,大城 滉二,11,10,,
2025_11_24,紅林 弘太郎,11,24,,
2025_11_25,内藤 鵬,11,25,,
2025_11_30,廣岡 大志,11,30,,
2025_11_31,太田 椋,11,31,,
2025_11_34,横山 聖哉,11,34,,
2025_11_54,ディアス,11,54,,
2025_11_64,大里 昂生,11,64,,
2025_11_67,中川 圭太,11,67,,
2025_11_0,渡部 遼人,11,0,,
2025_11_7,西川 龍馬,11,7,,
2025_11_8,麦谷 祐介,11,8,,
2025_11_27,元 謙太,11,27,,
2025_11_33,杉澤 龍,11,33,,
2025_11_36,オリバレス,11,36,,
2025_11_38,来田 涼斗,11,38,,
2025_11_39,池田 陵真,11,39,,
2025_11_41,佐野 皓大,11,41,,
2025_11_61,茶野 篤政,11,61,,
2025_11_65,福田 周平,11,65,,
2025_11_99,杉本 裕太郎,11,99,,
2025_11_034,村上 喬一朗,11,34,,
2025_11_055,田島 光祐,11,55,,
2025_11_045,河野 聡太,11,45,,
2025_11_051,今坂 幸暉,11,51,,
2025_11_052,清水 武蔵,11,52,,
2025_11_124,遠藤 成,11,124,,
2025_11_125,デール,11,125,,
2025_11_126,香月 一也,11,126,,
2025_11_153,宜保 翔,11,153,,
2025_11_054,寺本 聖一,11,54,,
2025_7_2,スチュワート・ジュニア,7,2,,
2025_7_10,上沢 直之,7,10,,
2025_7_11,津森 宥紀,7,11,,
2025_7_13,濵口 遥大,7,13,,
2025_7_14,又吉 克樹,7,14,,
2025_7_16,東浜 巨,7,16,,
2025_7_17,有原 航平,7,17,,
2025_7_18,武田 翔太,7,18,,
2025_7_20,村上 泰斗,7,20,,
2025_7_26,大津 亮介,7,26,,
2025_7_27,岩井 俊介,7,27,,
2025_7_28,安德 駿,7,28,,
2025_7_34,村田 賢一,7,34,,
2025_7_35,モイネロ,7,35,,
2025_7_39,尾形 崇斗,7,39,,
2025_7_40,杉山 一樹,7,40,,
2025_7_41,前田 悠伍,7,41,,
2025_7_42,伊藤 優輔,7,42,,
2025_7_47,大関 友久,7,47,,
2025_7_48,藤井 皓哉,7,48,,
2025_7_49,松本 晴,7,49,,
2025_7_50,板東 湧梧,7,50,,
2025_7_51,前田 純,7,51,,
2025_7_53,大山 凌,7,53,,
2025_7_54,オスナ,7,54,,
2025_7_56,田浦 文丸,7,56,,
2025_7_58,木村 大成,7,58,,
2025_7_59,長谷川 威展,7,59,,
2025_7_60,大野 稼頭央,7,60,,
2025_7_63,ヘルナンデス,7,63,,
2025_7_64,上茶谷 大河,7,64,,
2025_7_66,松本 裕樹,7,66,,
2025_7_68,木村 光,7,68,,
2025_7_69,岩崎 峻典,7,69,,
2025_7_126,宮里 優吾,7,126,,
2025_7_128,河野 伸一朗,7,128,,
2025_7_132,川口 冬弥,7,132,,
2025_7_133,星野 恒太朗,7,133,,
2025_7_134,大城 真乃,7,134,,
2025_7_135,アルメンタ,7,135,,
2025_7_136,大竹 風雅,7,136,,
2025_7_137,津嘉山 憲志郎,7,137,,
2025_7_138,相原 雄太,7,138,,
2025_7_139,井﨑 燦志郎,7,139,,
2025_7_140,岡田 皓一朗,7,140,,
2025_7_141,澤柳 亮太郎,7,141,,
2025_7_142,藤原 大翔,7,142,,
2025_7_145,ハモンド,7,145,,
2025_7_146,藤田 淳平,7,146,,
2025_7_148,山崎 琢磨,7,148,,
2025_7_149,熊谷 太雅,7,149,,
2025_7_152,塩士 暖,7,152,,
2025_7_153,張 峻ウェイ,7,153,,
2025_7_155,風間 球打,7,155,,
2025_7_156,ロドリゲス,7,156,,
2025_7_157,田上 奏大,7,157,,
2025_7_158,赤羽 蓮,7,158,,
2025_7_160,長水 啓眞,7,160,,
2025_7_161,内野 海斗,7,161,,
2025_7_162,岡植 純平,7,162,,
2025_7_163,佐々木 明都,7,163,,
2025_7_164,水口 創太,7,164,,
2025_7_165,宮﨑 颯,7,165,,
2025_7_169,飛田 悠成,7,169,,
2025_7_176,サルディ,7,176,,
2025_7_00,渡邉 陸,7,0,,
2025_7_12,嶺井 博希,7,12,,
2025_7_22,牧原 巧汰,7,22,,
2025_7_45,谷川原 健太,7,45,,
2025_7_55,石塚 綜一郎,7,55,,
2025_7_62,海野 隆司,7,62,,
2025_7_65,藤田 悠太郎,7,65,,
2025_7_0,川瀬 晃,7,0,,
2025_7_4,ダウンズ,7,4,,
2025_7_5,山川 穂高,7,5,,
2025_7_6,今宮 健太,7,6,,
2025_7_8,牧原 大成,7,8,,
2025_7_23,周東 佑京,7,23,,
2025_7_24,栗原 陵矢,7,24,,
2025_7_25,庄子 雄大,7,25,,
2025_7_33,廣瀨 隆太,7,33,,
2025_7_36,イヒネ イツア,7,36,,
2025_7_43,井上 朋也,7,43,,
2025_7_46,宇野 真仁朗,7,46,,
2025_7_52,リチャード,7,52,,
2025_7_67,石見 颯真,7,67,,
2025_7_99,野村 勇,7,99,,
2025_7_3,近藤 健介,7,3,,
2025_7_7,中村 晃,7,7,,
2025_7_9,柳田 悠岐,7,9,,
2025_7_30,佐藤 直樹,7,30,,
2025_7_31,正木 智也,7,31,,
2025_7_32,柳町 達,7,32,,
2025_7_44,笹川 吉康,7,44,,
2025_7_57,緒方 理貢,7,57,,
2025_7_61,川村 友斗,7,61,,
2025_7_77,山本 恵大,7,77,,
2025_7_125,大友 宗,7,125,,
2025_7_151,加藤 晴空,7,151,,
2025_7_171,盛島 稜大,7,171,,
2025_7_121,ザイレン,7,121,,
2025_7_122,藤野 恵音,7,122,,
2025_7_124,桑原 秀侍,7,124,,
2025_7_127,広瀬 結煌,7,127,,
2025_7_129,佐倉 侠史朗,7,129,,
2025_7_130,勝連 大稀,7,130,,
2025_7_131,中澤 恒貴,7,131,,
2025_7_159,山下 恭吾,7,159,,
2025_7_167,川原田 純平,7,167,,
2025_7_170,西尾 歩真,7,170,,
2025_7_175,アルモンテ,7,175,,
2025_7_123,大泉 周也,7,123,,
2025_7_143,漁府 輝羽,7,143,,
2025_7_144,シモン,7,144,,
2025_7_147,木下 勇人,7,147,,
2025_7_154,生海,7,154,,
2025_7_166,重松 凱人,7,166,,
2025_7_168,佐藤 航太,7,168,,
2025_7_173,オスーナ,7,173,,
0,0,0,0,,