pitch_id,match_id,inning,top_bottom,pitch_type,velocity,result,total_pitch_count,batter_pitch_count,ball_count,strike_count,out_count,coordinate_x,coordinate_y
2025_03_28_1_5,2025_03_28_1_5_1_0_1_1,1,0,ストレート,146,ファウル,1,1,0,1,1,75,84
2025_03_28_1_5,2025_03_28_1_5_1_0_1_2,1,0,スライダー,128,一ゴロ,2,2,0,1,1,101,55
2025_03_28_1_5,2025_03_28_1_5_1_0_2_1,1,0,ストレート,146,二ゴロ,3,1,0,0,2,87,32
2025_03_28_1_5,2025_03_28_1_5_1_0_3_1,1,0,スライダー,131,ボール,4,1,1,0,3,172,10
2025_03_28_1_5,2025_03_28_1_5_1_0_3_2,1,0,ストレート,146,見逃し,5,2,1,1,3,124,88
2025_03_28_1_5,2025_03_28_1_5_1_0_3_3,1,0,スライダー,129,左飛,6,3,1,1,3,45,110
2025_03_28_1_5,2025_03_28_1_5_1_0_1_1,1,0,ストレート,146,ファウル,1,1,0,1,1,75,84
2025_03_28_1_5,2025_03_28_1_5_1_0_1_2,1,0,スライダー,128,一ゴロ,2,2,0,1,1,101,55
2025_03_28_1_5,2025_03_28_1_5_1_0_2_1,1,0,ストレート,146,二ゴロ,3,1,0,0,2,87,32
2025_03_28_1_5,2025_03_28_1_5_1_0_3_1,1,0,スライダー,131,ボール,4,1,1,0,3,172,10
2025_03_28_1_5,2025_03_28_1_5_1_0_3_2,1,0,ストレート,146,見逃し,5,2,1,1,3,124,88
2025_03_28_1_5,2025_03_28_1_5_1_0_3_3,1,0,スライダー,129,左飛,6,3,1,1,3,45,110
2025_03_28_1_5,2025_03_28_1_5_2_0_1_1,2,0,スライダー,125,見逃し,7,1,0,1,1,36,102
2025_03_28_1_5,2025_03_28_1_5_2_0_1_2,2,0,ストレート,145,ボール,8,2,1,1,1,100,120
2025_03_28_1_5,2025_03_28_1_5_2_0_1_3,2,0,ストレート,144,空振り,9,3,1,2,1,87,93
2025_03_28_1_5,2025_03_28_1_5_2_0_1_4,2,0,ストレート,147,ファウル,10,4,1,2,1,100,83
2025_03_28_1_5,2025_03_28_1_5_2_0_1_5,2,0,ストレート,146,ファウル,11,5,1,2,1,136,88
2025_03_28_1_5,2025_03_28_1_5_2_0_1_6,2,0,ストレート,147,ボール,12,6,2,2,1,44,122
2025_03_28_1_5,2025_03_28_1_5_2_0_1_7,2,0,フォーク,135,空三振,13,7,2,2,1,142,54
2025_03_28_1_5,2025_03_28_1_5_2_0_2_1,2,0,フォーク,134,空振り,14,1,0,1,2,109,80
2025_03_28_1_5,2025_03_28_1_5_2_0_2_2,2,0,ストレート,146,ファウル,15,2,0,2,2,74,110
2025_03_28_1_5,2025_03_28_1_5_2_0_2_3,2,0,フォーク,134,ファウル,16,3,0,2,2,76,93
2025_03_28_1_5,2025_03_28_1_5_2_0_2_4,2,0,フォーク,134,ボール,17,4,1,2,2,173,72
2025_03_28_1_5,2025_03_28_1_5_2_0_2_5,2,0,スライダー,131,ボール,18,5,2,2,2,140,15
2025_03_28_1_5,2025_03_28_1_5_2_0_2_6,2,0,ストレート,148,二ゴロ,19,6,2,2,2,119,20
2025_03_28_1_5,2025_03_28_1_5_2_0_3_1,2,0,ストレート,147,ボール,20,1,1,0,3,21,12
2025_03_28_1_5,2025_03_28_1_5_2_0_3_2,2,0,ストレート,146,遊飛,21,2,1,0,3,111,34
2025_03_28_1_5,2025_03_28_1_5_3_0_1_1,3,0,ストレート,144,中飛,22,1,0,0,1,90,108
2025_03_28_1_5,2025_03_28_1_5_3_0_2_1,3,0,ストレート,143,見逃し,23,1,0,1,2,122,24
2025_03_28_1_5,2025_03_28_1_5_3_0_2_2,3,0,ストレート,145,ファウル,24,2,0,2,2,24,54
2025_03_28_1_5,2025_03_28_1_5_3_0_2_3,3,0,ストレート,144,右飛,25,3,0,2,2,148,69
2025_03_28_1_5,2025_03_28_1_5_3_0_3_1,3,0,ストレート,145,見逃し,26,1,0,1,3,134,25
2025_03_28_1_5,2025_03_28_1_5_3_0_3_2,3,0,ストレート,144,ボール,27,2,1,1,3,105,8
2025_03_28_1_5,2025_03_28_1_5_3_0_3_3,3,0,ストレート,145,見逃し,28,3,1,2,3,116,25
2025_03_28_1_5,2025_03_28_1_5_3_0_3_4,3,0,フォーク,134,ファウル,29,4,1,2,3,152,40
2025_03_28_1_5,2025_03_28_1_5_3_0_3_5,3,0,フォーク,133,二邪飛,30,5,1,2,3,147,65
2025_03_28_1_5,2025_03_28_1_5_4_0_1_1,4,0,スライダー,-,ボール,31,1,1,0,1,85,128
2025_03_28_1_5,2025_03_28_1_5_4_0_1_2,4,0,ストレート,143,二ゴロ,32,2,1,0,1,45,68
2025_03_28_1_5,2025_03_28_1_5_4_0_2_1,4,0,ストレート,145,ボール,33,1,1,0,2,20,120
2025_03_28_1_5,2025_03_28_1_5_4_0_2_2,4,0,ストレート,144,見逃し,34,2,1,1,2,69,113
2025_03_28_1_5,2025_03_28_1_5_4_0_2_3,4,0,フォーク,133,ボール,35,3,2,1,2,173,92
2025_03_28_1_5,2025_03_28_1_5_4_0_2_4,4,0,ストレート,144,三ゴロ,36,4,2,1,2,44,94
2025_03_28_1_5,2025_03_28_1_5_4_0_3_1,4,0,カーブ,123,見逃し,37,1,0,1,3,126,112
2025_03_28_1_5,2025_03_28_1_5_4_0_3_2,4,0,ストレート,146,二ゴロ,38,2,0,1,3,33,72
2025_03_28_1_5,2025_03_28_1_5_5_0_1_1,5,0,カーブ,121,左安,39,1,0,0,0,51,72
2025_03_28_1_5,2025_03_28_1_5_5_0_2_1,5,0,フォーク,131,ボール,40,1,1,0,0,154,20
2025_03_28_1_5,2025_03_28_1_5_5_0_2_2,5,0,フォーク,130,見逃し,41,2,1,1,0,135,30
2025_03_28_1_5,2025_03_28_1_5_5_0_2_3,5,0,ストレート,145,一失,42,3,1,1,0,44,25
2025_03_28_1_5,2025_03_28_1_5_5_0_3_1,5,0,ストレート,145,左安,43,1,0,0,0,125,56
2025_03_28_1_5,2025_03_28_1_5_5_0_4_1,5,0,ストレート,146,ボール,44,1,1,0,0,155,30
2025_03_28_1_5,2025_03_28_1_5_5_0_4_2,5,0,フォーク,134,空振り,45,2,1,1,0,156,84
2025_03_28_1_5,2025_03_28_1_5_5_0_4_3,5,0,ストレート,146,ボール,46,3,2,1,0,56,14
2025_03_28_1_5,2025_03_28_1_5_5_0_4_4,5,0,ストレート,147,ファウル,47,4,2,2,0,69,112
2025_03_28_1_5,2025_03_28_1_5_5_0_4_5,5,0,フォーク,133,ボール,48,5,3,2,0,159,108
2025_03_28_1_5,2025_03_28_1_5_5_0_4_6,5,0,フォーク,133,ファウル,49,6,3,2,0,148,77
2025_03_28_1_5,2025_03_28_1_5_5_0_4_7,5,0,フォーク,133,四球,50,7,3,2,0,173,39
2025_03_28_1_5,2025_03_28_1_5_5_0_5_1,5,0,スライダー,128,ボール,51,1,1,0,0,22,119
2025_03_28_1_5,2025_03_28_1_5_5_0_5_2,5,0,スライダー,129,ボール,52,2,2,0,0,96,123
2025_03_28_1_5,2025_03_28_1_5_5_0_5_3,5,0,ストレート,148,中安,53,3,2,0,0,126,62
2025_03_28_1_5,2025_03_28_1_5_5_0_6_1,5,0,ストレート,145,ボール,54,1,1,0,1,159,19
2025_03_28_1_5,2025_03_28_1_5_5_0_6_2,5,0,ストレート,145,一犠打,55,2,1,0,1,25,78
2025_03_28_1_5,2025_03_28_1_5_1_0_1_1,1,0,ストレート,146,ファウル,1,1,0,1,1,75,84
2025_03_28_1_5,2025_03_28_1_5_1_0_1_2,1,0,スライダー,128,一ゴロ,2,2,0,1,1,101,55
2025_03_28_1_5,2025_03_28_1_5_1_0_2_1,1,0,ストレート,146,二ゴロ,3,1,0,0,2,87,32
2025_03_28_1_5,2025_03_28_1_5_1_0_3_1,1,0,スライダー,131,ボール,4,1,1,0,3,172,10
2025_03_28_1_5,2025_03_28_1_5_1_0_3_2,1,0,ストレート,146,見逃し,5,2,1,1,3,124,88
2025_03_28_1_5,2025_03_28_1_5_1_0_3_3,1,0,スライダー,129,左飛,6,3,1,1,3,45,110
2025_03_28_1_5,2025_03_28_1_5_2_0_1_1,2,0,スライダー,125,見逃し,7,1,0,1,1,36,102
2025_03_28_1_5,2025_03_28_1_5_2_0_1_2,2,0,ストレート,145,ボール,8,2,1,1,1,100,120
2025_03_28_1_5,2025_03_28_1_5_2_0_1_3,2,0,ストレート,144,空振り,9,3,1,2,1,87,93
2025_03_28_1_5,2025_03_28_1_5_2_0_1_4,2,0,ストレート,147,ファウル,10,4,1,2,1,100,83
2025_03_28_1_5,2025_03_28_1_5_2_0_1_5,2,0,ストレート,146,ファウル,11,5,1,2,1,136,88
2025_03_28_1_5,2025_03_28_1_5_2_0_1_6,2,0,ストレート,147,ボール,12,6,2,2,1,44,122
2025_03_28_1_5,2025_03_28_1_5_2_0_1_7,2,0,フォーク,135,空三振,13,7,2,2,1,142,54
2025_03_28_1_5,2025_03_28_1_5_2_0_2_1,2,0,フォーク,134,空振り,14,1,0,1,2,109,80
2025_03_28_1_5,2025_03_28_1_5_2_0_2_2,2,0,ストレート,146,ファウル,15,2,0,2,2,74,110
2025_03_28_1_5,2025_03_28_1_5_2_0_2_3,2,0,フォーク,134,ファウル,16,3,0,2,2,76,93
2025_03_28_1_5,2025_03_28_1_5_2_0_2_4,2,0,フォーク,134,ボール,17,4,1,2,2,173,72
2025_03_28_1_5,2025_03_28_1_5_2_0_2_5,2,0,スライダー,131,ボール,18,5,2,2,2,140,15
2025_03_28_1_5,2025_03_28_1_5_2_0_2_6,2,0,ストレート,148,二ゴロ,19,6,2,2,2,119,20
2025_03_28_1_5,2025_03_28_1_5_2_0_3_1,2,0,ストレート,147,ボール,20,1,1,0,3,21,12
2025_03_28_1_5,2025_03_28_1_5_2_0_3_2,2,0,ストレート,146,遊飛,21,2,1,0,3,111,34
2025_03_28_1_5,2025_03_28_1_5_3_0_1_1,3,0,ストレート,144,中飛,22,1,0,0,1,90,108
2025_03_28_1_5,2025_03_28_1_5_3_0_2_1,3,0,ストレート,143,見逃し,23,1,0,1,2,122,24
2025_03_28_1_5,2025_03_28_1_5_3_0_2_2,3,0,ストレート,145,ファウル,24,2,0,2,2,24,54
2025_03_28_1_5,2025_03_28_1_5_3_0_2_3,3,0,ストレート,144,右飛,25,3,0,2,2,148,69
2025_03_28_1_5,2025_03_28_1_5_3_0_3_1,3,0,ストレート,145,見逃し,26,1,0,1,3,134,25
2025_03_28_1_5,2025_03_28_1_5_3_0_3_2,3,0,ストレート,144,ボール,27,2,1,1,3,105,8
2025_03_28_1_5,2025_03_28_1_5_3_0_3_3,3,0,ストレート,145,見逃し,28,3,1,2,3,116,25
2025_03_28_1_5,2025_03_28_1_5_3_0_3_4,3,0,フォーク,134,ファウル,29,4,1,2,3,152,40
2025_03_28_1_5,2025_03_28_1_5_3_0_3_5,3,0,フォーク,133,二邪飛,30,5,1,2,3,147,65
2025_03_28_1_5,2025_03_28_1_5_4_0_1_1,4,0,スライダー,-,ボール,31,1,1,0,1,85,128
2025_03_28_1_5,2025_03_28_1_5_4_0_1_2,4,0,ストレート,143,二ゴロ,32,2,1,0,1,45,68
2025_03_28_1_5,2025_03_28_1_5_4_0_2_1,4,0,ストレート,145,ボール,33,1,1,0,2,20,120
2025_03_28_1_5,2025_03_28_1_5_4_0_2_2,4,0,ストレート,144,見逃し,34,2,1,1,2,69,113
2025_03_28_1_5,2025_03_28_1_5_4_0_2_3,4,0,フォーク,133,ボール,35,3,2,1,2,173,92
2025_03_28_1_5,2025_03_28_1_5_4_0_2_4,4,0,ストレート,144,三ゴロ,36,4,2,1,2,44,94
2025_03_28_1_5,2025_03_28_1_5_4_0_3_1,4,0,カーブ,123,見逃し,37,1,0,1,3,126,112
2025_03_28_1_5,2025_03_28_1_5_4_0_3_2,4,0,ストレート,146,二ゴロ,38,2,0,1,3,33,72
2025_03_28_1_5,2025_03_28_1_5_5_0_1_1,5,0,カーブ,121,左安,39,1,0,0,0,51,72
2025_03_28_1_5,2025_03_28_1_5_5_0_2_1,5,0,フォーク,131,ボール,40,1,1,0,0,154,20
2025_03_28_1_5,2025_03_28_1_5_5_0_2_2,5,0,フォーク,130,見逃し,41,2,1,1,0,135,30
2025_03_28_1_5,2025_03_28_1_5_5_0_2_3,5,0,ストレート,145,一失,42,3,1,1,0,44,25
2025_03_28_1_5,2025_03_28_1_5_5_0_3_1,5,0,ストレート,145,左安,43,1,0,0,0,125,56
2025_03_28_1_5,2025_03_28_1_5_5_0_4_1,5,0,ストレート,146,ボール,44,1,1,0,0,155,30
2025_03_28_1_5,2025_03_28_1_5_5_0_4_2,5,0,フォーク,134,空振り,45,2,1,1,0,156,84
2025_03_28_1_5,2025_03_28_1_5_5_0_4_3,5,0,ストレート,146,ボール,46,3,2,1,0,56,14
2025_03_28_1_5,2025_03_28_1_5_5_0_4_4,5,0,ストレート,147,ファウル,47,4,2,2,0,69,112
2025_03_28_1_5,2025_03_28_1_5_5_0_4_5,5,0,フォーク,133,ボール,48,5,3,2,0,159,108
2025_03_28_1_5,2025_03_28_1_5_5_0_4_6,5,0,フォーク,133,ファウル,49,6,3,2,0,148,77
2025_03_28_1_5,2025_03_28_1_5_5_0_4_7,5,0,フォーク,133,四球,50,7,3,2,0,173,39
2025_03_28_1_5,2025_03_28_1_5_5_0_5_1,5,0,スライダー,128,ボール,51,1,1,0,0,22,119
2025_03_28_1_5,2025_03_28_1_5_5_0_5_2,5,0,スライダー,129,ボール,52,2,2,0,0,96,123
2025_03_28_1_5,2025_03_28_1_5_5_0_5_3,5,0,ストレート,148,中安,53,3,2,0,0,126,62
2025_03_28_1_5,2025_03_28_1_5_5_0_6_1,5,0,ストレート,145,ボール,54,1,1,0,1,159,19
2025_03_28_1_5,2025_03_28_1_5_5_0_6_2,5,0,ストレート,145,一犠打,55,2,1,0,1,25,78
2025_03_28_1_5,2025_03_28_1_5_5_0_7_1,5,0,フォーク,135,ボール,56,1,1,0,1,175,55
2025_03_28_1_5,2025_03_28_1_5_5_0_7_2,5,0,ストレート,146,見逃し,57,2,1,1,1,113,23
2025_03_28_1_5,2025_03_28_1_5_5_0_7_3,5,0,スライダー,129,ボール,58,3,2,1,1,19,119
2025_03_28_1_5,2025_03_28_1_5_5_0_7_4,5,0,ストレート,147,ファウル,59,4,2,2,1,22,67
2025_03_28_1_5,2025_03_28_1_5_5_0_7_5,5,0,ストレート,147,右安,60,5,2,2,1,56,27
2025_03_28_1_5,2025_03_28_1_5_1_0_1_1,1,0,ストレート,146,ファウル,1,1,0,1,1,75,84
2025_03_28_1_5,2025_03_28_1_5_1_0_1_2,1,0,スライダー,128,一ゴロ,2,2,0,1,1,101,55
2025_03_28_1_5,2025_03_28_1_5_1_0_2_1,1,0,ストレート,146,二ゴロ,3,1,0,0,2,87,32
2025_03_28_1_5,2025_03_28_1_5_1_0_3_1,1,0,スライダー,131,ボール,4,1,1,0,3,172,10
2025_03_28_1_5,2025_03_28_1_5_1_0_3_2,1,0,ストレート,146,見逃し,5,2,1,1,3,124,88
2025_03_28_1_5,2025_03_28_1_5_1_0_3_3,1,0,スライダー,129,左飛,6,3,1,1,3,45,110
2025_03_28_1_5,2025_03_28_1_5_2_0_1_1,2,0,スライダー,125,見逃し,7,1,0,1,1,36,102
2025_03_28_1_5,2025_03_28_1_5_2_0_1_2,2,0,ストレート,145,ボール,8,2,1,1,1,100,120
2025_03_28_1_5,2025_03_28_1_5_2_0_1_3,2,0,ストレート,144,空振り,9,3,1,2,1,87,93
2025_03_28_1_5,2025_03_28_1_5_2_0_1_4,2,0,ストレート,147,ファウル,10,4,1,2,1,100,83
2025_03_28_1_5,2025_03_28_1_5_2_0_1_5,2,0,ストレート,146,ファウル,11,5,1,2,1,136,88
2025_03_28_1_5,2025_03_28_1_5_2_0_1_6,2,0,ストレート,147,ボール,12,6,2,2,1,44,122
2025_03_28_1_5,2025_03_28_1_5_2_0_1_7,2,0,フォーク,135,空三振,13,7,2,2,1,142,54
2025_03_28_1_5,2025_03_28_1_5_2_0_2_1,2,0,フォーク,134,空振り,14,1,0,1,2,109,80
2025_03_28_1_5,2025_03_28_1_5_2_0_2_2,2,0,ストレート,146,ファウル,15,2,0,2,2,74,110
2025_03_28_1_5,2025_03_28_1_5_2_0_2_3,2,0,フォーク,134,ファウル,16,3,0,2,2,76,93
2025_03_28_1_5,2025_03_28_1_5_2_0_2_4,2,0,フォーク,134,ボール,17,4,1,2,2,173,72
2025_03_28_1_5,2025_03_28_1_5_2_0_2_5,2,0,スライダー,131,ボール,18,5,2,2,2,140,15
2025_03_28_1_5,2025_03_28_1_5_2_0_2_6,2,0,ストレート,148,二ゴロ,19,6,2,2,2,119,20
2025_03_28_1_5,2025_03_28_1_5_2_0_3_1,2,0,ストレート,147,ボール,20,1,1,0,3,21,12
2025_03_28_1_5,2025_03_28_1_5_2_0_3_2,2,0,ストレート,146,遊飛,21,2,1,0,3,111,34
2025_03_28_1_5,2025_03_28_1_5_3_0_1_1,3,0,ストレート,144,中飛,22,1,0,0,1,90,108
2025_03_28_1_5,2025_03_28_1_5_3_0_2_1,3,0,ストレート,143,見逃し,23,1,0,1,2,122,24
2025_03_28_1_5,2025_03_28_1_5_3_0_2_2,3,0,ストレート,145,ファウル,24,2,0,2,2,24,54
2025_03_28_1_5,2025_03_28_1_5_3_0_2_3,3,0,ストレート,144,右飛,25,3,0,2,2,148,69
2025_03_28_1_5,2025_03_28_1_5_3_0_3_1,3,0,ストレート,145,見逃し,26,1,0,1,3,134,25
2025_03_28_1_5,2025_03_28_1_5_3_0_3_2,3,0,ストレート,144,ボール,27,2,1,1,3,105,8
2025_03_28_1_5,2025_03_28_1_5_3_0_3_3,3,0,ストレート,145,見逃し,28,3,1,2,3,116,25
2025_03_28_1_5,2025_03_28_1_5_3_0_3_4,3,0,フォーク,134,ファウル,29,4,1,2,3,152,40
2025_03_28_1_5,2025_03_28_1_5_3_0_3_5,3,0,フォーク,133,二邪飛,30,5,1,2,3,147,65
2025_03_28_1_5,2025_03_28_1_5_4_0_1_1,4,0,スライダー,-,ボール,31,1,1,0,1,85,128
2025_03_28_1_5,2025_03_28_1_5_4_0_1_2,4,0,ストレート,143,二ゴロ,32,2,1,0,1,45,68
2025_03_28_1_5,2025_03_28_1_5_4_0_2_1,4,0,ストレート,145,ボール,33,1,1,0,2,20,120
2025_03_28_1_5,2025_03_28_1_5_4_0_2_2,4,0,ストレート,144,見逃し,34,2,1,1,2,69,113
2025_03_28_1_5,2025_03_28_1_5_4_0_2_3,4,0,フォーク,133,ボール,35,3,2,1,2,173,92
2025_03_28_1_5,2025_03_28_1_5_4_0_2_4,4,0,ストレート,144,三ゴロ,36,4,2,1,2,44,94
2025_03_28_1_5,2025_03_28_1_5_4_0_3_1,4,0,カーブ,123,見逃し,37,1,0,1,3,126,112
2025_03_28_1_5,2025_03_28_1_5_4_0_3_2,4,0,ストレート,146,二ゴロ,38,2,0,1,3,33,72
2025_03_28_1_5,2025_03_28_1_5_5_0_1_1,5,0,カーブ,121,左安,39,1,0,0,0,51,72
2025_03_28_1_5,2025_03_28_1_5_5_0_2_1,5,0,フォーク,131,ボール,40,1,1,0,0,154,20
2025_03_28_1_5,2025_03_28_1_5_5_0_2_2,5,0,フォーク,130,見逃し,41,2,1,1,0,135,30
2025_03_28_1_5,2025_03_28_1_5_5_0_2_3,5,0,ストレート,145,一失,42,3,1,1,0,44,25
2025_03_28_1_5,2025_03_28_1_5_1_0_1_1,1,0,ストレート,146,ファウル,1,1,0,1,1,75,84
2025_03_28_1_5,2025_03_28_1_5_1_0_1_2,1,0,スライダー,128,一ゴロ,2,2,0,1,1,101,55
2025_03_28_1_5,2025_03_28_1_5_1_0_2_1,1,0,ストレート,146,二ゴロ,3,1,0,0,2,87,32
2025_03_28_1_5,2025_03_28_1_5_1_0_3_1,1,0,スライダー,131,ボール,4,1,1,0,3,172,10
2025_03_28_1_5,2025_03_28_1_5_1_0_3_2,1,0,ストレート,146,見逃し,5,2,1,1,3,124,88
2025_03_28_1_5,2025_03_28_1_5_1_0_3_3,1,0,スライダー,129,左飛,6,3,1,1,3,45,110
2025_03_28_1_5,2025_03_28_1_5_2_0_1_1,2,0,スライダー,125,見逃し,7,1,0,1,1,36,102
2025_03_28_1_5,2025_03_28_1_5_2_0_1_2,2,0,ストレート,145,ボール,8,2,1,1,1,100,120
2025_03_28_1_5,2025_03_28_1_5_2_0_1_3,2,0,ストレート,144,空振り,9,3,1,2,1,87,93
2025_03_28_1_5,2025_03_28_1_5_2_0_1_4,2,0,ストレート,147,ファウル,10,4,1,2,1,100,83
2025_03_28_1_5,2025_03_28_1_5_2_0_1_5,2,0,ストレート,146,ファウル,11,5,1,2,1,136,88
2025_03_28_1_5,2025_03_28_1_5_2_0_1_6,2,0,ストレート,147,ボール,12,6,2,2,1,44,122
2025_03_28_1_5,2025_03_28_1_5_2_0_1_7,2,0,フォーク,135,空三振,13,7,2,2,1,142,54
2025_03_28_1_5,2025_03_28_1_5_2_0_2_1,2,0,フォーク,134,空振り,14,1,0,1,2,109,80
2025_03_28_1_5,2025_03_28_1_5_2_0_2_2,2,0,ストレート,146,ファウル,15,2,0,2,2,74,110
2025_03_28_1_5,2025_03_28_1_5_2_0_2_3,2,0,フォーク,134,ファウル,16,3,0,2,2,76,93
2025_03_28_1_5,2025_03_28_1_5_2_0_2_4,2,0,フォーク,134,ボール,17,4,1,2,2,173,72
2025_03_28_1_5,2025_03_28_1_5_2_0_2_5,2,0,スライダー,131,ボール,18,5,2,2,2,140,15
2025_03_28_1_5,2025_03_28_1_5_2_0_2_6,2,0,ストレート,148,二ゴロ,19,6,2,2,2,119,20
2025_03_28_1_5,2025_03_28_1_5_2_0_3_1,2,0,ストレート,147,ボール,20,1,1,0,3,21,12
2025_03_28_1_5,2025_03_28_1_5_2_0_3_2,2,0,ストレート,146,遊飛,21,2,1,0,3,111,34
2025_03_28_1_5,2025_03_28_1_5_1_0_1_1,1,0,ストレート,146,ファウル,1,1,0,1,1,75,84
2025_03_28_1_5,2025_03_28_1_5_1_0_1_2,1,0,スライダー,128,一ゴロ,2,2,0,1,1,101,55
2025_03_28_1_5,2025_03_28_1_5_1_0_2_1,1,0,ストレート,146,二ゴロ,3,1,0,0,2,87,32
2025_03_28_1_5,2025_03_28_1_5_1_0_3_1,1,0,スライダー,131,ボール,4,1,1,0,3,172,10
2025_03_28_1_5,2025_03_28_1_5_1_0_3_2,1,0,ストレート,146,見逃し,5,2,1,1,3,124,88
2025_03_28_1_5,2025_03_28_1_5_1_0_3_3,1,0,スライダー,129,左飛,6,3,1,1,3,45,110
2025_03_28_1_5,2025_03_28_1_5_1_1_1_1,1,1,ストレート,149,ボール,1,1,1,0,0,152,72
2025_03_28_1_5,2025_03_28_1_5_1_1_1_2,1,1,スライダー,130,空振り,2,2,1,1,0,133,28
2025_03_28_1_5,2025_03_28_1_5_1_1_1_3,1,1,スライダー,132,空振り,3,3,1,2,0,92,15
2025_03_28_1_5,2025_03_28_1_5_1_1_1_4,1,1,ストレート,151,中安,4,4,1,2,0,111,28
2025_03_28_1_5,2025_03_28_1_5_1_1_2_1,1,1,ストレート,149,右２,5,1,0,0,0,49,99
2025_03_28_1_5,2025_03_28_1_5_1_1_3_1,1,1,カーブ,-,ボール,6,1,1,0,1,54,130
2025_03_28_1_5,2025_03_28_1_5_1_1_3_2,1,1,フォーク,138,見逃し,7,2,1,1,1,50,79
2025_03_28_1_5,2025_03_28_1_5_1_1_3_3,1,1,ストレート,150,ボール,8,3,2,1,1,19,117
2025_03_28_1_5,2025_03_28_1_5_1_1_3_4,1,1,フォーク,141,空振り,9,4,2,2,1,160,76
2025_03_28_1_5,2025_03_28_1_5_1_1_3_5,1,1,ストレート,149,ボール,10,5,3,2,1,17,94
2025_03_28_1_5,2025_03_28_1_5_1_1_3_6,1,1,ストレート,150,一ゴロ,11,6,3,2,1,60,34
2025_03_28_1_5,2025_03_28_1_5_1_1_4_1,1,1,カーブ,125,ボール,12,1,1,0,2,53,121
2025_03_28_1_5,2025_03_28_1_5_1_1_4_2,1,1,カーブ,127,ボール,13,2,2,0,2,94,122
2025_03_28_1_5,2025_03_28_1_5_1_1_4_3,1,1,スライダー,129,三飛,14,3,2,0,2,40,107
2025_03_28_1_5,2025_03_28_1_5_1_1_5_1,1,1,カーブ,126,見逃し,15,1,0,1,3,111,38
2025_03_28_1_5,2025_03_28_1_5_1_1_5_2,1,1,ストレート,149,ファウル,16,2,0,2,3,62,16
2025_03_28_1_5,2025_03_28_1_5_1_1_5_3,1,1,フォーク,142,左飛,17,3,0,2,3,136,54
2025_03_28_1_5,2025_03_28_1_5_2_0_1_1,2,0,スライダー,125,見逃し,7,1,0,1,1,36,102
2025_03_28_1_5,2025_03_28_1_5_2_0_1_2,2,0,ストレート,145,ボール,8,2,1,1,1,100,120
2025_03_28_1_5,2025_03_28_1_5_2_0_1_3,2,0,ストレート,144,空振り,9,3,1,2,1,87,93
2025_03_28_1_5,2025_03_28_1_5_2_0_1_4,2,0,ストレート,147,ファウル,10,4,1,2,1,100,83
2025_03_28_1_5,2025_03_28_1_5_2_0_1_5,2,0,ストレート,146,ファウル,11,5,1,2,1,136,88
2025_03_28_1_5,2025_03_28_1_5_2_0_1_6,2,0,ストレート,147,ボール,12,6,2,2,1,44,122
2025_03_28_1_5,2025_03_28_1_5_2_0_1_7,2,0,フォーク,135,空三振,13,7,2,2,1,142,54
2025_03_28_1_5,2025_03_28_1_5_2_0_2_1,2,0,フォーク,134,空振り,14,1,0,1,2,109,80
2025_03_28_1_5,2025_03_28_1_5_2_0_2_2,2,0,ストレート,146,ファウル,15,2,0,2,2,74,110
2025_03_28_1_5,2025_03_28_1_5_2_0_2_3,2,0,フォーク,134,ファウル,16,3,0,2,2,76,93
2025_03_28_1_5,2025_03_28_1_5_2_0_2_4,2,0,フォーク,134,ボール,17,4,1,2,2,173,72
2025_03_28_1_5,2025_03_28_1_5_2_0_2_5,2,0,スライダー,131,ボール,18,5,2,2,2,140,15
2025_03_28_1_5,2025_03_28_1_5_2_0_2_6,2,0,ストレート,148,二ゴロ,19,6,2,2,2,119,20
2025_03_28_1_5,2025_03_28_1_5_2_0_3_1,2,0,ストレート,147,ボール,20,1,1,0,3,21,12
2025_03_28_1_5,2025_03_28_1_5_2_0_3_2,2,0,ストレート,146,遊飛,21,2,1,0,3,111,34
2025_03_28_1_5,2025_03_28_1_5_2_1_1_1,2,1,ストレート,147,見逃し,18,1,0,1,1,72,36
2025_03_28_1_5,2025_03_28_1_5_2_1_1_2,2,1,カーブ,125,空振り,19,2,0,2,1,155,32
2025_03_28_1_5,2025_03_28_1_5_2_1_1_3,2,1,スライダー,133,ファウル,20,3,0,2,1,120,32
2025_03_28_1_5,2025_03_28_1_5_2_1_1_4,2,1,フォーク,141,ボール,21,4,1,2,1,175,44
2025_03_28_1_5,2025_03_28_1_5_2_1_1_5,2,1,スライダー,133,三ゴロ,22,5,1,2,1,120,54
2025_03_28_1_5,2025_03_28_1_5_2_1_2_1,2,1,ストレート,151,ファウル,23,1,0,1,1,88,40
2025_03_28_1_5,2025_03_28_1_5_2_1_2_2,2,1,ストレート,150,右安,24,2,0,1,1,72,85
2025_03_28_1_5,2025_03_28_1_5_2_1_3_1,2,1,カーブ,123,見逃し,25,1,0,1,1,94,99
2025_03_28_1_5,2025_03_28_1_5_2_1_3_2,2,1,ストレート,149,見逃し,26,2,0,2,1,101,107
2025_03_28_1_5,2025_03_28_1_5_2_1_3_3,2,1,フォーク,141,ボール,27,3,1,2,1,173,17
2025_03_28_1_5,2025_03_28_1_5_2_1_3_4,2,1,フォーク,-,投安,28,4,1,2,1,64,104
2025_03_28_1_5,2025_03_28_1_5_2_1_4_1,2,1,ストレート,148,ボール,29,1,1,0,1,92,16
2025_03_28_1_5,2025_03_28_1_5_2_1_4_2,2,1,ストレート,148,左安,30,2,1,0,1,45,68
2025_03_28_1_5,2025_03_28_1_5_2_1_5_1,2,1,カーブ,128,ボール,31,1,1,0,2,157,28
2025_03_28_1_5,2025_03_28_1_5_2_1_5_2,2,1,スライダー,132,右飛,32,2,1,0,2,96,25
2025_03_28_1_5,2025_03_28_1_5_2_1_6_1,2,1,ストレート,151,ファウル,33,1,0,1,3,111,95
2025_03_28_1_5,2025_03_28_1_5_2_1_6_2,2,1,フォーク,137,中飛,34,2,0,1,3,60,102
2025_03_28_1_5,2025_03_28_1_5_3_0_1_1,3,0,ストレート,144,中飛,22,1,0,0,1,90,108
2025_03_28_1_5,2025_03_28_1_5_3_0_2_1,3,0,ストレート,143,見逃し,23,1,0,1,2,122,24
2025_03_28_1_5,2025_03_28_1_5_3_0_2_2,3,0,ストレート,145,ファウル,24,2,0,2,2,24,54
2025_03_28_1_5,2025_03_28_1_5_3_0_2_3,3,0,ストレート,144,右飛,25,3,0,2,2,148,69
2025_03_28_1_5,2025_03_28_1_5_3_0_3_1,3,0,ストレート,145,見逃し,26,1,0,1,3,134,25
2025_03_28_1_5,2025_03_28_1_5_3_0_3_2,3,0,ストレート,144,ボール,27,2,1,1,3,105,8
2025_03_28_1_5,2025_03_28_1_5_3_0_3_3,3,0,ストレート,145,見逃し,28,3,1,2,3,116,25
2025_03_28_1_5,2025_03_28_1_5_3_0_3_4,3,0,フォーク,134,ファウル,29,4,1,2,3,152,40
2025_03_28_1_5,2025_03_28_1_5_3_0_3_5,3,0,フォーク,133,二邪飛,30,5,1,2,3,147,65
2025_03_28_1_5,2025_03_28_1_5_3_1_1_1,3,1,スライダー,129,見逃し,35,1,0,1,1,82,73
2025_03_28_1_5,2025_03_28_1_5_3_1_1_2,3,1,カーブ,116,ファウル,36,2,0,2,1,91,100
2025_03_28_1_5,2025_03_28_1_5_3_1_1_3,3,1,フォーク,138,遊直,37,3,0,2,1,113,114
2025_03_28_1_5,2025_03_28_1_5_3_1_2_1,3,1,スライダー,135,空振り,38,1,0,1,2,108,22
2025_03_28_1_5,2025_03_28_1_5_3_1_2_2,3,1,ストレート,150,ボール,39,2,1,1,2,160,114
2025_03_28_1_5,2025_03_28_1_5_3_1_2_3,3,1,フォーク,139,ボール,40,3,2,1,2,160,32
2025_03_28_1_5,2025_03_28_1_5_3_1_2_4,3,1,フォーク,137,空振り,41,4,2,2,2,138,83
2025_03_28_1_5,2025_03_28_1_5_3_1_2_5,3,1,ストレート,151,ボール,42,5,3,2,2,152,29
2025_03_28_1_5,2025_03_28_1_5_3_1_2_6,3,1,スライダー,136,空三振,43,6,3,2,2,157,27
2025_03_28_1_5,2025_03_28_1_5_3_1_3_1,3,1,ストレート,151,遊ゴロ,44,1,0,0,3,122,25
2025_03_28_1_5,2025_03_28_1_5_4_0_1_1,4,0,スライダー,-,ボール,31,1,1,0,1,85,128
2025_03_28_1_5,2025_03_28_1_5_4_0_1_2,4,0,ストレート,143,二ゴロ,32,2,1,0,1,45,68
2025_03_28_1_5,2025_03_28_1_5_4_0_2_1,4,0,ストレート,145,ボール,33,1,1,0,2,20,120
2025_03_28_1_5,2025_03_28_1_5_4_0_2_2,4,0,ストレート,144,見逃し,34,2,1,1,2,69,113
2025_03_28_1_5,2025_03_28_1_5_4_0_2_3,4,0,フォーク,133,ボール,35,3,2,1,2,173,92
2025_03_28_1_5,2025_03_28_1_5_4_0_2_4,4,0,ストレート,144,三ゴロ,36,4,2,1,2,44,94
2025_03_28_1_5,2025_03_28_1_5_4_0_3_1,4,0,カーブ,123,見逃し,37,1,0,1,3,126,112
2025_03_28_1_5,2025_03_28_1_5_4_0_3_2,4,0,ストレート,146,二ゴロ,38,2,0,1,3,33,72
2025_03_28_1_5,2025_03_28_1_5_4_1_1_1,4,1,スライダー,128,左飛,45,1,0,0,1,118,28
2025_03_28_1_5,2025_03_28_1_5_4_1_2_1,4,1,ストレート,149,ファウル,46,1,0,1,2,89,24
2025_03_28_1_5,2025_03_28_1_5_4_1_2_2,4,1,フォーク,137,ボール,47,2,1,1,2,155,18
2025_03_28_1_5,2025_03_28_1_5_4_1_2_3,4,1,スライダー,130,ファウル,48,3,1,2,2,25,124
2025_03_28_1_5,2025_03_28_1_5_4_1_2_4,4,1,フォーク,139,ファウル,49,4,1,2,2,134,84
2025_03_28_1_5,2025_03_28_1_5_4_1_2_5,4,1,スライダー,135,ファウル,50,5,1,2,2,112,29
2025_03_28_1_5,2025_03_28_1_5_4_1_2_6,4,1,スライダー,130,遊飛,51,6,1,2,2,106,60
2025_03_28_1_5,2025_03_28_1_5_4_1_3_1,4,1,ストレート,150,ボール,52,1,1,0,3,152,90
2025_03_28_1_5,2025_03_28_1_5_4_1_3_2,4,1,ストレート,148,見逃し,53,2,1,1,3,138,77
2025_03_28_1_5,2025_03_28_1_5_4_1_3_3,4,1,カーブ,122,見逃し,54,3,1,2,3,105,108
2025_03_28_1_5,2025_03_28_1_5_4_1_3_4,4,1,フォーク,141,ボール,55,4,2,2,3,167,60
2025_03_28_1_5,2025_03_28_1_5_4_1_3_5,4,1,フォーク,137,ボール,56,5,3,2,3,172,12
2025_03_28_1_5,2025_03_28_1_5_4_1_3_6,4,1,フォーク,137,中飛,57,6,3,2,3,150,88
2025_03_28_1_5,2025_03_28_1_5_5_0_1_1,5,0,カーブ,121,左安,39,1,0,0,0,51,72
2025_03_28_1_5,2025_03_28_1_5_5_0_2_1,5,0,フォーク,131,ボール,40,1,1,0,0,154,20
2025_03_28_1_5,2025_03_28_1_5_5_0_2_2,5,0,フォーク,130,見逃し,41,2,1,1,0,135,30
2025_03_28_1_5,2025_03_28_1_5_5_0_2_3,5,0,ストレート,145,一失,42,3,1,1,0,44,25
2025_03_28_1_5,2025_03_28_1_5_5_0_3_1,5,0,ストレート,145,左安,43,1,0,0,0,125,56
2025_03_28_1_5,2025_03_28_1_5_5_0_4_1,5,0,ストレート,146,ボール,44,1,1,0,0,155,30
2025_03_28_1_5,2025_03_28_1_5_5_0_4_2,5,0,フォーク,134,空振り,45,2,1,1,0,156,84
2025_03_28_1_5,2025_03_28_1_5_5_0_4_3,5,0,ストレート,146,ボール,46,3,2,1,0,56,14
2025_03_28_1_5,2025_03_28_1_5_5_0_4_4,5,0,ストレート,147,ファウル,47,4,2,2,0,69,112
2025_03_28_1_5,2025_03_28_1_5_5_0_4_5,5,0,フォーク,133,ボール,48,5,3,2,0,159,108
2025_03_28_1_5,2025_03_28_1_5_5_0_4_6,5,0,フォーク,133,ファウル,49,6,3,2,0,148,77
2025_03_28_1_5,2025_03_28_1_5_5_0_4_7,5,0,フォーク,133,四球,50,7,3,2,0,173,39
2025_03_28_1_5,2025_03_28_1_5_5_0_5_1,5,0,スライダー,128,ボール,51,1,1,0,0,22,119
2025_03_28_1_5,2025_03_28_1_5_5_0_5_2,5,0,スライダー,129,ボール,52,2,2,0,0,96,123
2025_03_28_1_5,2025_03_28_1_5_5_0_5_3,5,0,ストレート,148,中安,53,3,2,0,0,126,62
2025_03_28_1_5,2025_03_28_1_5_5_0_6_1,5,0,ストレート,145,ボール,54,1,1,0,1,159,19
2025_03_28_1_5,2025_03_28_1_5_5_0_6_2,5,0,ストレート,145,一犠打,55,2,1,0,1,25,78
2025_03_28_1_5,2025_03_28_1_5_5_0_7_1,5,0,フォーク,135,ボール,56,1,1,0,1,175,55
2025_03_28_1_5,2025_03_28_1_5_5_0_7_2,5,0,ストレート,146,見逃し,57,2,1,1,1,113,23
2025_03_28_1_5,2025_03_28_1_5_5_0_7_3,5,0,スライダー,129,ボール,58,3,2,1,1,19,119
2025_03_28_1_5,2025_03_28_1_5_5_0_7_4,5,0,ストレート,147,ファウル,59,4,2,2,1,22,67
2025_03_28_1_5,2025_03_28_1_5_5_0_7_5,5,0,ストレート,147,右安,60,5,2,2,1,56,27
2025_03_28_1_5,2025_03_28_1_5_5_0_8_1,5,0,スライダー,129,見逃し,61,1,0,1,2,86,99
2025_03_28_1_5,2025_03_28_1_5_5_0_8_2,5,0,フォーク,134,空振り,62,2,0,2,2,172,62
2025_03_28_1_5,2025_03_28_1_5_5_0_8_3,5,0,フォーク,133,三ゴロ,63,3,0,2,2,153,80
2025_03_28_1_5,2025_03_28_1_5_5_0_9_1,5,0,フォーク,133,ファウル,64,1,0,1,3,155,78
2025_03_28_1_5,2025_03_28_1_5_5_0_9_2,5,0,ストレート,145,ボール,65,2,1,1,3,40,120
2025_03_28_1_5,2025_03_28_1_5_5_0_9_3,5,0,ストレート,145,ボール,66,3,2,1,3,19,119
2025_03_28_1_5,2025_03_28_1_5_5_0_9_4,5,0,フォーク,131,ボール,67,4,3,1,3,82,124
2025_03_28_1_5,2025_03_28_1_5_5_0_9_5,5,0,ストレート,146,見逃し,68,5,3,2,3,86,116
2025_03_28_1_5,2025_03_28_1_5_5_0_9_6,5,0,ストレート,147,空三振,69,6,3,2,3,90,112
2025_03_28_1_5,2025_03_28_1_5_5_1_1_1,5,1,フォーク,134,空振り,58,1,0,1,1,116,118
2025_03_28_1_5,2025_03_28_1_5_5_1_1_2,5,1,フォーク,138,空振り,59,2,0,2,1,156,75
2025_03_28_1_5,2025_03_28_1_5_5_1_1_3,5,1,フォーク,138,二ゴロ,60,3,0,2,1,140,108
2025_03_28_1_5,2025_03_28_1_5_5_1_2_1,5,1,ストレート,149,見逃し,61,1,0,1,2,53,28
2025_03_28_1_5,2025_03_28_1_5_5_1_2_2,5,1,フォーク,138,ボール,62,2,1,1,2,74,124
2025_03_28_1_5,2025_03_28_1_5_5_1_2_3,5,1,フォーク,136,ボール,63,3,2,1,2,133,120
2025_03_28_1_5,2025_03_28_1_5_5_1_2_4,5,1,スライダー,130,ボール,64,4,3,1,2,33,122
2025_03_28_1_5,2025_03_28_1_5_5_1_2_5,5,1,ストレート,147,見逃し,65,5,3,2,2,129,77
2025_03_28_1_5,2025_03_28_1_5_5_1_2_6,5,1,ストレート,147,ファウル,66,6,3,2,2,120,24
2025_03_28_1_5,2025_03_28_1_5_5_1_2_7,5,1,スライダー,129,ファウル,67,7,3,2,2,74,80
2025_03_28_1_5,2025_03_28_1_5_5_1_2_8,5,1,スライダー,128,見三振,68,8,3,2,2,96,105
2025_03_28_1_5,2025_03_28_1_5_5_1_3_1,5,1,カーブ,125,ボール,69,1,1,0,2,158,121
2025_03_28_1_5,2025_03_28_1_5_5_1_3_2,5,1,フォーク,134,ボール,70,2,2,0,2,71,124
2025_03_28_1_5,2025_03_28_1_5_5_1_3_3,5,1,フォーク,136,空振り,71,3,2,1,2,99,119
2025_03_28_1_5,2025_03_28_1_5_5_1_3_4,5,1,ストレート,150,ボール,72,4,3,1,2,158,105
2025_03_28_1_5,2025_03_28_1_5_5_1_3_5,5,1,スライダー,127,空振り,73,5,3,2,2,145,74
2025_03_28_1_5,2025_03_28_1_5_5_1_3_6,5,1,ストレート,148,中２,74,6,3,2,2,74,45
2025_03_28_1_5,2025_03_28_1_5_5_1_4_1,5,1,ストレート,149,ボール,75,1,1,0,3,151,92
2025_03_28_1_5,2025_03_28_1_5_5_1_4_2,5,1,ストレート,147,遊直,76,2,1,0,3,95,82
2025_03_28_1_5,2025_03_28_1_5_6_0_1_1,6,0,ストレート,146,見逃し,1,1,0,1,0,136,24
2025_03_28_1_5,2025_03_28_1_5_6_0_1_2,6,0,ストレート,145,ボール,2,2,1,1,0,156,10
2025_03_28_1_5,2025_03_28_1_5_6_0_1_3,6,0,カットボール,140,ボール,3,3,2,1,0,152,9
2025_03_28_1_5,2025_03_28_1_5_6_0_1_4,6,0,カットボール,141,ボール,4,4,3,1,0,125,16
2025_03_28_1_5,2025_03_28_1_5_6_0_1_5,6,0,ストレート,148,左本,5,5,3,1,0,102,88
2025_03_28_1_5,2025_03_28_1_5_6_0_2_1,6,0,カットボール,143,ボール,6,1,1,0,1,159,43
2025_03_28_1_5,2025_03_28_1_5_6_0_2_2,6,0,カットボール,142,右飛,7,2,1,0,1,23,30
2025_03_28_1_5,2025_03_28_1_5_6_0_3_1,6,0,ストレート,147,見逃し,8,1,0,1,2,46,27
2025_03_28_1_5,2025_03_28_1_5_6_0_3_2,6,0,チェンジアップ,136,三ゴロ,9,2,0,1,2,116,30
2025_03_28_1_5,2025_03_28_1_5_6_0_4_1,6,0,チェンジアップ,136,ボール,10,1,1,0,2,155,16
2025_03_28_1_5,2025_03_28_1_5_6_0_4_2,6,0,チェンジアップ,135,右安,11,2,1,0,2,25,75
2025_03_28_1_5,2025_03_28_1_5_6_0_5_1,6,0,ストレート,143,右飛,12,1,0,0,3,119,39
2025_03_28_1_5,2025_03_28_1_5_6_1_1_1,6,1,スライダー,130,見逃し,77,1,0,1,1,95,35
2025_03_28_1_5,2025_03_28_1_5_6_1_1_2,6,1,スライダー,131,空振り,78,2,0,2,1,156,24
2025_03_28_1_5,2025_03_28_1_5_6_1_1_3,6,1,スライダー,131,ファウル,79,3,0,2,1,82,58
2025_03_28_1_5,2025_03_28_1_5_6_1_1_4,6,1,ストレート,-,二ゴロ,80,4,0,2,1,104,20
2025_03_28_1_5,2025_03_28_1_5_6_1_2_1,6,1,スライダー,128,見逃し,81,1,0,1,1,42,69
2025_03_28_1_5,2025_03_28_1_5_6_1_2_2,6,1,フォーク,138,空振り,82,2,0,2,1,152,87
2025_03_28_1_5,2025_03_28_1_5_6_1_2_3,6,1,ストレート,149,ボール,83,3,1,2,1,19,74
2025_03_28_1_5,2025_03_28_1_5_6_1_2_4,6,1,スライダー,131,ファウル,84,4,1,2,1,80,42
2025_03_28_1_5,2025_03_28_1_5_6_1_2_5,6,1,スライダー,133,ファウル,85,5,1,2,1,120,16
2025_03_28_1_5,2025_03_28_1_5_6_1_2_6,6,1,カーブ,125,ファウル,86,6,1,2,1,76,103
2025_03_28_1_5,2025_03_28_1_5_6_1_2_7,6,1,ストレート,148,中安,87,7,1,2,1,65,74
2025_03_28_1_5,2025_03_28_1_5_6_1_3_1,6,1,スライダー,129,見逃し,88,1,0,1,3,48,67
2025_03_28_1_5,2025_03_28_1_5_6_1_3_2,6,1,スライダー,130,ファウル,89,2,0,2,3,70,22
2025_03_28_1_5,2025_03_28_1_5_6_1_3_3,6,1,フォーク,137,三併打,90,3,0,2,3,120,99
2025_03_28_1_5,2025_03_28_1_5_7_0_1_1,7,0,カーブ,117,見逃し,13,1,0,1,0,134,49
2025_03_28_1_5,2025_03_28_1_5_7_0_1_2,7,0,ストレート,148,ボール,14,2,1,1,0,22,16
2025_03_28_1_5,2025_03_28_1_5_7_0_1_3,7,0,ストレート,138,ボール,15,3,2,1,0,10,119
2025_03_28_1_5,2025_03_28_1_5_7_0_1_4,7,0,カットボール,141,左安,16,4,2,1,0,132,42
2025_03_28_1_5,2025_03_28_1_5_7_0_2_1,7,0,カーブ,114,ボール,17,1,1,0,1,107,126
2025_03_28_1_5,2025_03_28_1_5_7_0_2_2,7,0,チェンジアップ,134,空振り,18,2,1,1,1,102,85
2025_03_28_1_5,2025_03_28_1_5_7_0_2_3,7,0,ストレート,147,ファウル,19,3,1,2,1,62,102
2025_03_28_1_5,2025_03_28_1_5_7_0_2_4,7,0,スプリット,133,見三振,20,4,1,2,1,134,89
2025_03_28_1_5,2025_03_28_1_5_7_0_3_1,7,0,ストレート,145,ボール,21,1,1,0,1,91,122
2025_03_28_1_5,2025_03_28_1_5_7_0_3_2,7,0,ストレート,146,ボール,22,2,2,0,1,18,112
2025_03_28_1_5,2025_03_28_1_5_7_0_3_3,7,0,カットボール,140,ボール,23,3,3,0,1,152,50
2025_03_28_1_5,2025_03_28_1_5_7_0_3_4,7,0,ストレート,146,見逃し,24,4,3,1,1,115,43
2025_03_28_1_5,2025_03_28_1_5_7_0_3_5,7,0,ストレート,147,ファウル,25,5,3,2,1,22,49
2025_03_28_1_5,2025_03_28_1_5_7_0_3_6,7,0,ストレート,148,ファウル,26,6,3,2,1,67,108
2025_03_28_1_5,2025_03_28_1_5_7_0_3_7,7,0,カットボール,141,ファウル,27,7,3,2,1,152,32
2025_03_28_1_5,2025_03_28_1_5_7_0_3_8,7,0,ストレート,149,中安,28,8,3,2,1,64,43
2025_03_28_1_5,2025_03_28_1_5_7_0_4_1,7,0,ストレート,147,ボール,29,1,1,0,3,24,123
2025_03_28_1_5,2025_03_28_1_5_7_0_4_2,7,0,カットボール,135,二併打,30,2,1,0,3,73,52
2025_03_28_1_5,2025_03_28_1_5_7_1_1_1,7,1,ストレート,148,見逃し,1,1,0,1,1,51,58
2025_03_28_1_5,2025_03_28_1_5_7_1_1_2,7,1,スライダー,134,遊ゴロ,2,2,0,1,1,104,49
2025_03_28_1_5,2025_03_28_1_5_7_1_2_1,7,1,ワンシーム,147,ボール,3,1,1,0,2,158,28
2025_03_28_1_5,2025_03_28_1_5_7_1_2_2,7,1,ストレート,147,空振り,4,2,1,1,2,67,107
2025_03_28_1_5,2025_03_28_1_5_7_1_2_3,7,1,スライダー,135,ボール,5,3,2,1,2,153,79
2025_03_28_1_5,2025_03_28_1_5_7_1_2_4,7,1,スライダー,135,空振り,6,4,2,2,2,56,38
2025_03_28_1_5,2025_03_28_1_5_7_1_2_5,7,1,ストレート,149,ボール,7,5,3,2,2,152,15
2025_03_28_1_5,2025_03_28_1_5_7_1_2_6,7,1,ストレート,148,ファウル,8,6,3,2,2,73,97
2025_03_28_1_5,2025_03_28_1_5_7_1_2_7,7,1,ストレート,149,ファウル,9,7,3,2,2,24,85
2025_03_28_1_5,2025_03_28_1_5_7_1_2_8,7,1,ストレート,149,ファウル,10,8,3,2,2,76,115
2025_03_28_1_5,2025_03_28_1_5_7_1_2_9,7,1,スライダー,136,空三振,11,9,3,2,2,107,80
2025_03_28_1_5,2025_03_28_1_5_7_1_3_1,7,1,ワンシーム,148,ボール,12,1,1,0,3,154,45
2025_03_28_1_5,2025_03_28_1_5_7_1_3_2,7,1,ワンシーム,146,ボール,13,2,2,0,3,56,122
2025_03_28_1_5,2025_03_28_1_5_7_1_3_3,7,1,スライダー,133,ファウル,14,3,2,1,3,99,84
2025_03_28_1_5,2025_03_28_1_5_7_1_3_4,7,1,スライダー,136,三ゴロ,15,4,2,1,3,102,90
2025_03_28_1_5,2025_03_28_1_5_8_0_1_1,8,0,ストレート,146,ボール,1,1,1,0,1,20,89
2025_03_28_1_5,2025_03_28_1_5_8_0_1_2,8,0,ツーシーム,136,見逃し,2,2,1,1,1,54,68
2025_03_28_1_5,2025_03_28_1_5_8_0_1_3,8,0,ストレート,147,ボール,3,3,2,1,1,153,103
2025_03_28_1_5,2025_03_28_1_5_8_0_1_4,8,0,ストレート,149,ファウル,4,4,2,2,1,69,100
2025_03_28_1_5,2025_03_28_1_5_8_0_1_5,8,0,フォーク,141,ボール,5,5,3,2,1,157,39
2025_03_28_1_5,2025_03_28_1_5_8_0_1_6,8,0,ツーシーム,138,空三振,6,6,3,2,1,64,76
2025_03_28_1_5,2025_03_28_1_5_8_0_2_1,8,0,ツーシーム,139,ボール,7,1,1,0,2,173,10
2025_03_28_1_5,2025_03_28_1_5_8_0_2_2,8,0,ツーシーム,138,二ゴロ,8,2,1,0,2,145,44
2025_03_28_1_5,2025_03_28_1_5_8_0_3_1,8,0,ストレート,149,見逃し,9,1,0,1,3,130,105
2025_03_28_1_5,2025_03_28_1_5_8_0_3_2,8,0,ストレート,148,ファウル,10,2,0,2,3,135,64
2025_03_28_1_5,2025_03_28_1_5_8_0_3_3,8,0,ストレート,148,ファウル,11,3,0,2,3,96,80
2025_03_28_1_5,2025_03_28_1_5_8_0_3_4,8,0,縦スライダー,116,見三振,12,4,0,2,3,54,48
2025_03_28_1_5,2025_03_28_1_5_8_1_1_1,8,1,ストレート,142,見逃し,1,1,0,1,0,44,68
2025_03_28_1_5,2025_03_28_1_5_8_1_1_2,8,1,ストレート,143,ボール,2,2,1,1,0,20,29
2025_03_28_1_5,2025_03_28_1_5_8_1_1_3,8,1,カットボール,134,ボール,3,3,2,1,0,171,127
2025_03_28_1_5,2025_03_28_1_5_8_1_1_4,8,1,ツーシーム,142,左安,4,4,2,1,0,87,104
2025_03_28_1_5,2025_03_28_1_5_8_1_2_1,8,1,スライダー,128,ファウル,5,1,0,1,0,110,119
2025_03_28_1_5,2025_03_28_1_5_8_1_2_2,8,1,ストレート,141,ボール,6,2,1,1,0,124,120
2025_03_28_1_5,2025_03_28_1_5_8_1_2_3,8,1,スライダー,130,ボール,7,3,2,1,0,152,121
2025_03_28_1_5,2025_03_28_1_5_8_1_2_4,8,1,ツーシーム,141,ボール,8,4,3,1,0,22,64
2025_03_28_1_5,2025_03_28_1_5_8_1_2_5,8,1,ツーシーム,142,ファウル,9,5,3,2,0,59,120
2025_03_28_1_5,2025_03_28_1_5_8_1_2_6,8,1,スライダー,128,ファウル,10,6,3,2,0,108,100
2025_03_28_1_5,2025_03_28_1_5_8_1_2_7,8,1,スライダー,128,右本,11,7,3,2,0,62,109
2025_03_28_1_5,2025_03_28_1_5_8_1_3_1,8,1,ツーシーム,141,見逃し,12,1,0,1,0,70,113
2025_03_28_1_5,2025_03_28_1_5_8_1_3_2,8,1,フォーク,132,ボール,13,2,1,1,0,86,14
2025_03_28_1_5,2025_03_28_1_5_8_1_3_3,8,1,ストレート,141,ボール,14,3,2,1,0,124,125
2025_03_28_1_5,2025_03_28_1_5_8_1_3_4,8,1,ツーシーム,144,ボール,15,4,3,1,0,24,49
2025_03_28_1_5,2025_03_28_1_5_8_1_3_5,8,1,ストレート,142,四球,16,5,3,1,0,20,76
2025_03_28_1_5,2025_03_28_1_5_8_1_4_1,8,1,カットボール,135,見逃し,1,1,0,1,1,46,53
2025_03_28_1_5,2025_03_28_1_5_8_1_4_2,8,1,スライダー,131,ボール,2,2,1,1,1,129,120
2025_03_28_1_5,2025_03_28_1_5_8_1_4_3,8,1,スプリット,139,ボール,3,3,2,1,1,164,80
2025_03_28_1_5,2025_03_28_1_5_8_1_4_4,8,1,カットボール,135,ファウル,4,4,2,2,1,131,64
2025_03_28_1_5,2025_03_28_1_5_8_1_4_5,8,1,スライダー,131,ファウル,5,5,2,2,1,35,105
2025_03_28_1_5,2025_03_28_1_5_8_1_4_6,8,1,ストレート,150,一飛,6,6,2,2,1,131,55
2025_03_28_1_5,2025_03_28_1_5_8_1_5_1,8,1,スライダー,128,ボール,7,1,1,0,1,28,122
2025_03_28_1_5,2025_03_28_1_5_8_1_5_2,8,1,カットボール,137,二安,8,2,1,0,1,56,30
2025_03_28_1_5,2025_03_28_1_5_8_1_6_1,8,1,カットボール,137,ボール,9,1,1,0,3,174,13
2025_03_28_1_5,2025_03_28_1_5_8_1_6_2,8,1,ストレート,150,遊併打,10,2,1,0,3,36,83
2025_03_28_1_5,2025_03_28_1_5_9_0_1_1,9,0,ツーシーム,135,ボール,13,1,1,0,1,16,72
2025_03_28_1_5,2025_03_28_1_5_9_0_1_2,9,0,ツーシーム,138,空振り,14,2,1,1,1,158,88
2025_03_28_1_5,2025_03_28_1_5_9_0_1_3,9,0,ストレート,148,中飛,15,3,1,1,1,132,82
2025_03_28_1_5,2025_03_28_1_5_9_0_2_1,9,0,ストレート,149,ボール,16,1,1,0,2,14,69
2025_03_28_1_5,2025_03_28_1_5_9_0_2_2,9,0,ストレート,146,見逃し,17,2,1,1,2,60,84
2025_03_28_1_5,2025_03_28_1_5_9_0_2_3,9,0,カットボール,129,ボール,18,3,2,1,2,151,15
2025_03_28_1_5,2025_03_28_1_5_9_0_2_4,9,0,ツーシーム,139,ファウル,19,4,2,2,2,87,76
2025_03_28_1_5,2025_03_28_1_5_9_0_2_5,9,0,ストレート,148,ファウル,20,5,2,2,2,72,100
2025_03_28_1_5,2025_03_28_1_5_9_0_2_6,9,0,ストレート,148,ボール,21,6,3,2,2,21,109
2025_03_28_1_5,2025_03_28_1_5_9_0_2_7,9,0,ストレート,-,右飛,22,7,3,2,2,24,74
2025_03_28_1_5,2025_03_28_1_5_9_0_3_1,9,0,縦スライダー,117,ボール,23,1,1,0,3,167,48
2025_03_28_1_5,2025_03_28_1_5_9_0_3_2,9,0,ツーシーム,138,見逃し,24,2,1,1,3,100,44
2025_03_28_1_5,2025_03_28_1_5_9_0_3_3,9,0,ツーシーム,140,捕ゴロ,25,3,1,1,3,136,50
2025_03_28_1_5,2025_03_28_1_5_9_1_1_1,9,1,ストレート,144,見逃し,1,1,0,1,0,60,34
2025_03_28_1_5,2025_03_28_1_5_9_1_1_2,9,1,ストレート,140,ボール,2,2,1,1,0,167,124
2025_03_28_1_5,2025_03_28_1_5_9_1_1_3,9,1,スライダー,132,空振り,3,3,1,2,0,54,83
2025_03_28_1_5,2025_03_28_1_5_9_1_1_4,9,1,ストレート,144,ボール,4,4,2,2,0,19,63
2025_03_28_1_5,2025_03_28_1_5_9_1_1_5,9,1,ストレート,141,中安,5,5,2,2,0,148,88
2025_03_28_1_5,2025_03_28_1_5_9_1_2_1,9,1,スライダー,132,見逃し,6,1,0,1,1,96,108
2025_03_28_1_5,2025_03_28_1_5_9_1_2_2,9,1,スライダー,132,空振り,7,2,0,2,1,160,123
2025_03_28_1_5,2025_03_28_1_5_9_1_2_3,9,1,スライダー,134,空三振,8,3,0,2,1,156,119
2025_03_28_1_5,2025_03_28_1_5_9_1_3_1,9,1,スライダー,131,ファウル,9,1,0,1,1,147,68
2025_03_28_1_5,2025_03_28_1_5_9_1_3_2,9,1,チェンジアップ,128,ボール,10,2,1,1,1,160,48
2025_03_28_1_5,2025_03_28_1_5_9_1_3_3,9,1,シュート,143,ボール,11,3,2,1,1,26,6
2025_03_28_1_5,2025_03_28_1_5_9_1_3_4,9,1,スライダー,133,ボール,12,4,3,1,1,150,125
2025_03_28_1_5,2025_03_28_1_5_9_1_3_5,9,1,シュート,142,中安,13,5,3,1,1,112,78
2025_03_28_1_5,2025_03_28_1_5_9_1_4_1,9,1,ストレート,142,ファウル,14,1,0,1,1,96,82
2025_03_28_1_5,2025_03_28_1_5_9_1_4_2,9,1,スライダー,132,ボール,15,2,1,1,1,132,120
2025_03_28_1_5,2025_03_28_1_5_9_1_4_3,9,1,チェンジアップ,128,ファウル,16,3,1,2,1,125,16
2025_03_28_1_5,2025_03_28_1_5_9_1_4_4,9,1,ストレート,142,ファウル,17,4,1,2,1,22,44
2025_03_28_1_5,2025_03_28_1_5_9_1_4_5,9,1,チェンジアップ,128,右安,18,5,1,2,1,58,20
2025_03_28_1_5,2025_03_28_1_5_9_1_5_1,9,1,スライダー,132,ボール,19,1,1,0,1,167,122
2025_03_28_1_5,2025_03_28_1_5_9_1_5_2,9,1,スライダー,132,ファウル,20,2,1,1,1,76,105
2025_03_28_1_5,2025_03_28_1_5_9_1_5_3,9,1,ストレート,-,死球,21,3,1,1,1,18,3
2025_03_28_1_5,2025_03_28_1_5_9_1_6_1,9,1,スライダー,132,見逃し,22,1,0,1,1,129,100
2025_03_28_1_5,2025_03_28_1_5_9_1_6_2,9,1,チェンジアップ,130,ボール,23,2,1,1,1,160,48
2025_03_28_1_5,2025_03_28_1_5_9_1_6_3,9,1,ストレート,142,中安,24,3,1,1,1,116,110
2025_03_28_1_5,2025_03_28_1_5_9_1_7_1,9,1,スライダー,130,ボール,25,1,1,0,1,18,12
2025_03_28_1_5,2025_03_28_1_5_9_1_7_2,9,1,チェンジアップ,129,左安,26,2,1,0,1,132,60
2025_03_28_1_5,2025_03_28_1_5_9_1_8_1,9,1,ストレート,145,見逃し,27,1,0,1,2,80,92
2025_03_28_1_5,2025_03_28_1_5_9_1_8_2,9,1,チェンジアップ,132,右飛,28,2,0,1,2,153,50
2025_03_28_1_5,2025_03_28_1_5_9_1_9_1,9,1,ストレート,145,ボール,29,1,1,0,3,118,124
2025_03_28_1_5,2025_03_28_1_5_9_1_9_2,9,1,ストレート,144,ボール,30,2,2,0,3,16,45
2025_03_28_1_5,2025_03_28_1_5_9_1_9_3,9,1,ストレート,144,三ゴロ,31,3,2,0,3,67,58
2025_03_28_3_6,2025_03_28_3_6_1_0_1_1,1,0,ストレート,-,ボール,1,1,1,0,1,96,124
2025_03_28_3_6,2025_03_28_3_6_1_0_1_2,1,0,ストレート,-,ボール,2,2,2,0,1,20,104
2025_03_28_3_6,2025_03_28_3_6_1_0_1_3,1,0,ストレート,-,見逃し,3,3,2,1,1,101,116
2025_03_28_3_6,2025_03_28_3_6_1_0_1_4,1,0,ストレート,144,ファウル,4,4,2,2,1,79,118
2025_03_28_3_6,2025_03_28_3_6_1_0_1_5,1,0,ストレート,143,二ゴロ,5,5,2,2,1,50,37
2025_03_28_3_6,2025_03_28_3_6_1_0_2_1,1,0,ストレート,144,ボール,6,1,1,0,2,36,10
2025_03_28_3_6,2025_03_28_3_6_1_0_2_2,1,0,ストレート,143,空振り,7,2,1,1,2,71,40
2025_03_28_3_6,2025_03_28_3_6_1_0_2_3,1,0,カットボール,136,ファウル,8,3,1,2,2,44,109
2025_03_28_3_6,2025_03_28_3_6_1_0_2_4,1,0,ストレート,146,ファウル,9,4,1,2,2,127,18
2025_03_28_3_6,2025_03_28_3_6_1_0_2_5,1,0,スライダー,128,一邪飛,10,5,1,2,2,76,88
2025_03_28_3_6,2025_03_28_3_6_1_0_3_1,1,0,ストレート,144,ボール,11,1,1,0,2,19,12
2025_03_28_3_6,2025_03_28_3_6_1_0_3_2,1,0,カットボール,134,ボール,12,2,2,0,2,19,105
2025_03_28_3_6,2025_03_28_3_6_1_0_3_3,1,0,カットボール,134,ファウル,13,3,2,1,2,24,72
2025_03_28_3_6,2025_03_28_3_6_1_0_3_4,1,0,ストレート,143,空振り,14,4,2,2,2,34,82
2025_03_28_3_6,2025_03_28_3_6_1_0_3_5,1,0,チェンジアップ,118,左安,15,5,2,2,2,122,28
2025_03_28_3_6,2025_03_28_3_6_1_0_4_1,1,0,ストレート,145,見逃し,16,1,0,1,3,112,110
2025_03_28_3_6,2025_03_28_3_6_1_0_4_2,1,0,ストレート,144,ボール,17,2,1,1,3,116,119
2025_03_28_3_6,2025_03_28_3_6_1_0_4_3,1,0,カットボール,136,左飛,18,3,1,1,3,107,89
2025_03_28_3_6,2025_03_28_3_6_1_1_1_1,1,1,ストレート,152,空振り,1,1,0,1,1,27,120
2025_03_28_3_6,2025_03_28_3_6_1_1_1_2,1,1,ストレート,153,空振り,2,2,0,2,1,50,120
2025_03_28_3_6,2025_03_28_3_6_1_1_1_3,1,1,ストレート,153,ボール,3,3,1,2,1,102,119
2025_03_28_3_6,2025_03_28_3_6_1_1_1_4,1,1,スプリット,144,ファウル,4,4,1,2,1,162,47
2025_03_28_3_6,2025_03_28_3_6_1_1_1_5,1,1,ストレート,153,三邪飛,5,5,1,2,1,20,100
2025_03_28_3_6,2025_03_28_3_6_1_1_2_1,1,1,スプリット,140,見逃し,6,1,0,1,1,135,40
2025_03_28_3_6,2025_03_28_3_6_1_1_2_2,1,1,ストレート,153,ファウル,7,2,0,2,1,56,85
2025_03_28_3_6,2025_03_28_3_6_1_1_2_3,1,1,スプリット,145,ファウル,8,3,0,2,1,136,15
2025_03_28_3_6,2025_03_28_3_6_1_1_2_4,1,1,スプリット,142,左安,9,4,0,2,1,100,32
2025_03_28_3_6,2025_03_28_3_6_1_1_3_1,1,1,ストレート,152,見逃し,10,1,0,1,2,102,105
2025_03_28_3_6,2025_03_28_3_6_1_1_3_2,1,1,ストレート,152,ボール,11,2,1,1,2,100,120
2025_03_28_3_6,2025_03_28_3_6_1_1_3_3,1,1,ストレート,151,ボール,12,3,2,1,2,60,120
2025_03_28_3_6,2025_03_28_3_6_1_1_3_4,1,1,ストレート,151,ファウル,13,4,2,2,2,34,72
2025_03_28_3_6,2025_03_28_3_6_1_1_3_5,1,1,ストレート,152,中飛,14,5,2,2,2,54,97
2025_03_28_3_6,2025_03_28_3_6_1_1_4_1,1,1,カットボール,141,ボール,15,1,1,0,3,149,68
2025_03_28_3_6,2025_03_28_3_6_1_1_4_2,1,1,ストレート,153,右２,16,2,1,0,3,113,50
2025_03_28_3_6,2025_03_28_3_6_2_0_1_1,2,0,カットボール,133,見逃し,19,1,0,1,1,53,103
2025_03_28_3_6,2025_03_28_3_6_2_0_1_2,2,0,チェンジアップ,126,ボール,20,2,1,1,1,100,18
2025_03_28_3_6,2025_03_28_3_6_2_0_1_3,2,0,チェンジアップ,127,二ゴロ,21,3,1,1,1,89,49
2025_03_28_3_6,2025_03_28_3_6_2_0_2_1,2,0,ストレート,143,ボール,22,1,1,0,2,60,13
2025_03_28_3_6,2025_03_28_3_6_2_0_2_2,2,0,ストレート,142,見逃し,23,2,1,1,2,86,27
2025_03_28_3_6,2025_03_28_3_6_2_0_2_3,2,0,ストレート,144,ファウル,24,3,1,2,2,53,38
2025_03_28_3_6,2025_03_28_3_6_2_0_2_4,2,0,ツーシーム,130,空三振,25,4,1,2,2,48,36
2025_03_28_3_6,2025_03_28_3_6_2_0_3_1,2,0,スライダー,126,見逃し,26,1,0,1,3,87,105
2025_03_28_3_6,2025_03_28_3_6_2_0_3_2,2,0,スライダー,123,空振り,27,2,0,2,3,170,120
2025_03_28_3_6,2025_03_28_3_6_2_0_3_3,2,0,スライダー,126,ファウル,28,3,0,2,3,88,119
2025_03_28_3_6,2025_03_28_3_6_2_0_3_4,2,0,ストレート,146,ボール,29,4,1,2,3,121,119
2025_03_28_3_6,2025_03_28_3_6_2_0_3_5,2,0,スライダー,127,二ゴロ,30,5,1,2,3,148,113
2025_03_28_3_6,2025_03_28_3_6_2_1_1_1,2,1,ストレート,151,見逃し,17,1,0,1,0,110,34
2025_03_28_3_6,2025_03_28_3_6_2_1_1_2,2,1,カーブ,128,ボール,18,2,1,1,0,25,52
2025_03_28_3_6,2025_03_28_3_6_2_1_1_3,2,1,スプリット,144,左安,19,3,1,1,0,91,102
2025_03_28_3_6,2025_03_28_3_6_2_1_2_1,2,1,ストレート,151,見逃し,20,1,0,1,0,112,35
2025_03_28_3_6,2025_03_28_3_6_2_1_2_2,2,1,ストレート,150,ボール,21,2,1,1,0,90,18
2025_03_28_3_6,2025_03_28_3_6_2_1_2_3,2,1,ストレート,151,空振り,22,3,1,2,0,100,48
2025_03_28_3_6,2025_03_28_3_6_2_1_2_4,2,1,スプリット,142,死球,23,4,1,2,0,54,138
2025_03_28_3_6,2025_03_28_3_6_2_1_3_1,2,1,カーブ,126,空振り,24,1,0,1,2,167,70
2025_03_28_3_6,2025_03_28_3_6_2_1_3_2,2,1,スプリット,143,ボール,25,2,1,1,2,155,42
2025_03_28_3_6,2025_03_28_3_6_2_1_3_3,2,1,スプリット,143,遊併打,26,3,1,1,2,150,54
2025_03_28_3_6,2025_03_28_3_6_2_1_4_1,2,1,スプリット,144,空振り,27,1,0,1,2,156,118
2025_03_28_3_6,2025_03_28_3_6_2_1_4_2,2,1,ストレート,152,ファウル,28,2,0,2,2,47,108
2025_03_28_3_6,2025_03_28_3_6_2_1_4_3,2,1,スプリット,144,左安,29,3,0,2,2,131,120
2025_03_28_3_6,2025_03_28_3_6_2_1_5_1,2,1,ストレート,151,見逃し,30,1,0,1,3,100,52
2025_03_28_3_6,2025_03_28_3_6_2_1_5_2,2,1,ストレート,150,見逃し,31,2,0,2,3,100,104
2025_03_28_3_6,2025_03_28_3_6_2_1_5_3,2,1,ストレート,150,ボール,32,3,1,2,3,25,120
2025_03_28_3_6,2025_03_28_3_6_2_1_5_4,2,1,スプリット,140,二ゴロ,33,4,1,2,3,80,117
2025_03_28_3_6,2025_03_28_3_6_3_0_1_1,3,0,ストレート,141,見逃し,31,1,0,1,1,98,108
2025_03_28_3_6,2025_03_28_3_6_3_0_1_2,3,0,ストレート,143,見逃し,32,2,0,2,1,135,28
2025_03_28_3_6,2025_03_28_3_6_3_0_1_3,3,0,ストレート,143,見三振,33,3,0,2,1,140,35
2025_03_28_3_6,2025_03_28_3_6_3_0_2_1,3,0,ストレート,140,見逃し,34,1,0,1,2,104,100
2025_03_28_3_6,2025_03_28_3_6_3_0_2_2,3,0,ストレート,141,見逃し,35,2,0,2,2,87,32
2025_03_28_3_6,2025_03_28_3_6_3_0_2_3,3,0,ストレート,142,一ゴロ,36,3,0,2,2,135,60
2025_03_28_3_6,2025_03_28_3_6_3_0_3_1,3,0,カットボール,134,見逃し,37,1,0,1,2,52,107
2025_03_28_3_6,2025_03_28_3_6_3_0_3_2,3,0,スライダー,127,ボール,38,2,1,1,2,106,125
2025_03_28_3_6,2025_03_28_3_6_3_0_3_3,3,0,スライダー,128,見逃し,39,3,1,2,2,80,104
2025_03_28_3_6,2025_03_28_3_6_3_0_3_4,3,0,ストレート,145,ボール,40,4,2,2,2,131,124
2025_03_28_3_6,2025_03_28_3_6_3_0_3_5,3,0,ツーシーム,131,左２,41,5,2,2,2,122,120
2025_03_28_3_6,2025_03_28_3_6_3_0_4_1,3,0,チェンジアップ,129,一直,42,1,0,0,3,121,45
2025_03_28_3_6,2025_03_28_3_6_3_1_1_1,3,1,スプリット,141,空振り,34,1,0,1,1,119,117
2025_03_28_3_6,2025_03_28_3_6_3_1_1_2,3,1,スプリット,144,ボール,35,2,1,1,1,168,113
2025_03_28_3_6,2025_03_28_3_6_3_1_1_3,3,1,スプリット,143,空振り,36,3,1,2,1,154,112
2025_03_28_3_6,2025_03_28_3_6_3_1_1_4,3,1,ストレート,152,ファウル,37,4,1,2,1,46,118
2025_03_28_3_6,2025_03_28_3_6_3_1_1_5,3,1,ストレート,152,ファウル,38,5,1,2,1,34,35
2025_03_28_3_6,2025_03_28_3_6_3_1_1_6,3,1,スプリット,144,空三振,39,6,1,2,1,152,124
2025_03_28_3_6,2025_03_28_3_6_3_1_2_1,3,1,ストレート,149,見逃し,40,1,0,1,2,109,105
2025_03_28_3_6,2025_03_28_3_6_3_1_2_2,3,1,スプリット,144,ファウル,41,2,0,2,2,147,84
2025_03_28_3_6,2025_03_28_3_6_3_1_2_3,3,1,スプリット,146,ボール,42,3,1,2,2,160,30
2025_03_28_3_6,2025_03_28_3_6_3_1_2_4,3,1,スプリット,146,左飛,43,4,1,2,2,149,50
2025_03_28_3_6,2025_03_28_3_6_3_1_3_1,3,1,カーブ,130,ボール,44,1,1,0,3,169,38
2025_03_28_3_6,2025_03_28_3_6_3_1_3_2,3,1,スプリット,142,ボール,45,2,2,0,3,104,19
2025_03_28_3_6,2025_03_28_3_6_3_1_3_3,3,1,カットボール,140,一飛,46,3,2,0,3,70,40
2025_03_28_3_6,2025_03_28_3_6_4_0_1_1,4,0,カットボール,134,ファウル,43,1,0,1,1,65,105
2025_03_28_3_6,2025_03_28_3_6_4_0_1_2,4,0,チェンジアップ,128,三ゴロ,44,2,0,1,1,113,22
2025_03_28_3_6,2025_03_28_3_6_4_0_2_1,4,0,ストレート,141,見逃し,45,1,0,1,2,87,112
2025_03_28_3_6,2025_03_28_3_6_4_0_2_2,4,0,チェンジアップ,127,見逃し,46,2,0,2,2,53,72
2025_03_28_3_6,2025_03_28_3_6_4_0_2_3,4,0,ストレート,143,ボール,47,3,1,2,2,133,16
2025_03_28_3_6,2025_03_28_3_6_4_0_2_4,4,0,ストレート,141,ボール,48,4,2,2,2,98,121
2025_03_28_3_6,2025_03_28_3_6_4_0_2_5,4,0,チェンジアップ,128,ボール,49,5,3,2,2,166,64
2025_03_28_3_6,2025_03_28_3_6_4_0_2_6,4,0,カットボール,135,空三振,50,6,3,2,2,67,120
2025_03_28_3_6,2025_03_28_3_6_4_0_3_1,4,0,カットボール,135,ボール,51,1,1,0,3,156,122
2025_03_28_3_6,2025_03_28_3_6_4_0_3_2,4,0,カットボール,134,空振り,52,2,1,1,3,55,97
2025_03_28_3_6,2025_03_28_3_6_4_0_3_3,4,0,ストレート,142,見逃し,53,3,1,2,3,71,110
2025_03_28_3_6,2025_03_28_3_6_4_0_3_4,4,0,チェンジアップ,128,二飛,54,4,1,2,3,101,92
2025_03_28_3_6,2025_03_28_3_6_4_1_1_1,4,1,ストレート,152,見逃し,47,1,0,1,1,69,32
2025_03_28_3_6,2025_03_28_3_6_4_1_1_2,4,1,カーブ,129,ボール,48,2,1,1,1,161,15
2025_03_28_3_6,2025_03_28_3_6_4_1_1_3,4,1,カーブ,127,ボール,49,3,2,1,1,172,16
2025_03_28_3_6,2025_03_28_3_6_4_1_1_4,4,1,スプリット,144,ファウル,50,4,2,2,1,133,85
2025_03_28_3_6,2025_03_28_3_6_4_1_1_5,4,1,スプリット,145,ファウル,51,5,2,2,1,150,59
2025_03_28_3_6,2025_03_28_3_6_4_1_1_6,4,1,カットボール,141,空三振,52,6,2,2,1,127,64
2025_03_28_3_6,2025_03_28_3_6_4_1_2_1,4,1,ストレート,153,見逃し,53,1,0,1,2,130,62
2025_03_28_3_6,2025_03_28_3_6_4_1_2_2,4,1,カーブ,130,ボール,54,2,1,1,2,168,19
2025_03_28_3_6,2025_03_28_3_6_4_1_2_3,4,1,ストレート,152,ボール,55,3,2,1,2,107,16
2025_03_28_3_6,2025_03_28_3_6_4_1_2_4,4,1,ストレート,152,投ゴロ,56,4,2,1,2,130,47
2025_03_28_3_6,2025_03_28_3_6_4_1_3_1,4,1,カーブ,129,ボール,57,1,1,0,3,167,22
2025_03_28_3_6,2025_03_28_3_6_4_1_3_2,4,1,カットボール,142,ファウル,58,2,1,1,3,129,47
2025_03_28_3_6,2025_03_28_3_6_4_1_3_3,4,1,カーブ,128,ボール,59,3,2,1,3,23,18
2025_03_28_3_6,2025_03_28_3_6_4_1_3_4,4,1,ストレート,153,空振り,60,4,2,2,3,23,52
2025_03_28_3_6,2025_03_28_3_6_4_1_3_5,4,1,カットボール,141,三ゴロ,61,5,2,2,3,129,34
2025_03_28_3_6,2025_03_28_3_6_5_0_1_1,5,0,カットボール,132,見逃し,55,1,0,1,0,60,108
2025_03_28_3_6,2025_03_28_3_6_5_0_1_2,5,0,ストレート,143,見逃し,56,2,0,2,0,128,35
2025_03_28_3_6,2025_03_28_3_6_5_0_1_3,5,0,ストレート,143,遊安,57,3,0,2,0,78,34
2025_03_28_3_6,2025_03_28_3_6_5_0_2_1,5,0,スライダー,127,見逃し,58,1,0,1,1,100,114
2025_03_28_3_6,2025_03_28_3_6_5_0_2_2,5,0,ストレート,145,ボール,59,2,1,1,1,160,107
2025_03_28_3_6,2025_03_28_3_6_5_0_2_3,5,0,チェンジアップ,127,ファウル,60,3,1,2,1,73,116
2025_03_28_3_6,2025_03_28_3_6_5_0_2_4,5,0,ストレート,146,ボール,61,4,2,2,1,91,122
2025_03_28_3_6,2025_03_28_3_6_5_0_2_5,5,0,ストレート,146,ボール,62,5,3,2,1,165,120
2025_03_28_3_6,2025_03_28_3_6_5_0_2_6,5,0,スライダー,129,ファウル,63,6,3,2,1,110,118
2025_03_28_3_6,2025_03_28_3_6_5_0_2_7,5,0,チェンジアップ,128,ファウル,64,7,3,2,1,96,102
2025_03_28_3_6,2025_03_28_3_6_5_0_2_8,5,0,ストレート,147,三直,65,8,3,2,1,144,120
2025_03_28_3_6,2025_03_28_3_6_5_0_3_1,5,0,チェンジアップ,128,ファウル,66,1,0,1,2,144,78
2025_03_28_3_6,2025_03_28_3_6_5_0_3_2,5,0,カットボール,136,遊飛,67,2,0,1,2,67,113
2025_03_28_3_6,2025_03_28_3_6_5_0_4_1,5,0,ストレート,143,ボール,68,1,1,0,3,101,16
2025_03_28_3_6,2025_03_28_3_6_5_0_4_2,5,0,ストレート,142,ファウル,69,2,1,1,3,127,77
2025_03_28_3_6,2025_03_28_3_6_5_0_4_3,5,0,ストレート,144,空振り,70,3,1,2,3,129,52
2025_03_28_3_6,2025_03_28_3_6_5_0_4_4,5,0,ストレート,143,二ゴロ,71,4,1,2,3,71,44
2025_03_28_3_6,2025_03_28_3_6_5_1_1_1,5,1,ストレート,150,見逃し,62,1,0,1,1,45,103
2025_03_28_3_6,2025_03_28_3_6_5_1_1_2,5,1,ストレート,150,ボール,63,2,1,1,1,22,75
2025_03_28_3_6,2025_03_28_3_6_5_1_1_3,5,1,スプリット,139,ボール,64,3,2,1,1,152,117
2025_03_28_3_6,2025_03_28_3_6_5_1_1_4,5,1,カットボール,140,三邪飛,65,4,2,1,1,139,59
2025_03_28_3_6,2025_03_28_3_6_5_1_2_1,5,1,スプリット,144,ボール,66,1,1,0,1,167,24
2025_03_28_3_6,2025_03_28_3_6_5_1_2_2,5,1,ストレート,153,ファウル,67,2,1,1,1,44,100
2025_03_28_3_6,2025_03_28_3_6_5_1_2_3,5,1,スプリット,145,二安,68,3,1,1,1,109,114
2025_03_28_3_6,2025_03_28_3_6_5_1_3_1,5,1,ストレート,152,投犠打,69,1,0,0,2,66,44
2025_03_28_3_6,2025_03_28_3_6_5_1_4_1,5,1,ストレート,151,ファウル,70,1,0,1,2,30,93
2025_03_28_3_6,2025_03_28_3_6_5_1_4_2,5,1,スプリット,143,中安,71,2,0,1,2,156,116
2025_03_28_3_6,2025_03_28_3_6_5_1_5_1,5,1,スプリット,141,ボール,72,1,1,0,3,105,118
2025_03_28_3_6,2025_03_28_3_6_5_1_5_2,5,1,カットボール,138,見逃し,73,2,1,1,3,120,93
2025_03_28_3_6,2025_03_28_3_6_5_1_5_3,5,1,ストレート,151,一邪飛,74,3,1,1,3,129,64
2025_03_28_3_6,2025_03_28_3_6_6_0_1_1,6,0,ストレート,-,二ゴロ,72,1,0,0,1,76,104
2025_03_28_3_6,2025_03_28_3_6_6_0_2_1,6,0,ストレート,141,見逃し,73,1,0,1,2,66,52
2025_03_28_3_6,2025_03_28_3_6_6_0_2_2,6,0,ストレート,144,見逃し,74,2,0,2,2,53,60
2025_03_28_3_6,2025_03_28_3_6_6_0_2_3,6,0,チェンジアップ,124,ファウル,75,3,0,2,2,148,37
2025_03_28_3_6,2025_03_28_3_6_6_0_2_4,6,0,ストレート,141,ファウル,76,4,0,2,2,110,84
2025_03_28_3_6,2025_03_28_3_6_6_0_2_5,6,0,カットボール,134,ファウル,77,5,0,2,2,119,92
2025_03_28_3_6,2025_03_28_3_6_6_0_2_6,6,0,カットボール,134,ファウル,78,6,0,2,2,72,105
2025_03_28_3_6,2025_03_28_3_6_6_0_2_7,6,0,チェンジアップ,129,空三振,79,7,0,2,2,160,80
2025_03_28_3_6,2025_03_28_3_6_6_0_3_1,6,0,ストレート,140,見逃し,80,1,0,1,3,118,108
2025_03_28_3_6,2025_03_28_3_6_6_0_3_2,6,0,チェンジアップ,127,ファウル,81,2,0,2,3,134,23
2025_03_28_3_6,2025_03_28_3_6_6_0_3_3,6,0,チェンジアップ,129,ボール,82,3,1,2,3,164,38
2025_03_28_3_6,2025_03_28_3_6_6_0_3_4,6,0,スライダー,126,中飛,83,4,1,2,3,64,72
2025_03_28_3_6,2025_03_28_3_6_6_1_1_1,6,1,ストレート,151,中２,75,1,0,0,0,25,94
2025_03_28_3_6,2025_03_28_3_6_6_1_2_1,6,1,カーブ,126,空振り,76,1,0,1,0,144,57
2025_03_28_3_6,2025_03_28_3_6_6_1_2_2,6,1,カットボール,138,ボール,77,2,1,1,0,172,12
2025_03_28_3_6,2025_03_28_3_6_6_1_3_1,6,1,ストレート,151,ボール,84,1,1,0,0,80,13
2025_03_28_3_6,2025_03_28_3_6_6_1_3_2,6,1,ストレート,150,中安,85,2,1,0,0,96,79
2025_03_28_3_6,2025_03_28_3_6_6_1_4_1,6,1,ストレート,142,ボール,1,1,1,0,1,22,94
2025_03_28_3_6,2025_03_28_3_6_6_1_4_2,6,1,ナックルカーブ,119,見逃し,2,2,1,1,1,110,38
2025_03_28_3_6,2025_03_28_3_6_6_1_4_3,6,1,ストレート,143,空振り,3,3,1,2,1,74,88
2025_03_28_3_6,2025_03_28_3_6_6_1_4_4,6,1,ストレート,143,ボール,4,4,2,2,1,165,64
2025_03_28_3_6,2025_03_28_3_6_6_1_4_5,6,1,ストレート,144,空三振,5,5,2,2,1,56,56
2025_03_28_3_6,2025_03_28_3_6_6_1_5_1,6,1,ストレート,138,ファウル,6,1,0,1,2,85,112
2025_03_28_3_6,2025_03_28_3_6_6_1_5_2,6,1,ストレート,143,ボール,7,2,1,1,2,76,17
2025_03_28_3_6,2025_03_28_3_6_6_1_5_3,6,1,ストレート,142,右犠飛,8,3,1,1,2,71,90
2025_03_28_3_6,2025_03_28_3_6_6_1_6_1,6,1,ナックルカーブ,119,見逃し,9,1,0,1,3,84,110
2025_03_28_3_6,2025_03_28_3_6_6_1_6_2,6,1,ストレート,143,空振り,10,2,0,2,3,19,79
2025_03_28_3_6,2025_03_28_3_6_6_1_6_3,6,1,ストレート,143,ファウル,11,3,0,2,3,64,54
2025_03_28_3_6,2025_03_28_3_6_6_1_6_4,6,1,ストレート,143,左飛,12,4,0,2,3,68,89
2025_03_28_3_6,2025_03_28_3_6_7_0_1_1,7,0,ツーシーム,131,空振り,84,1,0,1,1,65,49
2025_03_28_3_6,2025_03_28_3_6_7_0_1_2,7,0,スライダー,124,見逃し,85,2,0,2,1,71,108
2025_03_28_3_6,2025_03_28_3_6_7_0_1_3,7,0,ストレート,143,見三振,86,3,0,2,1,132,48
2025_03_28_3_6,2025_03_28_3_6_7_0_2_1,7,0,カットボール,132,左２,87,1,0,0,1,100,49
2025_03_28_3_6,2025_03_28_3_6_7_0_3_1,7,0,ストレート,142,見逃し,88,1,0,1,2,100,97
2025_03_28_3_6,2025_03_28_3_6_7_0_3_2,7,0,チェンジアップ,128,三ゴロ,89,2,0,1,2,148,48
2025_03_28_3_6,2025_03_28_3_6_7_0_4_1,7,0,ストレート,144,ファウル,90,1,0,1,3,91,118
2025_03_28_3_6,2025_03_28_3_6_7_0_4_2,7,0,スライダー,128,ボール,91,2,1,1,3,160,122
2025_03_28_3_6,2025_03_28_3_6_7_0_4_3,7,0,スライダー,127,空振り,92,3,1,2,3,150,122
2025_03_28_3_6,2025_03_28_3_6_7_0_4_4,7,0,ストレート,143,二ゴロ,93,4,1,2,3,67,68
2025_03_28_3_6,2025_03_28_3_6_7_1_1_1,7,1,ストレート,146,左安,1,1,0,0,0,120,102
2025_03_28_3_6,2025_03_28_3_6_7_1_2_1,7,1,スライダー,131,見逃し,2,1,0,1,1,107,108
2025_03_28_3_6,2025_03_28_3_6_7_1_2_2,7,1,フォーク,133,中飛,3,2,0,1,1,155,108
2025_03_28_3_6,2025_03_28_3_6_7_1_3_1,7,1,シュート,143,ボール,4,1,1,0,1,160,76
2025_03_28_3_6,2025_03_28_3_6_7_1_3_2,7,1,シュート,143,ボール,5,2,2,0,1,158,20
2025_03_28_3_6,2025_03_28_3_6_7_1_4_1,7,1,ストレート,147,ボール,7,1,1,0,3,87,18
2025_03_28_3_6,2025_03_28_3_6_7_1_4_2,7,1,ストレート,147,見逃し,8,2,1,1,3,126,74
2025_03_28_3_6,2025_03_28_3_6_7_1_4_3,7,1,スライダー,136,遊飛,9,3,1,1,3,55,97
2025_03_28_3_6,2025_03_28_3_6_8_0_1_1,8,0,ストレート,147,見逃し,1,1,0,1,1,107,32
2025_03_28_3_6,2025_03_28_3_6_8_0_1_2,8,0,ストレート,148,ボール,2,2,1,1,1,144,16
2025_03_28_3_6,2025_03_28_3_6_8_0_1_3,8,0,スプリット,134,二ゴロ,3,3,1,1,1,94,110
2025_03_28_3_6,2025_03_28_3_6_8_0_2_1,8,0,スプリット,135,ボール,4,1,1,0,2,149,107
2025_03_28_3_6,2025_03_28_3_6_8_0_2_2,8,0,スプリット,136,ファウル,5,2,1,1,2,116,83
2025_03_28_3_6,2025_03_28_3_6_8_0_2_3,8,0,スプリット,134,一ゴロ,6,3,1,1,2,87,117
2025_03_28_3_6,2025_03_28_3_6_8_0_3_1,8,0,ストレート,149,見逃し,7,1,0,1,3,116,67
2025_03_28_3_6,2025_03_28_3_6_8_0_3_2,8,0,スプリット,135,ファウル,8,2,0,2,3,131,118
2025_03_28_3_6,2025_03_28_3_6_8_0_3_3,8,0,ストレート,150,見三振,9,3,0,2,3,96,35
2025_03_28_3_6,2025_03_28_3_6_8_1_1_1,8,1,スライダー,136,ボール,1,1,1,0,1,127,120
2025_03_28_3_6,2025_03_28_3_6_8_1_1_2,8,1,フォーク,134,ファウル,2,2,1,1,1,111,57
2025_03_28_3_6,2025_03_28_3_6_8_1_1_3,8,1,スライダー,134,右飛,3,3,1,1,1,40,75
2025_03_28_3_6,2025_03_28_3_6_8_1_2_1,8,1,スライダー,133,ボール,4,1,1,0,1,80,17
2025_03_28_3_6,2025_03_28_3_6_8_1_2_2,8,1,ストレート,150,ボール,5,2,2,0,1,120,18
2025_03_28_3_6,2025_03_28_3_6_8_1_2_3,8,1,スライダー,135,ボール,6,3,3,0,1,14,20
2025_03_28_3_6,2025_03_28_3_6_8_1_2_4,8,1,スライダー,135,見逃し,7,4,3,1,1,130,90
2025_03_28_3_6,2025_03_28_3_6_8_1_2_5,8,1,スライダー,134,四球,8,5,3,1,1,20,115
2025_03_28_3_6,2025_03_28_3_6_8_1_3_1,8,1,ストレート,149,ファウル,9,1,0,1,3,93,42
2025_03_28_3_6,2025_03_28_3_6_8_1_3_2,8,1,ストレート,150,ファウル,10,2,0,2,3,49,50
2025_03_28_3_6,2025_03_28_3_6_8_1_3_3,8,1,ストレート,150,二併打,11,3,0,2,3,84,116
2025_03_28_3_6,2025_03_28_3_6_9_0_1_1,9,0,ストレート,152,ボール,1,1,1,0,0,14,119
2025_03_28_3_6,2025_03_28_3_6_9_0_1_2,9,0,ストレート,153,ボール,2,2,2,0,0,20,57
2025_03_28_3_6,2025_03_28_3_6_9_0_1_3,9,0,ストレート,151,ボール,3,3,3,0,0,168,113
2025_03_28_3_6,2025_03_28_3_6_9_0_1_4,9,0,ストレート,154,四球,4,4,3,0,0,21,104
2025_03_28_3_6,2025_03_28_3_6_9_0_2_1,9,0,ストレート,153,見逃し,5,1,0,1,1,73,100
2025_03_28_3_6,2025_03_28_3_6_9_0_2_2,9,0,ストレート,152,ファウル,6,2,0,2,1,65,47
2025_03_28_3_6,2025_03_28_3_6_9_0_2_3,9,0,ストレート,154,ファウル,7,3,0,2,1,85,97
2025_03_28_3_6,2025_03_28_3_6_9_0_2_4,9,0,フォーク,142,空三振,8,4,0,2,1,160,59
2025_03_28_3_6,2025_03_28_3_6_9_0_3_1,9,0,ストレート,143,ボール,9,1,1,0,2,23,88
2025_03_28_3_6,2025_03_28_3_6_9_0_3_2,9,0,ストレート,154,ボール,10,2,2,0,2,151,58
2025_03_28_3_6,2025_03_28_3_6_9_0_3_3,9,0,ストレート,153,見逃し,11,3,2,1,2,114,105
2025_03_28_3_6,2025_03_28_3_6_9_0_3_4,9,0,フォーク,140,空振り,12,4,2,2,2,125,60
2025_03_28_3_6,2025_03_28_3_6_9_0_3_5,9,0,フォーク,140,ボール,13,5,3,2,2,165,36
2025_03_28_3_6,2025_03_28_3_6_9_0_3_6,9,0,ストレート,153,ファウル,14,6,3,2,2,58,93
2025_03_28_3_6,2025_03_28_3_6_9_0_3_7,9,0,ストレート,153,空三振,15,7,3,2,2,48,113
2025_03_28_3_6,2025_03_28_3_6_9_0_4_1,9,0,ストレート,151,見逃し,16,1,0,1,3,102,107
2025_03_28_3_6,2025_03_28_3_6_9_0_4_2,9,0,ストレート,150,空振り,17,2,0,2,3,133,84
2025_03_28_3_6,2025_03_28_3_6_9_0_4_3,9,0,ストレート,153,ボール,18,3,1,2,3,34,122
2025_03_28_3_6,2025_03_28_3_6_9_0_4_4,9,0,ストレート,153,ファウル,19,4,1,2,3,60,88
2025_03_28_3_6,2025_03_28_3_6_9_0_4_5,9,0,ストレート,153,ボール,20,5,2,2,3,18,96
2025_03_28_3_6,2025_03_28_3_6_9_0_4_6,9,0,フォーク,140,空三振,21,6,2,2,3,89,75
2025_03_28_8_12,2025_03_28_8_12_1_0_1_1,1,0,ストレート,152,ボール,1,1,1,0,1,48,125
2025_03_28_8_12,2025_03_28_8_12_1_0_1_2,1,0,ストレート,153,空振り,2,2,1,1,1,71,117
2025_03_28_8_12,2025_03_28_8_12_1_0_1_3,1,0,ストレート,153,遊飛,3,3,1,1,1,27,102
2025_03_28_8_12,2025_03_28_8_12_1_0_2_1,1,0,ストレート,154,ボール,4,1,1,0,2,155,72
2025_03_28_8_12,2025_03_28_8_12_1_0_2_2,1,0,ストレート,155,ボール,5,2,2,0,2,29,132
2025_03_28_8_12,2025_03_28_8_12_1_0_2_3,1,0,ストレート,155,見逃し,6,3,2,1,2,126,112
2025_03_28_8_12,2025_03_28_8_12_1_0_2_4,1,0,ストレート,155,見逃し,7,4,2,2,2,40,103
2025_03_28_8_12,2025_03_28_8_12_1_0_2_5,1,0,ストレート,156,ボール,8,5,3,2,2,116,121
2025_03_28_8_12,2025_03_28_8_12_1_0_2_6,1,0,スライダー,140,空三振,9,6,3,2,2,129,20
2025_03_28_8_12,2025_03_28_8_12_1_0_3_1,1,0,スライダー,143,ボール,10,1,1,0,3,160,8
2025_03_28_8_12,2025_03_28_8_12_1_0_3_2,1,0,ストレート,156,空振り,11,2,1,1,3,20,103
2025_03_28_8_12,2025_03_28_8_12_1_0_3_3,1,0,ストレート,156,遊ゴロ,12,3,1,1,3,40,45
2025_03_28_8_12,2025_03_28_8_12_1_1_1_1,1,1,ストレート,147,中飛,1,1,0,0,1,39,62
2025_03_28_8_12,2025_03_28_8_12_1_1_2_1,1,1,ストレート,147,ボール,2,1,1,0,2,18,42
2025_03_28_8_12,2025_03_28_8_12_1_1_2_2,1,1,カットボール,137,ボール,3,2,2,0,2,20,124
2025_03_28_8_12,2025_03_28_8_12_1_1_2_3,1,1,カットボール,134,ボール,4,3,3,0,2,22,64
2025_03_28_8_12,2025_03_28_8_12_1_1_2_4,1,1,ストレート,145,見逃し,5,4,3,1,2,52,104
2025_03_28_8_12,2025_03_28_8_12_1_1_2_5,1,1,カットボール,134,空振り,6,5,3,2,2,154,39
2025_03_28_8_12,2025_03_28_8_12_1_1_2_6,1,1,ストレート,145,左飛,7,6,3,2,2,89,40
2025_03_28_8_12,2025_03_28_8_12_1_1_3_1,1,1,ストレート,147,ボール,8,1,1,0,3,13,68
2025_03_28_8_12,2025_03_28_8_12_1_1_3_2,1,1,スライダー,123,ボール,9,2,2,0,3,55,10
2025_03_28_8_12,2025_03_28_8_12_1_1_3_3,1,1,カットボール,135,ボール,10,3,3,0,3,22,50
2025_03_28_8_12,2025_03_28_8_12_1_1_3_4,1,1,ストレート,145,三ゴロ,11,4,3,0,3,84,58
2025_03_28_8_12,2025_03_28_8_12_2_0_1_1,2,0,スライダー,140,ボール,13,1,1,0,1,168,16
2025_03_28_8_12,2025_03_28_8_12_2_0_1_2,2,0,スライダー,141,空振り,14,2,1,1,1,171,80
2025_03_28_8_12,2025_03_28_8_12_2_0_1_3,2,0,スライダー,143,ボール,15,3,2,1,1,160,32
2025_03_28_8_12,2025_03_28_8_12_2_0_1_4,2,0,ストレート,154,遊ゴロ,16,4,2,1,1,42,84
2025_03_28_8_12,2025_03_28_8_12_2_0_2_1,2,0,ストレート,152,ボール,17,1,1,0,1,17,104
2025_03_28_8_12,2025_03_28_8_12_2_0_2_2,2,0,ストレート,153,見逃し,18,2,1,1,1,90,115
2025_03_28_8_12,2025_03_28_8_12_2_0_2_3,2,0,ストレート,153,左２,19,3,1,1,1,40,115
2025_03_28_8_12,2025_03_28_8_12_2_0_3_1,2,0,ストレート,155,ボール,20,1,1,0,2,16,28
2025_03_28_8_12,2025_03_28_8_12_2_0_3_2,2,0,スライダー,143,ボール,21,2,2,0,2,158,80
2025_03_28_8_12,2025_03_28_8_12_2_0_3_3,2,0,スライダー,144,見逃し,22,3,2,1,2,99,105
2025_03_28_8_12,2025_03_28_8_12_2_0_3_4,2,0,スライダー,142,見逃し,23,4,2,2,2,34,102
2025_03_28_8_12,2025_03_28_8_12_2_0_3_5,2,0,スライダー,143,ボール,24,5,3,2,2,162,43
2025_03_28_8_12,2025_03_28_8_12_2_0_3_6,2,0,スライダー,142,左飛,25,6,3,2,2,136,65
2025_03_28_8_12,2025_03_28_8_12_2_0_4_1,2,0,スライダー,141,見逃し,26,1,0,1,3,124,68
2025_03_28_8_12,2025_03_28_8_12_2_0_4_2,2,0,ストレート,155,ボール,27,2,1,1,3,18,63
2025_03_28_8_12,2025_03_28_8_12_2_0_4_3,2,0,ストレート,154,ファウル,28,3,1,2,3,42,56
2025_03_28_8_12,2025_03_28_8_12_2_0_4_4,2,0,スライダー,142,ボール,29,4,2,2,3,168,29
2025_03_28_8_12,2025_03_28_8_12_2_0_4_5,2,0,ストレート,156,ボール,30,5,3,2,3,15,107
2025_03_28_8_12,2025_03_28_8_12_2_0_4_6,2,0,スライダー,142,空三振,31,6,3,2,3,153,44
2025_03_28_8_12,2025_03_28_8_12_2_1_1_1,2,1,ストレート,146,ボール,12,1,1,0,1,36,12
2025_03_28_8_12,2025_03_28_8_12_2_1_1_2,2,1,カットボール,138,ファウル,13,2,1,1,1,71,32
2025_03_28_8_12,2025_03_28_8_12_2_1_1_3,2,1,ツーシーム,145,左飛,14,3,1,1,1,134,98
2025_03_28_8_12,2025_03_28_8_12_2_1_2_1,2,1,ストレート,145,ファウル,15,1,0,1,2,17,100
2025_03_28_8_12,2025_03_28_8_12_2_1_2_2,2,1,カットボール,138,三ゴロ,16,2,0,1,2,133,16
2025_03_28_8_12,2025_03_28_8_12_2_1_3_1,2,1,カーブ,113,見逃し,17,1,0,1,3,128,60
2025_03_28_8_12,2025_03_28_8_12_2_1_3_2,2,1,スライダー,126,見逃し,18,2,0,2,3,94,35
2025_03_28_8_12,2025_03_28_8_12_2_1_3_3,2,1,ストレート,147,ボール,19,3,1,2,3,27,12
2025_03_28_8_12,2025_03_28_8_12_2_1_3_4,2,1,ストレート,146,見三振,20,4,1,2,3,81,24
2025_03_28_8_12,2025_03_28_8_12_3_0_1_1,3,0,フォーク,138,見逃し,32,1,0,1,1,118,24
2025_03_28_8_12,2025_03_28_8_12_3_0_1_2,3,0,フォーク,138,空振り,33,2,0,2,1,160,102
2025_03_28_8_12,2025_03_28_8_12_3_0_1_3,3,0,ストレート,152,見三振,34,3,0,2,1,84,40
2025_03_28_8_12,2025_03_28_8_12_3_0_2_1,3,0,ストレート,150,ファウル,35,1,0,1,2,125,78
2025_03_28_8_12,2025_03_28_8_12_3_0_2_2,3,0,ストレート,152,空振り,36,2,0,2,2,41,102
2025_03_28_8_12,2025_03_28_8_12_3_0_2_3,3,0,ストレート,153,ボール,37,3,1,2,2,55,125
2025_03_28_8_12,2025_03_28_8_12_3_0_2_4,3,0,スライダー,140,ファウル,38,4,1,2,2,157,40
2025_03_28_8_12,2025_03_28_8_12_3_0_2_5,3,0,ストレート,155,左飛,39,5,1,2,2,25,100
2025_03_28_8_12,2025_03_28_8_12_3_0_3_1,3,0,フォーク,138,中飛,40,1,0,0,3,95,120
2025_03_28_8_12,2025_03_28_8_12_3_1_1_1,3,1,チェンジアップ,123,ボール,21,1,1,0,1,156,64
2025_03_28_8_12,2025_03_28_8_12_3_1_1_2,3,1,ストレート,146,ボール,22,2,2,0,1,171,57
2025_03_28_8_12,2025_03_28_8_12_3_1_1_3,3,1,ストレート,144,中飛,23,3,2,0,1,48,44
2025_03_28_8_12,2025_03_28_8_12_3_1_2_1,3,1,スライダー,124,見逃し,24,1,0,1,2,76,34
2025_03_28_8_12,2025_03_28_8_12_3_1_2_2,3,1,ストレート,146,ファウル,25,2,0,2,2,84,20
2025_03_28_8_12,2025_03_28_8_12_3_1_2_3,3,1,ストレート,148,ボール,26,3,1,2,2,53,13
2025_03_28_8_12,2025_03_28_8_12_3_1_2_4,3,1,スプリット,139,三ゴロ,27,4,1,2,2,116,73
2025_03_28_8_12,2025_03_28_8_12_3_1_3_1,3,1,カーブ,115,ボール,28,1,1,0,3,168,42
2025_03_28_8_12,2025_03_28_8_12_3_1_3_2,3,1,スプリット,140,ファウル,29,2,1,1,3,95,77
2025_03_28_8_12,2025_03_28_8_12_3_1_3_3,3,1,カーブ,102,ボール,30,3,2,1,3,130,16
2025_03_28_8_12,2025_03_28_8_12_3_1_3_4,3,1,ストレート,146,ファウル,31,4,2,2,3,27,88
2025_03_28_8_12,2025_03_28_8_12_3_1_3_5,3,1,スプリット,141,遊ゴロ,32,5,2,2,3,56,80
2025_03_28_8_12,2025_03_28_8_12_4_0_1_1,4,0,フォーク,138,中飛,41,1,0,0,1,67,69
2025_03_28_8_12,2025_03_28_8_12_4_0_2_1,4,0,カーブ,126,三ゴロ,42,1,0,0,2,86,97
2025_03_28_8_12,2025_03_28_8_12_4_0_3_1,4,0,ストレート,152,ファウル,43,1,0,1,3,45,104
2025_03_28_8_12,2025_03_28_8_12_4_0_3_2,4,0,ストレート,152,遊ゴロ,44,2,0,1,3,125,64
2025_03_28_8_12,2025_03_28_8_12_4_1_1_1,4,1,スライダー,125,見逃し,33,1,0,1,1,40,60
2025_03_28_8_12,2025_03_28_8_12_4_1_1_2,4,1,スプリット,139,ファウル,34,2,0,2,1,129,58
2025_03_28_8_12,2025_03_28_8_12_4_1_1_3,4,1,スプリット,140,中飛,35,3,0,2,1,141,49
2025_03_28_8_12,2025_03_28_8_12_4_1_2_1,4,1,カーブ,115,見逃し,36,1,0,1,1,31,75
2025_03_28_8_12,2025_03_28_8_12_4_1_2_2,4,1,パワーカーブ,122,右安,37,2,0,1,1,93,82
2025_03_28_8_12,2025_03_28_8_12_4_1_3_1,4,1,カットボール,136,見逃し,38,1,0,1,2,51,40
2025_03_28_8_12,2025_03_28_8_12_4_1_3_2,4,1,ストレート,145,左安,39,2,0,1,2,68,107
2025_03_28_8_12,2025_03_28_8_12_4_1_4_1,4,1,スプリット,139,ボール,40,1,1,0,2,168,57
2025_03_28_8_12,2025_03_28_8_12_4_1_4_2,4,1,スプリット,139,ファウル,41,2,1,1,2,129,57
2025_03_28_8_12,2025_03_28_8_12_4_1_4_3,4,1,ストレート,147,ファウル,42,3,1,2,2,66,67
2025_03_28_8_12,2025_03_28_8_12_4_1_4_4,4,1,スプリット,139,ファウル,43,4,1,2,2,152,67
2025_03_28_8_12,2025_03_28_8_12_4_1_4_5,4,1,スプリット,141,ボール,44,5,2,2,2,169,77
2025_03_28_8_12,2025_03_28_8_12_5_0_1_1,5,0,チェンジアップ,137,ボール,45,1,1,0,0,18,73
2025_03_28_8_12,2025_03_28_8_12_5_0_1_2,5,0,チェンジアップ,136,ボール,46,2,2,0,0,27,131
2025_03_28_8_12,2025_03_28_8_12_5_0_1_3,5,0,スライダー,137,見逃し,47,3,2,1,0,93,73
2025_03_28_8_12,2025_03_28_8_12_5_0_1_4,5,0,ストレート,151,空振り,48,4,2,2,0,28,107
2025_03_28_8_12,2025_03_28_8_12_5_0_1_5,5,0,スライダー,141,右安,49,5,2,2,0,58,85
2025_03_28_8_12,2025_03_28_8_12_5_0_2_1,5,0,スライダー,141,見逃し,50,1,0,1,1,95,32
2025_03_28_8_12,2025_03_28_8_12_5_0_2_2,5,0,ストレート,153,ボール,51,2,1,1,1,130,13
2025_03_28_8_12,2025_03_28_8_12_5_0_2_3,5,0,ストレート,153,ファウル,52,3,1,2,1,56,72
2025_03_28_8_12,2025_03_28_8_12_5_0_2_4,5,0,ストレート,155,ファウル,53,4,1,2,1,20,73
2025_03_28_8_12,2025_03_28_8_12_5_0_2_5,5,0,ストレート,156,ボール,54,5,2,2,1,152,72
2025_03_28_8_12,2025_03_28_8_12_5_0_3_1,5,0,チェンジアップ,138,ボール,56,1,1,0,3,171,13
2025_03_28_8_12,2025_03_28_8_12_5_0_3_2,5,0,チェンジアップ,140,ファウル,57,2,1,1,3,96,112
2025_03_28_8_12,2025_03_28_8_12_5_0_3_3,5,0,フォーク,139,ファウル,58,3,1,2,3,134,72
2025_03_28_8_12,2025_03_28_8_12_5_0_3_4,5,0,ストレート,155,ファウル,59,4,1,2,3,70,72
2025_03_28_8_12,2025_03_28_8_12_5_0_3_5,5,0,フォーク,144,ボール,60,5,2,2,3,167,72
2025_03_28_8_12,2025_03_28_8_12_5_0_3_6,5,0,フォーク,143,ボール,61,6,3,2,3,168,64
2025_03_28_8_12,2025_03_28_8_12_5_0_3_7,5,0,ストレート,154,遊飛,62,7,3,2,3,99,32
2025_03_28_8_12,2025_03_28_8_12_5_1_1_1,5,1,スライダー,122,見逃し,48,1,0,1,0,54,68
2025_03_28_8_12,2025_03_28_8_12_5_1_1_2,5,1,ストレート,145,ボール,49,2,1,1,0,18,36
2025_03_28_8_12,2025_03_28_8_12_5_1_1_3,5,1,スプリット,138,左安,50,3,1,1,0,75,52
2025_03_28_8_12,2025_03_28_8_12_5_1_2_1,5,1,スプリット,135,投犠打,51,1,0,0,1,96,84
2025_03_28_8_12,2025_03_28_8_12_5_1_3_1,5,1,スプリット,139,見逃し,52,1,0,1,2,126,105
2025_03_28_8_12,2025_03_28_8_12_5_1_3_2,5,1,ストレート,146,右飛,53,2,0,1,2,22,36
2025_03_28_8_12,2025_03_28_8_12_5_1_4_1,5,1,カットボール,139,見逃し,54,1,0,1,3,44,42
2025_03_28_8_12,2025_03_28_8_12_5_1_4_2,5,1,スライダー,129,ボール,55,2,1,1,3,147,10
2025_03_28_8_12,2025_03_28_8_12_5_1_4_3,5,1,ストレート,147,ボール,56,3,2,1,3,18,55
2025_03_28_8_12,2025_03_28_8_12_5_1_4_4,5,1,スプリット,137,ファウル,57,4,2,2,3,94,79
2025_03_28_8_12,2025_03_28_8_12_5_1_4_5,5,1,カットボール,140,ボール,58,5,3,2,3,156,38
2025_03_28_8_12,2025_03_28_8_12_5_1_4_6,5,1,スプリット,138,空三振,59,6,3,2,3,166,29
2025_03_28_8_12,2025_03_28_8_12_6_0_1_1,6,0,チェンジアップ,137,一ゴロ,63,1,0,0,1,130,100
2025_03_28_8_12,2025_03_28_8_12_6_0_2_1,6,0,ストレート,149,見逃し,64,1,0,1,2,72,100
2025_03_28_8_12,2025_03_28_8_12_6_0_2_2,6,0,ストレート,150,見逃し,65,2,0,2,2,30,36
2025_03_28_8_12,2025_03_28_8_12_6_0_2_3,6,0,スライダー,138,二ゴロ,66,3,0,2,2,138,63
2025_03_28_8_12,2025_03_28_8_12_6_0_3_1,6,0,チェンジアップ,139,空振り,67,1,0,1,3,160,77
2025_03_28_8_12,2025_03_28_8_12_6_0_3_2,6,0,チェンジアップ,142,ボール,68,2,1,1,3,166,76
2025_03_28_8_12,2025_03_28_8_12_6_0_3_3,6,0,ストレート,151,ファウル,69,3,1,2,3,56,116
2025_03_28_8_12,2025_03_28_8_12_6_0_3_4,6,0,フォーク,144,ボール,70,4,2,2,3,170,69
2025_03_28_8_12,2025_03_28_8_12_6_0_3_5,6,0,ストレート,153,右飛,71,5,2,2,3,45,42
2025_03_28_8_12,2025_03_28_8_12_6_1_1_1,6,1,スプリット,137,一ゴロ,60,1,0,0,1,145,103
2025_03_28_8_12,2025_03_28_8_12_6_1_2_1,6,1,スプリット,138,見逃し,61,1,0,1,2,44,72
2025_03_28_8_12,2025_03_28_8_12_6_1_2_2,6,1,スプリット,140,ボール,62,2,1,1,2,168,20
2025_03_28_8_12,2025_03_28_8_12_6_1_2_3,6,1,スライダー,125,見逃し,63,3,1,2,2,28,104
2025_03_28_8_12,2025_03_28_8_12_6_1_2_4,6,1,ストレート,144,ボール,64,4,2,2,2,17,44
2025_03_28_8_12,2025_03_28_8_12_6_1_2_5,6,1,スライダー,128,ファウル,65,5,2,2,2,129,55
2025_03_28_8_12,2025_03_28_8_12_6_1_2_6,6,1,スプリット,140,三ゴロ,66,6,2,2,2,90,54
2025_03_28_8_12,2025_03_28_8_12_6_1_3_1,6,1,チェンジアップ,129,見逃し,67,1,0,1,2,106,38
2025_03_28_8_12,2025_03_28_8_12_6_1_3_2,6,1,スプリット,138,見逃し,68,2,0,2,2,60,108
2025_03_28_8_12,2025_03_28_8_12_6_1_3_3,6,1,スプリット,141,ファウル,69,3,0,2,2,161,70
2025_03_28_8_12,2025_03_28_8_12_6_1_3_4,6,1,ストレート,147,ボール,70,4,1,2,2,24,126
2025_03_28_8_12,2025_03_28_8_12_6_1_3_5,6,1,カーブ,104,右安,71,5,1,2,2,44,18
2025_03_28_8_12,2025_03_28_8_12_6_1_4_1,6,1,カットボール,136,見逃し,72,1,0,1,2,99,74
2025_03_28_8_12,2025_03_28_8_12_6_1_4_2,6,1,ストレート,145,見逃し,73,2,0,2,2,50,23
2025_03_28_8_12,2025_03_28_8_12_6_1_4_3,6,1,カットボール,136,ボール,74,3,1,2,2,139,14
2025_03_28_8_12,2025_03_28_8_12_6_1_4_4,6,1,カットボール,-,ボール,75,4,2,2,2,152,38
2025_03_28_8_12,2025_03_28_8_12_7_0_1_1,7,0,ストレート,151,右本,72,1,0,0,0,124,42
2025_03_28_8_12,2025_03_28_8_12_7_0_2_1,7,0,ストレート,152,ボール,73,1,1,0,0,160,37
2025_03_28_8_12,2025_03_28_8_12_7_0_2_2,7,0,スライダー,139,空振り,74,2,1,1,0,85,18
2025_03_28_8_12,2025_03_28_8_12_7_0_2_3,7,0,スライダー,140,ボール,75,3,2,1,0,163,119
2025_03_28_8_12,2025_03_28_8_12_7_0_2_4,7,0,スライダー,138,空振り,76,4,2,2,0,125,15
2025_03_28_8_12,2025_03_28_8_12_7_0_2_5,7,0,ストレート,153,ボール,77,5,3,2,0,20,78
2025_03_28_8_12,2025_03_28_8_12_7_0_2_6,7,0,ストレート,152,右安,78,6,3,2,0,49,87
2025_03_28_8_12,2025_03_28_8_12_7_0_3_1,7,0,ストレート,152,ボール,79,1,1,0,1,129,125
2025_03_28_8_12,2025_03_28_8_12_7_0_3_2,7,0,スライダー,138,空振り,80,2,1,1,1,96,100
2025_03_28_8_12,2025_03_28_8_12_7_0_3_3,7,0,スライダー,140,三飛,81,3,1,1,1,104,69
2025_03_28_8_12,2025_03_28_8_12_7_0_4_1,7,0,チェンジアップ,140,一併打,82,1,0,0,3,113,103
2025_03_28_8_12,2025_03_28_8_12_7_1_1_1,7,1,スプリット,138,見逃し,77,1,0,1,1,130,99
2025_03_28_8_12,2025_03_28_8_12_7_1_1_2,7,1,スライダー,125,ファウル,78,2,0,2,1,134,24
2025_03_28_8_12,2025_03_28_8_12_7_1_1_3,7,1,スプリット,139,左飛,79,3,0,2,1,47,90
2025_03_28_8_12,2025_03_28_8_12_7_1_2_1,7,1,カットボール,136,中安,80,1,0,0,1,50,68
2025_03_28_8_12,2025_03_28_8_12_7_1_3_1,7,1,スライダー,122,ボール,81,1,1,0,2,152,43
2025_03_28_8_12,2025_03_28_8_12_7_1_3_2,7,1,ストレート,-,見逃し,82,2,1,1,2,89,49
2025_03_28_8_12,2025_03_28_8_12_8_0_1_1,8,0,チェンジアップ,133,ボール,83,1,1,0,1,16,120
2025_03_28_8_12,2025_03_28_8_12_8_0_1_2,8,0,スライダー,135,ボール,84,2,2,0,1,31,8
2025_03_28_8_12,2025_03_28_8_12_8_0_1_3,8,0,スライダー,137,見逃し,85,3,2,1,1,81,43
2025_03_28_8_12,2025_03_28_8_12_8_0_1_4,8,0,ストレート,150,ボール,86,4,3,1,1,71,12
2025_03_28_8_12,2025_03_28_8_12_8_0_1_5,8,0,ストレート,151,遊飛,87,5,3,1,1,113,104
2025_03_28_8_12,2025_03_28_8_12_8_0_2_1,8,0,カーブ,125,ボール,88,1,1,0,1,159,12
2025_03_28_8_12,2025_03_28_8_12_8_0_2_2,8,0,ストレート,149,中安,89,2,1,0,1,70,104
2025_03_28_8_12,2025_03_28_8_12_8_0_3_1,8,0,ストレート,149,ファウル,90,1,0,1,2,127,68
2025_03_28_8_12,2025_03_28_8_12_8_0_3_2,8,0,スライダー,136,一ゴロ,91,2,0,1,2,96,38
2025_03_28_8_12,2025_03_28_8_12_8_0_4_1,8,0,ストレート,151,三ゴロ,92,1,0,0,3,51,44
2025_03_28_8_12,2025_03_28_8_12_8_1_1_1,8,1,スライダー,123,見逃し,84,1,0,1,1,125,68
2025_03_28_8_12,2025_03_28_8_12_8_1_1_2,8,1,スプリット,138,二直,85,2,0,1,1,101,105
2025_03_28_8_12,2025_03_28_8_12_8_1_2_1,8,1,ストレート,146,ファウル,86,1,0,1,2,64,74
2025_03_28_8_12,2025_03_28_8_12_8_1_2_2,8,1,ストレート,146,ボール,87,2,1,1,2,13,117
2025_03_28_8_12,2025_03_28_8_12_8_1_2_3,8,1,スライダー,126,ファウル,88,3,1,2,2,78,60
2025_03_28_8_12,2025_03_28_8_12_8_1_2_4,8,1,ストレート,145,ボール,89,4,2,2,2,19,24
2025_03_28_8_12,2025_03_28_8_12_8_1_2_5,8,1,カットボール,136,投ゴロ,90,5,2,2,2,153,40
2025_03_28_8_12,2025_03_28_8_12_8_1_3_1,8,1,スライダー,124,空振り,91,1,0,1,2,121,13
2025_03_28_8_12,2025_03_28_8_12_8_1_3_2,8,1,ストレート,146,ボール,92,2,1,1,2,47,12
2025_03_28_8_12,2025_03_28_8_12_8_1_3_3,8,1,ストレート,146,ボール,93,3,2,1,2,80,16
2025_03_28_8_12,2025_03_28_8_12_8_1_3_4,8,1,ストレート,144,空振り,94,4,2,2,2,30,65
2025_03_28_8_12,2025_03_28_8_12_8_1_3_5,8,1,ストレート,144,ボール,95,5,3,2,2,42,9
2025_03_28_8_12,2025_03_28_8_12_8_1_3_6,8,1,スプリット,136,四球,96,6,3,2,2,149,70
2025_03_28_8_12,2025_03_28_8_12_8_1_4_1,8,1,スプリット,135,ファウル,97,1,0,1,3,50,63
2025_03_28_8_12,2025_03_28_8_12_8_1_4_2,8,1,スライダー,127,左飛,98,2,0,1,3,134,20
2025_03_28_8_12,2025_03_28_8_12_9_0_1_1,9,0,カーブ,125,ボール,93,1,1,0,1,24,131
2025_03_28_8_12,2025_03_28_8_12_9_0_1_2,9,0,チェンジアップ,138,ファウル,94,2,1,1,1,126,95
2025_03_28_8_12,2025_03_28_8_12_9_0_1_3,9,0,ストレート,150,左飛,95,3,1,1,1,90,96
2025_03_28_8_12,2025_03_28_8_12_9_0_2_1,9,0,チェンジアップ,140,空振り,96,1,0,1,2,160,102
2025_03_28_8_12,2025_03_28_8_12_9_0_2_2,9,0,ストレート,149,見逃し,97,2,0,2,2,99,105
2025_03_28_8_12,2025_03_28_8_12_9_0_2_3,9,0,ストレート,151,ボール,98,3,1,2,2,75,13
2025_03_28_8_12,2025_03_28_8_12_9_0_2_4,9,0,チェンジアップ,141,ボール,99,4,2,2,2,169,67
2025_03_28_8_12,2025_03_28_8_12_9_0_2_5,9,0,スライダー,140,中飛,100,5,2,2,2,131,99
2025_03_28_8_12,2025_03_28_8_12_9_0_3_1,9,0,ストレート,152,ボール,101,1,1,0,2,135,9
2025_03_28_8_12,2025_03_28_8_12_9_0_3_2,9,0,ストレート,152,見逃し,102,2,1,1,2,50,37
2025_03_28_8_12,2025_03_28_8_12_9_0_3_3,9,0,スライダー,140,左中本,103,3,1,1,2,90,24
2025_03_28_8_12,2025_03_28_8_12_9_0_4_1,9,0,スライダー,137,ボール,104,1,1,0,3,168,90
2025_03_28_8_12,2025_03_28_8_12_9_0_4_2,9,0,ストレート,146,二ゴロ,105,2,1,0,3,52,116
2025_03_28_8_12,2025_03_28_8_12_9_1_1_1,9,1,スプリット,139,右安,99,1,0,0,0,129,79
2025_03_28_8_12,2025_03_28_8_12_9_1_2_1,9,1,カットボール,135,ボール,100,1,1,0,1,156,12
2025_03_28_8_12,2025_03_28_8_12_9_1_2_2,9,1,スライダー,123,三直,101,2,1,0,1,74,69
2025_03_28_8_12,2025_03_28_8_12_9_1_3_1,9,1,ストレート,146,ボール,102,1,1,0,3,155,13
2025_03_28_8_12,2025_03_28_8_12_9_1_3_2,9,1,ストレート,145,空振り,103,2,1,1,3,23,72
2025_03_28_8_12,2025_03_28_8_12_9_1_3_3,9,1,スプリット,139,ファウル,104,3,1,2,3,124,60
2025_03_28_8_12,2025_03_28_8_12_9_1_3_4,9,1,ストレート,146,三併打,105,4,1,2,3,46,116
2025_03_28_10_11,2025_03_28_10_11_1_0_1_1,1,0,ストレート,148,ボール,1,1,1,0,1,153,100
2025_03_28_10_11,2025_03_28_10_11_1_0_1_2,1,0,ストレート,147,ボール,2,2,2,0,1,152,113
2025_03_28_10_11,2025_03_28_10_11_1_0_1_3,1,0,ストレート,147,見逃し,3,3,2,1,1,99,105
2025_03_28_10_11,2025_03_28_10_11_1_0_1_4,1,0,スライダー,129,ボール,4,4,3,1,1,134,131
2025_03_28_10_11,2025_03_28_10_11_1_0_1_5,1,0,ストレート,148,二ゴロ,5,5,3,1,1,108,82
2025_03_28_10_11,2025_03_28_10_11_1_0_2_1,1,0,スローカーブ,-,ボール,6,1,1,0,2,116,123
2025_03_28_10_11,2025_03_28_10_11_1_0_2_2,1,0,ストレート,148,ファウル,7,2,1,1,2,116,30
2025_03_28_10_11,2025_03_28_10_11_1_0_2_3,1,0,スライダー,131,空振り,8,3,1,2,2,106,114
2025_03_28_10_11,2025_03_28_10_11_1_0_2_4,1,0,スライダー,129,空三振,9,4,1,2,2,152,122
2025_03_28_10_11,2025_03_28_10_11_1_0_3_1,1,0,スライダー,130,ボール,10,1,1,0,3,155,124
2025_03_28_10_11,2025_03_28_10_11_1_0_3_2,1,0,ストレート,149,三ゴロ,11,2,1,0,3,112,20
2025_03_28_10_11,2025_03_28_10_11_1_1_1_1,1,1,カーブ,120,見逃し,1,1,0,1,1,113,53
2025_03_28_10_11,2025_03_28_10_11_1_1_1_2,1,1,ストレート,145,遊飛,2,2,0,1,1,129,70
2025_03_28_10_11,2025_03_28_10_11_1_1_2_1,1,1,ストレート,146,ファウル,3,1,0,1,2,126,68
2025_03_28_10_11,2025_03_28_10_11_1_1_2_2,1,1,カットボール,137,ボール,4,2,1,1,2,79,125
2025_03_28_10_11,2025_03_28_10_11_1_1_2_3,1,1,チェンジアップ,133,三飛,5,3,1,1,2,60,67
2025_03_28_10_11,2025_03_28_10_11_1_1_3_1,1,1,チェンジアップ,133,見逃し,6,1,0,1,3,47,34
2025_03_28_10_11,2025_03_28_10_11_1_1_3_2,1,1,スライダー,127,ファウル,7,2,0,2,3,139,75
2025_03_28_10_11,2025_03_28_10_11_1_1_3_3,1,1,チェンジアップ,-,遊ゴロ,8,3,0,2,3,152,30
2025_03_28_10_11,2025_03_28_10_11_2_0_1_1,2,0,ストレート,146,見逃し,12,1,0,1,1,69,76
2025_03_28_10_11,2025_03_28_10_11_2_0_1_2,2,0,ストレート,147,見逃し,13,2,0,2,1,87,85
2025_03_28_10_11,2025_03_28_10_11_2_0_1_3,2,0,フォーク,137,ボール,14,3,1,2,1,153,122
2025_03_28_10_11,2025_03_28_10_11_2_0_1_4,2,0,ストレート,150,三直,15,4,1,2,1,88,65
2025_03_28_10_11,2025_03_28_10_11_2_0_2_1,2,0,ストレート,147,見逃し,16,1,0,1,2,64,72
2025_03_28_10_11,2025_03_28_10_11_2_0_2_2,2,0,チェンジアップ,125,左飛,17,2,0,1,2,127,37
2025_03_28_10_11,2025_03_28_10_11_2_0_3_1,2,0,ストレート,149,ファウル,18,1,0,1,3,78,43
2025_03_28_10_11,2025_03_28_10_11_2_0_3_2,2,0,ストレート,148,空振り,19,2,0,2,3,129,20
2025_03_28_10_11,2025_03_28_10_11_2_0_3_3,2,0,ストレート,148,一飛,20,3,0,2,3,24,97
2025_03_28_10_11,2025_03_28_10_11_2_1_1_1,2,1,チェンジアップ,130,見逃し,9,1,0,1,1,136,100
2025_03_28_10_11,2025_03_28_10_11_2_1_1_2,2,1,ストレート,144,見逃し,10,2,0,2,1,124,72
2025_03_28_10_11,2025_03_28_10_11_2_1_1_3,2,1,フォーク,134,空三振,11,3,0,2,1,156,67
2025_03_28_10_11,2025_03_28_10_11_2_1_2_1,2,1,カットボール,140,二安,12,1,0,0,1,128,116
2025_03_28_10_11,2025_03_28_10_11_2_1_3_1,2,1,ストレート,143,ボール,13,1,1,0,1,79,13
2025_03_28_10_11,2025_03_28_10_11_2_1_3_2,2,1,ストレート,142,左本,14,2,1,0,1,100,68
2025_03_28_10_11,2025_03_28_10_11_2_1_4_1,2,1,チェンジアップ,135,空振り,15,1,0,1,2,151,109
2025_03_28_10_11,2025_03_28_10_11_2_1_4_2,2,1,チェンジアップ,133,三ゴロ,16,2,0,1,2,50,69
2025_03_28_10_11,2025_03_28_10_11_2_1_5_1,2,1,ストレート,146,ボール,17,1,1,0,2,64,15
2025_03_28_10_11,2025_03_28_10_11_2_1_5_2,2,1,スライダー,-,見逃し,18,2,1,1,2,80,105
2025_03_28_10_11,2025_03_28_10_11_2_1_5_3,2,1,フォーク,132,空振り,19,3,1,2,2,159,67
2025_03_28_10_11,2025_03_28_10_11_2_1_5_4,2,1,フォーク,133,左安,20,4,1,2,2,154,36
2025_03_28_10_11,2025_03_28_10_11_2_1_6_1,2,1,カットボール,138,三ゴロ,21,1,0,0,3,78,88
2025_03_28_10_11,2025_03_28_10_11_3_0_1_1,3,0,ストレート,147,見逃し,21,1,0,1,1,132,110
2025_03_28_10_11,2025_03_28_10_11_3_0_1_2,3,0,ストレート,146,見逃し,22,2,0,2,1,60,103
2025_03_28_10_11,2025_03_28_10_11_3_0_1_3,3,0,スライダー,128,ファウル,23,3,0,2,1,149,72
2025_03_28_10_11,2025_03_28_10_11_3_0_1_4,3,0,ストレート,147,見三振,24,4,0,2,1,140,113
2025_03_28_10_11,2025_03_28_10_11_3_0_2_1,3,0,スライダー,126,ボール,25,1,1,0,2,24,30
2025_03_28_10_11,2025_03_28_10_11_3_0_2_2,3,0,スライダー,126,見逃し,26,2,1,1,2,115,108
2025_03_28_10_11,2025_03_28_10_11_3_0_2_3,3,0,フォーク,138,見逃し,27,3,1,2,2,138,70
2025_03_28_10_11,2025_03_28_10_11_3_0_2_4,3,0,フォーク,138,ボール,28,4,2,2,2,159,104
2025_03_28_10_11,2025_03_28_10_11_3_0_2_5,3,0,スライダー,130,左飛,29,5,2,2,2,81,72
2025_03_28_10_11,2025_03_28_10_11_3_0_3_1,3,0,スライダー,129,見逃し,30,1,0,1,3,101,108
2025_03_28_10_11,2025_03_28_10_11_3_0_3_2,3,0,スライダー,132,空振り,31,2,0,2,3,94,36
2025_03_28_10_11,2025_03_28_10_11_3_0_3_3,3,0,ストレート,148,空三振,32,3,0,2,3,76,92
2025_03_28_10_11,2025_03_28_10_11_3_1_1_1,3,1,チェンジアップ,133,ファウル,22,1,0,1,1,128,27
2025_03_28_10_11,2025_03_28_10_11_3_1_1_2,3,1,カットボール,137,ボール,23,2,1,1,1,84,15
2025_03_28_10_11,2025_03_28_10_11_3_1_1_3,3,1,チェンジアップ,134,空振り,24,3,1,2,1,160,67
2025_03_28_10_11,2025_03_28_10_11_3_1_1_4,3,1,ストレート,145,ファウル,25,4,1,2,1,90,34
2025_03_28_10_11,2025_03_28_10_11_3_1_1_5,3,1,スライダー,127,空三振,26,5,1,2,1,179,40
2025_03_28_10_11,2025_03_28_10_11_3_1_2_1,3,1,カーブ,123,ボール,27,1,1,0,2,159,120
2025_03_28_10_11,2025_03_28_10_11_3_1_2_2,3,1,カーブ,121,見逃し,28,2,1,1,2,73,63
2025_03_28_10_11,2025_03_28_10_11_3_1_2_3,3,1,カットボール,137,見逃し,29,3,1,2,2,96,100
2025_03_28_10_11,2025_03_28_10_11_3_1_2_4,3,1,スライダー,-,二ゴロ,30,4,1,2,2,134,118
2025_03_28_10_11,2025_03_28_10_11_3_1_3_1,3,1,ストレート,147,二ゴロ,31,1,0,0,3,33,35
2025_03_28_10_11,2025_03_28_10_11_4_0_1_1,4,0,ストレート,147,見逃し,33,1,0,1,1,91,99
2025_03_28_10_11,2025_03_28_10_11_4_0_1_2,4,0,フォーク,136,見逃し,34,2,0,2,1,144,110
2025_03_28_10_11,2025_03_28_10_11_4_0_1_3,4,0,スライダー,132,ボール,35,3,1,2,1,156,124
2025_03_28_10_11,2025_03_28_10_11_4_0_1_4,4,0,スライダー,133,ボール,36,4,2,2,1,129,123
2025_03_28_10_11,2025_03_28_10_11_4_0_1_5,4,0,ストレート,151,空三振,37,5,2,2,1,82,109
2025_03_28_10_11,2025_03_28_10_11_4_0_2_1,4,0,ストレート,150,見逃し,38,1,0,1,2,90,104
2025_03_28_10_11,2025_03_28_10_11_4_0_2_2,4,0,スライダー,128,ボール,39,2,1,1,2,158,127
2025_03_28_10_11,2025_03_28_10_11_4_0_2_3,4,0,スライダー,-,二ゴロ,40,3,1,1,2,80,116
2025_03_28_10_11,2025_03_28_10_11_4_0_3_1,4,0,ストレート,151,見逃し,41,1,0,1,3,86,22
2025_03_28_10_11,2025_03_28_10_11_4_0_3_2,4,0,スローカーブ,85,見逃し,42,2,0,2,3,126,102
2025_03_28_10_11,2025_03_28_10_11_4_0_3_3,4,0,ストレート,152,見三振,43,3,0,2,3,104,90
2025_03_28_10_11,2025_03_28_10_11_4_1_1_1,4,1,スライダー,125,左飛,32,1,0,0,1,100,68
2025_03_28_10_11,2025_03_28_10_11_4_1_2_1,4,1,カーブ,119,ボール,33,1,1,0,1,156,34
2025_03_28_10_11,2025_03_28_10_11_4_1_2_2,4,1,カットボール,-,見逃し,34,2,1,1,1,139,100
2025_03_28_10_11,2025_03_28_10_11_4_1_2_3,4,1,チェンジアップ,133,ボール,35,3,2,1,1,162,72
2025_03_28_10_11,2025_03_28_10_11_4_1_2_4,4,1,ストレート,147,ファウル,36,4,2,2,1,129,33
2025_03_28_10_11,2025_03_28_10_11_4_1_2_5,4,1,ストレート,145,ファウル,37,5,2,2,1,145,30
2025_03_28_10_11,2025_03_28_10_11_4_1_2_6,4,1,ストレート,144,ファウル,38,6,2,2,1,28,67
2025_03_28_10_11,2025_03_28_10_11_4_1_2_7,4,1,チェンジアップ,-,中安,39,7,2,2,1,96,73
2025_03_28_10_11,2025_03_28_10_11_4_1_3_1,4,1,ストレート,143,ボール,40,1,1,0,2,7,100
2025_03_28_10_11,2025_03_28_10_11_4_1_3_2,4,1,カットボール,137,ボール,41,2,2,0,2,155,89
2025_03_28_10_11,2025_03_28_10_11_4_1_3_3,4,1,チェンジアップ,132,中飛,42,3,2,0,2,140,55
2025_03_28_10_11,2025_03_28_10_11_4_1_4_1,4,1,チェンジアップ,130,ボール,43,1,1,0,2,47,12
2025_03_28_10_11,2025_03_28_10_11_4_1_4_2,4,1,カットボール,137,空振り,44,2,1,1,2,116,38
2025_03_28_10_11,2025_03_28_10_11_4_1_4_3,4,1,チェンジアップ,132,空振り,45,3,1,2,2,156,67
2025_03_28_10_11,2025_03_28_10_11_4_1_4_4,4,1,フォーク,135,ボール,46,4,2,2,2,184,34
2025_03_28_10_11,2025_03_28_10_11_4_1_4_5,4,1,スライダー,127,ボール,47,5,3,2,2,159,120
2025_03_28_10_11,2025_03_28_10_11_5_0_1_1,5,0,ストレート,147,ボール,44,1,1,0,1,20,69
2025_03_28_10_11,2025_03_28_10_11_5_0_1_2,5,0,スライダー,127,ボール,45,2,2,0,1,152,125
2025_03_28_10_11,2025_03_28_10_11_5_0_1_3,5,0,ストレート,-,三邪飛,46,3,2,0,1,80,16
2025_03_28_10_11,2025_03_28_10_11_5_0_2_1,5,0,ストレート,148,ボール,47,1,1,0,2,152,108
2025_03_28_10_11,2025_03_28_10_11_5_0_2_2,5,0,ストレート,148,ファウル,48,2,1,1,2,116,49
2025_03_28_10_11,2025_03_28_10_11_5_0_2_3,5,0,スライダー,129,見逃し,49,3,1,2,2,140,112
2025_03_28_10_11,2025_03_28_10_11_5_0_2_4,5,0,フォーク,139,ボール,50,4,2,2,2,158,120
2025_03_28_10_11,2025_03_28_10_11_5_0_2_5,5,0,ストレート,151,ファウル,51,5,2,2,2,99,28
2025_03_28_10_11,2025_03_28_10_11_5_0_2_6,5,0,ストレート,-,三ゴロ,52,6,2,2,2,48,69
2025_03_28_10_11,2025_03_28_10_11_5_0_3_1,5,0,ストレート,151,ボール,53,1,1,0,3,22,15
2025_03_28_10_11,2025_03_28_10_11_5_0_3_2,5,0,ストレート,149,見逃し,54,2,1,1,3,45,33
2025_03_28_10_11,2025_03_28_10_11_5_0_3_3,5,0,ストレート,149,見逃し,55,3,1,2,3,142,99
2025_03_28_10_11,2025_03_28_10_11_5_0_3_4,5,0,ストレート,151,ファウル,56,4,1,2,3,140,65
2025_03_28_10_11,2025_03_28_10_11_5_0_3_5,5,0,ストレート,148,ボール,57,5,2,2,3,153,128
2025_03_28_10_11,2025_03_28_10_11_5_0_3_6,5,0,チェンジアップ,125,ファウル,58,6,2,2,3,149,75
2025_03_28_10_11,2025_03_28_10_11_5_0_3_7,5,0,スライダー,133,中飛,59,7,2,2,3,155,80
2025_03_28_10_11,2025_03_28_10_11_5_1_1_1,5,1,カットボール,138,見逃し,49,1,0,1,1,134,74
2025_03_28_10_11,2025_03_28_10_11_5_1_1_2,5,1,ストレート,144,ファウル,50,2,0,2,1,151,47
2025_03_28_10_11,2025_03_28_10_11_5_1_1_3,5,1,ストレート,145,ファウル,51,3,0,2,1,114,68
2025_03_28_10_11,2025_03_28_10_11_5_1_1_4,5,1,スライダー,126,ファウル,52,4,0,2,1,85,102
2025_03_28_10_11,2025_03_28_10_11_5_1_1_5,5,1,ストレート,146,ボール,53,5,1,2,1,50,13
2025_03_28_10_11,2025_03_28_10_11_5_1_1_6,5,1,スライダー,-,ファウル,54,6,1,2,1,155,34
2025_03_28_10_11,2025_03_28_10_11_5_1_1_7,5,1,フォーク,136,ボール,55,7,2,2,1,161,28
2025_03_28_10_11,2025_03_28_10_11_5_1_1_8,5,1,ストレート,147,ボール,56,8,3,2,1,154,9
2025_03_28_10_11,2025_03_28_10_11_5_1_1_9,5,1,カットボール,138,ファウル,57,9,3,2,1,124,49
2025_03_28_10_11,2025_03_28_10_11_5_1_1_10,5,1,カーブ,123,見三振,58,10,3,2,1,40,94
2025_03_28_10_11,2025_03_28_10_11_5_1_2_1,5,1,カーブ,121,見逃し,59,1,0,1,2,125,25
2025_03_28_10_11,2025_03_28_10_11_5_1_2_2,5,1,チェンジアップ,135,ボール,60,2,1,1,2,155,108
2025_03_28_10_11,2025_03_28_10_11_5_1_2_3,5,1,ストレート,-,左飛,61,3,1,1,2,44,88
2025_03_28_10_11,2025_03_28_10_11_5_1_3_1,5,1,ストレート,145,見逃し,62,1,0,1,3,46,72
2025_03_28_10_11,2025_03_28_10_11_5_1_3_2,5,1,ストレート,-,遊ゴロ,63,2,0,1,3,129,104
2025_03_28_10_11,2025_03_28_10_11_6_0_1_1,6,0,ストレート,146,一飛,60,1,0,0,1,90,107
2025_03_28_10_11,2025_03_28_10_11_6_0_2_1,6,0,ストレート,147,見逃し,61,1,0,1,2,125,104
2025_03_28_10_11,2025_03_28_10_11_6_0_2_2,6,0,ストレート,147,見逃し,62,2,0,2,2,142,93
2025_03_28_10_11,2025_03_28_10_11_6_0_2_3,6,0,ストレート,146,ボール,63,3,1,2,2,139,119
2025_03_28_10_11,2025_03_28_10_11_6_0_2_4,6,0,ストレート,147,ファウル,64,4,1,2,2,56,17
2025_03_28_10_11,2025_03_28_10_11_6_0_2_5,6,0,ストレート,146,遊ゴロ,65,5,1,2,2,95,58
2025_03_28_10_11,2025_03_28_10_11_6_0_3_1,6,0,スライダー,124,ボール,66,1,1,0,3,152,120
2025_03_28_10_11,2025_03_28_10_11_6_0_3_2,6,0,ストレート,146,空振り,67,2,1,1,3,140,102
2025_03_28_10_11,2025_03_28_10_11_6_0_3_3,6,0,スライダー,129,空振り,68,3,1,2,3,133,117
2025_03_28_10_11,2025_03_28_10_11_6_0_3_4,6,0,フォーク,137,ボール,69,4,2,2,3,159,120
2025_03_28_10_11,2025_03_28_10_11_6_0_3_5,6,0,スライダー,130,ファウル,70,5,2,2,3,120,96
2025_03_28_10_11,2025_03_28_10_11_6_0_3_6,6,0,チェンジアップ,123,ボール,71,6,3,2,3,155,12
2025_03_28_10_11,2025_03_28_10_11_6_0_3_7,6,0,ストレート,148,見三振,72,7,3,2,3,111,116
2025_03_28_10_11,2025_03_28_10_11_6_1_1_1,6,1,ストレート,143,見逃し,64,1,0,1,1,61,107
2025_03_28_10_11,2025_03_28_10_11_6_1_1_2,6,1,スライダー,-,ファウル,65,2,0,2,1,79,117
2025_03_28_10_11,2025_03_28_10_11_6_1_1_3,6,1,ストレート,143,ボール,66,3,1,2,1,-10,42
2025_03_28_10_11,2025_03_28_10_11_6_1_1_4,6,1,ストレート,145,ボール,67,4,2,2,1,12,103
2025_03_28_10_11,2025_03_28_10_11_6_1_1_5,6,1,ストレート,145,ファウル,68,5,2,2,1,49,20
2025_03_28_10_11,2025_03_28_10_11_6_1_1_6,6,1,スライダー,124,右飛,69,6,2,2,1,85,72
2025_03_28_10_11,2025_03_28_10_11_6_1_2_1,6,1,カットボール,135,見逃し,70,1,0,1,2,89,44
2025_03_28_10_11,2025_03_28_10_11_6_1_2_2,6,1,ストレート,145,右飛,71,2,0,1,2,23,33
2025_03_28_10_11,2025_03_28_10_11_6_1_3_1,6,1,カットボール,136,ボール,72,1,1,0,3,76,16
2025_03_28_10_11,2025_03_28_10_11_6_1_3_2,6,1,チェンジアップ,134,ボール,73,2,2,0,3,156,124
2025_03_28_10_11,2025_03_28_10_11_6_1_3_3,6,1,チェンジアップ,131,見逃し,74,3,2,1,3,58,69
2025_03_28_10_11,2025_03_28_10_11_6_1_3_4,6,1,カットボール,136,空振り,75,4,2,2,3,38,99
2025_03_28_10_11,2025_03_28_10_11_6_1_3_5,6,1,ストレート,144,一邪飛,76,5,2,2,3,20,38
2025_03_28_10_11,2025_03_28_10_11_7_0_1_1,7,0,ストレート,144,見逃し,73,1,0,1,1,41,103
2025_03_28_10_11,2025_03_28_10_11_7_0_1_2,7,0,フォーク,133,ボール,74,2,1,1,1,154,108
2025_03_28_10_11,2025_03_28_10_11_7_0_1_3,7,0,ストレート,-,二ゴロ,75,3,1,1,1,39,69
2025_03_28_10_11,2025_03_28_10_11_7_0_2_1,7,0,ストレート,146,空振り,76,1,0,1,2,142,85
2025_03_28_10_11,2025_03_28_10_11_7_0_2_2,7,0,ストレート,145,ファウル,77,2,0,2,2,90,58
2025_03_28_10_11,2025_03_28_10_11_7_0_2_3,7,0,ストレート,148,ボール,78,3,1,2,2,125,117
2025_03_28_10_11,2025_03_28_10_11_7_0_2_4,7,0,スライダー,129,二ゴロ,79,4,1,2,2,152,104
2025_03_28_10_11,2025_03_28_10_11_7_0_3_1,7,0,ストレート,147,見逃し,80,1,0,1,3,40,85
2025_03_28_10_11,2025_03_28_10_11_7_0_3_2,7,0,ストレート,147,ボール,81,2,1,1,3,151,124
2025_03_28_10_11,2025_03_28_10_11_7_0_3_3,7,0,ストレート,146,ファウル,82,3,1,2,3,27,35
2025_03_28_10_11,2025_03_28_10_11_7_0_3_4,7,0,フォーク,137,ボール,83,4,2,2,3,155,132
2025_03_28_10_11,2025_03_28_10_11_7_0_3_5,7,0,スライダー,129,遊ゴロ,84,5,2,2,3,51,107
2025_03_28_10_11,2025_03_28_10_11_7_1_1_1,7,1,ストレート,147,ボール,1,1,1,0,0,21,126
2025_03_28_10_11,2025_03_28_10_11_7_1_1_2,7,1,ストレート,148,ボール,2,2,2,0,0,156,37
2025_03_28_10_11,2025_03_28_10_11_7_1_1_3,7,1,ストレート,148,ボール,3,3,3,0,0,24,32
2025_03_28_10_11,2025_03_28_10_11_7_1_1_4,7,1,ストレート,146,見逃し,4,4,3,1,0,75,69
2025_03_28_10_11,2025_03_28_10_11_7_1_1_5,7,1,ストレート,147,ファウル,5,5,3,2,0,107,77
2025_03_28_10_11,2025_03_28_10_11_7_1_1_6,7,1,ストレート,149,ファウル,6,6,3,2,0,27,100
2025_03_28_10_11,2025_03_28_10_11_7_1_1_7,7,1,ストレート,148,ファウル,7,7,3,2,0,36,114
2025_03_28_10_11,2025_03_28_10_11_7_1_1_8,7,1,ストレート,150,ファウル,8,8,3,2,0,26,36
2025_03_28_10_11,2025_03_28_10_11_7_1_1_9,7,1,ストレート,143,ファウル,9,9,3,2,0,96,17
2025_03_28_10_11,2025_03_28_10_11_7_1_1_10,7,1,ストレート,151,中安,10,10,3,2,0,40,32
2025_03_28_10_11,2025_03_28_10_11_7_1_2_1,7,1,ストレート,144,一犠打,11,1,0,0,1,22,107
2025_03_28_10_11,2025_03_28_10_11_7_1_3_1,7,1,ストレート,149,見逃し,12,1,0,1,2,76,33
2025_03_28_10_11,2025_03_28_10_11_7_1_3_2,7,1,フォーク,134,ファウル,13,2,0,2,2,126,72
2025_03_28_10_11,2025_03_28_10_11_7_1_3_3,7,1,フォーク,135,ボール,14,3,1,2,2,156,29
2025_03_28_10_11,2025_03_28_10_11_7_1_3_4,7,1,ストレート,151,見三振,15,4,1,2,2,113,40
2025_03_28_10_11,2025_03_28_10_11_7_1_4_1,7,1,カットボール,141,ボール,16,1,1,0,2,134,16
2025_03_28_10_11,2025_03_28_10_11_7_1_4_2,7,1,カットボール,140,ボール,17,2,2,0,2,27,12
2025_03_28_10_11,2025_03_28_10_11_7_1_4_3,7,1,カットボール,140,見逃し,18,3,2,1,2,49,22
2025_03_28_10_11,2025_03_28_10_11_7_1_4_4,7,1,ストレート,150,ボール,19,4,3,1,2,44,119
2025_03_28_10_11,2025_03_28_10_11_7_1_4_5,7,1,フォーク,135,見逃し,20,5,3,2,2,45,70
2025_03_28_10_11,2025_03_28_10_11_7_1_4_6,7,1,ストレート,152,ファウル,21,6,3,2,2,92,105
2025_03_28_10_11,2025_03_28_10_11_7_1_4_7,7,1,ストレート,152,ファウル,22,7,3,2,2,118,20
2025_03_28_10_11,2025_03_28_10_11_7_1_4_8,7,1,ストレート,150,ファウル,23,8,3,2,2,120,115
2025_03_28_10_11,2025_03_28_10_11_7_1_4_9,7,1,フォーク,138,四球,24,9,3,2,2,154,120
2025_03_28_10_11,2025_03_28_10_11_7_1_5_1,7,1,チェンジアップ,134,ボール,1,1,1,0,3,128,120
2025_03_28_10_11,2025_03_28_10_11_7_1_5_2,7,1,ストレート,149,ボール,2,2,2,0,3,49,126
2025_03_28_10_11,2025_03_28_10_11_7_1_5_3,7,1,ストレート,150,空振り,3,3,2,1,3,49,105
2025_03_28_10_11,2025_03_28_10_11_7_1_5_4,7,1,ストレート,152,空振り,4,4,2,2,3,24,40
2025_03_28_10_11,2025_03_28_10_11_7_1_5_5,7,1,チェンジアップ,139,ファウル,5,5,2,2,3,150,118
2025_03_28_10_11,2025_03_28_10_11_7_1_5_6,7,1,ストレート,152,ボール,6,6,3,2,3,16,9
2025_03_28_10_11,2025_03_28_10_11_7_1_5_7,7,1,ストレート,152,中飛,7,7,3,2,3,133,73
2025_03_28_10_11,2025_03_28_10_11_8_0_1_1,8,0,ストレート,145,見逃し,85,1,0,1,0,81,99
2025_03_28_10_11,2025_03_28_10_11_8_0_1_2,8,0,ストレート,145,ボール,86,2,1,1,0,132,118
2025_03_28_10_11,2025_03_28_10_11_8_0_1_3,8,0,ストレート,144,一安,87,3,1,1,0,124,78
2025_03_28_10_11,2025_03_28_10_11_8_0_2_1,8,0,スライダー,128,見逃し,88,1,0,1,1,106,108
2025_03_28_10_11,2025_03_28_10_11_8_0_2_2,8,0,ストレート,144,遊飛,89,2,0,1,1,84,90
2025_03_28_10_11,2025_03_28_10_11_8_0_3_1,8,0,フォーク,131,空振り,90,1,0,1,1,151,98
2025_03_28_10_11,2025_03_28_10_11_8_0_3_2,8,0,ストレート,143,右安,91,2,0,1,1,40,65
2025_03_28_10_11,2025_03_28_10_11_8_0_4_1,8,0,スライダー,129,見逃し,92,1,0,1,2,141,107
2025_03_28_10_11,2025_03_28_10_11_8_0_4_2,8,0,フォーク,134,ボール,93,2,1,1,2,161,114
2025_03_28_10_11,2025_03_28_10_11_8_0_4_3,8,0,ストレート,145,ファウル,94,3,1,2,2,100,35
2025_03_28_10_11,2025_03_28_10_11_8_0_4_4,8,0,フォーク,133,右犠飛,95,4,1,2,2,155,30
2025_03_28_10_11,2025_03_28_10_11_8_0_5_1,8,0,ストレート,146,見逃し,96,1,0,1,3,132,104
2025_03_28_10_11,2025_03_28_10_11_8_0_5_2,8,0,ストレート,146,見逃し,97,2,0,2,3,121,112
2025_03_28_10_11,2025_03_28_10_11_8_0_5_3,8,0,スライダー,128,空三振,98,3,0,2,3,88,100
2025_03_28_10_11,2025_03_28_10_11_8_1_1_1,8,1,カットボール,142,ボール,1,1,1,0,1,21,33
2025_03_28_10_11,2025_03_28_10_11_8_1_1_2,8,1,ストレート,146,左飛,2,2,1,0,1,92,59
2025_03_28_10_11,2025_03_28_10_11_8_1_2_1,8,1,ストレート,149,ファウル,3,1,0,1,1,28,44
2025_03_28_10_11,2025_03_28_10_11_8_1_2_2,8,1,フォーク,140,ボール,4,2,1,1,1,152,40
2025_03_28_10_11,2025_03_28_10_11_8_1_2_3,8,1,フォーク,138,ボール,5,3,2,1,1,90,127
2025_03_28_10_11,2025_03_28_10_11_8_1_2_4,8,1,ストレート,152,空振り,6,4,2,2,1,124,96
2025_03_28_10_11,2025_03_28_10_11_8_1_2_5,8,1,ストレート,153,ファウル,7,5,2,2,1,58,100
2025_03_28_10_11,2025_03_28_10_11_8_1_2_6,8,1,ストレート,154,ボール,8,6,3,2,1,16,105
2025_03_28_10_11,2025_03_28_10_11_8_1_2_7,8,1,ストレート,-,右安,9,7,3,2,1,113,60
2025_03_28_10_11,2025_03_28_10_11_8_1_3_1,8,1,ストレート,153,見逃し,10,1,0,1,2,129,29
2025_03_28_10_11,2025_03_28_10_11_8_1_3_2,8,1,ストレート,153,見逃し,11,2,0,2,2,124,25
2025_03_28_10_11,2025_03_28_10_11_8_1_3_3,8,1,ストレート,153,ボール,12,3,1,2,2,135,6
2025_03_28_10_11,2025_03_28_10_11_8_1_3_4,8,1,ストレート,150,右飛,13,4,1,2,2,113,108
2025_03_28_10_11,2025_03_28_10_11_8_1_4_1,8,1,ストレート,153,右安,14,1,0,0,2,41,34
2025_03_28_10_11,2025_03_28_10_11_8_1_5_1,8,1,カットボール,144,中飛,15,1,0,0,3,148,68
2025_03_28_10_11,2025_03_28_10_11_9_0_1_1,9,0,ツーシーム,153,ボール,1,1,1,0,0,152,16
2025_03_28_10_11,2025_03_28_10_11_9_0_1_2,9,0,ツーシーム,154,見逃し,2,2,1,1,0,40,38
2025_03_28_10_11,2025_03_28_10_11_9_0_1_3,9,0,ツーシーム,154,ファウル,3,3,1,2,0,95,104
2025_03_28_10_11,2025_03_28_10_11_9_0_1_4,9,0,スライダー,-,左２,4,4,1,2,0,78,28
2025_03_28_10_11,2025_03_28_10_11_9_0_2_1,9,0,チェンジアップ,142,ボール,5,1,1,0,1,90,8
2025_03_28_10_11,2025_03_28_10_11_9_0_2_2,9,0,ストレート,151,ファウル,6,2,1,1,1,106,70
2025_03_28_10_11,2025_03_28_10_11_9_0_2_3,9,0,ストレート,-,ファウル,7,3,1,2,1,81,102
2025_03_28_10_11,2025_03_28_10_11_9_0_2_4,9,0,チェンジアップ,145,ボール,8,4,2,2,1,155,123
2025_03_28_10_11,2025_03_28_10_11_9_0_2_5,9,0,ストレート,-,二ゴロ,9,5,2,2,1,115,16
2025_03_28_10_11,2025_03_28_10_11_9_0_3_1,9,0,チェンジアップ,-,右安,10,1,0,0,1,89,107
2025_03_28_10_11,2025_03_28_10_11_9_0_4_1,9,0,ツーシーム,-,中安,11,1,0,0,1,93,96
2025_03_28_10_11,2025_03_28_10_11_9_0_5_1,9,0,ストレート,155,空振り,12,1,0,1,2,60,34
2025_03_28_10_11,2025_03_28_10_11_9_0_5_2,9,0,ストレート,156,ファウル,13,2,0,2,2,44,44
2025_03_28_10_11,2025_03_28_10_11_9_0_5_3,9,0,ストレート,156,ボール,14,3,1,2,2,54,134
2025_03_28_10_11,2025_03_28_10_11_9_0_5_4,9,0,ストレート,155,ボール,15,4,2,2,2,157,12
2025_03_28_10_11,2025_03_28_10_11_9_0_5_5,9,0,ストレート,156,ボール,16,5,3,2,2,126,13
2025_03_28_10_11,2025_03_28_10_11_9_0_5_6,9,0,チェンジアップ,148,空三振,17,6,3,2,2,155,30
2025_03_28_10_11,2025_03_28_10_11_9_0_6_1,9,0,スライダー,144,見逃し,18,1,0,1,3,81,99
2025_03_28_10_11,2025_03_28_10_11_9_0_6_2,9,0,スライダー,142,ボール,19,2,1,1,3,151,28
2025_03_28_10_11,2025_03_28_10_11_9_0_6_3,9,0,ストレート,156,見逃し,20,3,1,2,3,136,36
2025_03_28_10_11,2025_03_28_10_11_9_0_6_4,9,0,ストレート,156,ファウル,21,4,1,2,3,96,117
2025_03_28_10_11,2025_03_28_10_11_9_0_6_5,9,0,ストレート,156,見三振,22,5,1,2,3,140,27
2025_03_28_10_11,2025_03_28_10_11_9_1_1_1,9,1,ストレート,147,見逃し,1,1,0,1,1,89,24
2025_03_28_10_11,2025_03_28_10_11_9_1_1_2,9,1,スライダー,133,空振り,2,2,0,2,1,158,68
2025_03_28_10_11,2025_03_28_10_11_9_1_1_3,9,1,スライダー,133,空三振,3,3,0,2,1,160,42
2025_03_28_10_11,2025_03_28_10_11_9_1_2_1,9,1,ストレート,-,三安,4,1,0,0,1,29,32
2025_03_28_10_11,2025_03_28_10_11_9_1_3_1,9,1,ストレート,145,ファウル,5,1,0,1,2,20,40
2025_03_28_10_11,2025_03_28_10_11_9_1_3_2,9,1,ストレート,147,投犠打,6,2,0,1,2,25,14
2025_03_28_10_11,2025_03_28_10_11_9_1_4_1,9,1,ストレート,149,ボール,7,1,1,0,2,18,98
2025_03_28_10_11,2025_03_28_10_11_9_1_4_2,9,1,ストレート,148,中２,8,2,1,0,2,126,73
2025_03_28_7_9,2025_03_28_7_9_1_0_1_1,1,0,ストレート,150,ボール,1,1,1,0,1,-3,131
2025_03_28_7_9,2025_03_28_7_9_1_0_1_2,1,0,ストレート,145,右飛,2,2,1,0,1,24,40
2025_03_28_7_9,2025_03_28_7_9_1_0_2_1,1,0,ツーシーム,-,一ゴロ,3,1,0,0,2,46,108
2025_03_28_7_9,2025_03_28_7_9_1_0_3_1,1,0,ストレート,149,ボール,4,1,1,0,3,16,124
2025_03_28_7_9,2025_03_28_7_9_1_0_3_2,1,0,ストレート,147,見逃し,5,2,1,1,3,59,113
2025_03_28_7_9,2025_03_28_7_9_1_0_3_3,1,0,カットボール,144,ファウル,6,3,1,2,3,40,48
2025_03_28_7_9,2025_03_28_7_9_1_0_3_4,1,0,チェンジアップ,-,二ゴロ,7,4,1,2,3,138,115
2025_03_28_7_9,2025_03_28_7_9_1_1_1_1,1,1,ストレート,-,見逃し,1,1,0,1,0,36,112
2025_03_28_7_9,2025_03_28_7_9_1_1_1_2,1,1,フォーク,134,ファウル,2,2,0,2,0,136,44
2025_03_28_7_9,2025_03_28_7_9_1_1_1_3,1,1,スライダー,129,ボール,3,3,1,2,0,155,130
2025_03_28_7_9,2025_03_28_7_9_1_1_1_4,1,1,フォーク,-,右２,4,4,1,2,0,104,34
2025_03_28_7_9,2025_03_28_7_9_1_1_2_1,1,1,ストレート,145,見逃し,5,1,0,1,1,134,108
2025_03_28_7_9,2025_03_28_7_9_1_1_2_2,1,1,ストレート,144,見逃し,6,2,0,2,1,85,109
2025_03_28_7_9,2025_03_28_7_9_1_1_2_3,1,1,カットボール,137,ボール,7,3,1,2,1,168,132
2025_03_28_7_9,2025_03_28_7_9_1_1_2_4,1,1,ストレート,-,見三振,8,4,1,2,1,130,105
2025_03_28_7_9,2025_03_28_7_9_1_1_3_1,1,1,ストレート,-,遊ゴロ,9,1,0,0,2,38,77
2025_03_28_7_9,2025_03_28_7_9_1_1_4_1,1,1,チェンジアップ,133,空振り,10,1,0,1,3,162,47
2025_03_28_7_9,2025_03_28_7_9_1_1_4_2,1,1,ストレート,-,右飛,11,2,0,1,3,61,80
2025_03_28_7_9,2025_03_28_7_9_2_0_1_1,2,0,ツーシーム,145,ボール,8,1,1,0,1,22,125
2025_03_28_7_9,2025_03_28_7_9_2_0_1_2,2,0,カットボール,143,ファウル,9,2,1,1,1,34,16
2025_03_28_7_9,2025_03_28_7_9_2_0_1_3,2,0,カットボール,143,ボール,10,3,2,1,1,72,16
2025_03_28_7_9,2025_03_28_7_9_2_0_1_4,2,0,カットボール,143,右飛,11,4,2,1,1,25,20
2025_03_28_1_5,2025_03_28_1_5_1_0_1_1,1,0,ストレート,146,ファウル,1,1,0,1,1,75,84
2025_03_28_1_5,2025_03_28_1_5_1_0_1_2,1,0,スライダー,128,一ゴロ,2,2,0,1,1,101,55
2025_03_28_1_5,2025_03_28_1_5_1_0_2_1,1,0,ストレート,146,二ゴロ,3,1,0,0,2,87,32
2025_03_28_1_5,2025_03_28_1_5_1_0_3_1,1,0,スライダー,131,ボール,4,1,1,0,3,172,10
2025_03_28_1_5,2025_03_28_1_5_1_0_3_2,1,0,ストレート,146,見逃し,5,2,1,1,3,124,88
2025_03_28_1_5,2025_03_28_1_5_1_0_3_3,1,0,スライダー,129,左飛,6,3,1,1,3,45,110
2025_03_28_1_5,2025_03_28_1_5_1_1_1_1,1,1,ストレート,149,ボール,1,1,1,0,0,152,72
2025_03_28_1_5,2025_03_28_1_5_1_1_1_2,1,1,スライダー,130,空振り,2,2,1,1,0,133,28
2025_03_28_1_5,2025_03_28_1_5_1_1_1_3,1,1,スライダー,132,空振り,3,3,1,2,0,92,15
2025_03_28_1_5,2025_03_28_1_5_1_1_1_4,1,1,ストレート,151,中安,4,4,1,2,0,111,28
2025_03_28_1_5,2025_03_28_1_5_1_1_2_1,1,1,ストレート,149,右２,5,1,0,0,0,49,99
2025_03_28_1_5,2025_03_28_1_5_1_1_3_1,1,1,カーブ,-,ボール,6,1,1,0,1,54,130
2025_03_28_1_5,2025_03_28_1_5_1_1_3_2,1,1,フォーク,138,見逃し,7,2,1,1,1,50,79
2025_03_28_1_5,2025_03_28_1_5_1_1_3_3,1,1,ストレート,150,ボール,8,3,2,1,1,19,117
2025_03_28_1_5,2025_03_28_1_5_1_1_3_4,1,1,フォーク,141,空振り,9,4,2,2,1,160,76
2025_03_28_1_5,2025_03_28_1_5_1_1_3_5,1,1,ストレート,149,ボール,10,5,3,2,1,17,94
2025_03_28_1_5,2025_03_28_1_5_1_1_3_6,1,1,ストレート,150,一ゴロ,11,6,3,2,1,60,34
2025_03_28_1_5,2025_03_28_1_5_1_1_4_1,1,1,カーブ,125,ボール,12,1,1,0,2,53,121
2025_03_28_1_5,2025_03_28_1_5_1_1_4_2,1,1,カーブ,127,ボール,13,2,2,0,2,94,122
2025_03_28_1_5,2025_03_28_1_5_1_1_4_3,1,1,スライダー,129,三飛,14,3,2,0,2,40,107
2025_03_28_1_5,2025_03_28_1_5_1_1_5_1,1,1,カーブ,126,見逃し,15,1,0,1,3,111,38
2025_03_28_1_5,2025_03_28_1_5_1_1_5_2,1,1,ストレート,149,ファウル,16,2,0,2,3,62,16
2025_03_28_1_5,2025_03_28_1_5_1_1_5_3,1,1,フォーク,142,左飛,17,3,0,2,3,136,54
2025_03_28_1_5,2025_03_28_1_5_2_0_1_1,2,0,スライダー,125,見逃し,7,1,0,1,1,36,102
2025_03_28_1_5,2025_03_28_1_5_2_0_1_2,2,0,ストレート,145,ボール,8,2,1,1,1,100,120
2025_03_28_1_5,2025_03_28_1_5_2_0_1_3,2,0,ストレート,144,空振り,9,3,1,2,1,87,93
2025_03_28_1_5,2025_03_28_1_5_2_0_1_4,2,0,ストレート,147,ファウル,10,4,1,2,1,100,83
2025_03_28_1_5,2025_03_28_1_5_2_0_1_5,2,0,ストレート,146,ファウル,11,5,1,2,1,136,88
2025_03_28_1_5,2025_03_28_1_5_2_0_1_6,2,0,ストレート,147,ボール,12,6,2,2,1,44,122
2025_03_28_1_5,2025_03_28_1_5_2_0_1_7,2,0,フォーク,135,空三振,13,7,2,2,1,142,54
2025_03_28_1_5,2025_03_28_1_5_2_0_2_1,2,0,フォーク,134,空振り,14,1,0,1,2,109,80
2025_03_28_1_5,2025_03_28_1_5_2_0_2_2,2,0,ストレート,146,ファウル,15,2,0,2,2,74,110
2025_03_28_1_5,2025_03_28_1_5_2_0_2_3,2,0,フォーク,134,ファウル,16,3,0,2,2,76,93
2025_03_28_1_5,2025_03_28_1_5_2_0_2_4,2,0,フォーク,134,ボール,17,4,1,2,2,173,72
2025_03_28_1_5,2025_03_28_1_5_2_0_2_5,2,0,スライダー,131,ボール,18,5,2,2,2,140,15
2025_03_28_1_5,2025_03_28_1_5_2_0_2_6,2,0,ストレート,148,二ゴロ,19,6,2,2,2,119,20
2025_03_28_1_5,2025_03_28_1_5_2_0_3_1,2,0,ストレート,147,ボール,20,1,1,0,3,21,12
2025_03_28_1_5,2025_03_28_1_5_2_0_3_2,2,0,ストレート,146,遊飛,21,2,1,0,3,111,34
2025_03_28_1_5,2025_03_28_1_5_2_1_1_1,2,1,ストレート,147,見逃し,18,1,0,1,1,72,36
2025_03_28_1_5,2025_03_28_1_5_2_1_1_2,2,1,カーブ,125,空振り,19,2,0,2,1,155,32
2025_03_28_1_5,2025_03_28_1_5_2_1_1_3,2,1,スライダー,133,ファウル,20,3,0,2,1,120,32
2025_03_28_1_5,2025_03_28_1_5_2_1_1_4,2,1,フォーク,141,ボール,21,4,1,2,1,175,44
2025_03_28_1_5,2025_03_28_1_5_2_1_1_5,2,1,スライダー,133,三ゴロ,22,5,1,2,1,120,54
2025_03_28_1_5,2025_03_28_1_5_2_1_2_1,2,1,ストレート,151,ファウル,23,1,0,1,1,88,40
2025_03_28_1_5,2025_03_28_1_5_2_1_2_2,2,1,ストレート,150,右安,24,2,0,1,1,72,85
2025_03_28_1_5,2025_03_28_1_5_2_1_3_1,2,1,カーブ,123,見逃し,25,1,0,1,1,94,99
2025_03_28_1_5,2025_03_28_1_5_2_1_3_2,2,1,ストレート,149,見逃し,26,2,0,2,1,101,107
2025_03_28_1_5,2025_03_28_1_5_2_1_3_3,2,1,フォーク,141,ボール,27,3,1,2,1,173,17
2025_03_28_1_5,2025_03_28_1_5_2_1_3_4,2,1,フォーク,-,投安,28,4,1,2,1,64,104
2025_03_28_1_5,2025_03_28_1_5_2_1_4_1,2,1,ストレート,148,ボール,29,1,1,0,1,92,16
2025_03_28_1_5,2025_03_28_1_5_2_1_4_2,2,1,ストレート,148,左安,30,2,1,0,1,45,68
2025_03_28_1_5,2025_03_28_1_5_2_1_5_1,2,1,カーブ,128,ボール,31,1,1,0,2,157,28
2025_03_28_1_5,2025_03_28_1_5_2_1_5_2,2,1,スライダー,132,右飛,32,2,1,0,2,96,25
