uniform_number,Player_name,bat_side,batting_average,games_played,plate_appearances,at_bats,runs_scored,hits,infield_hits,infield_hit_percentage,doubles,triples,home_runs,HR_decision,total_bases,RBIs,strikeouts,walks,intentional_walks,hit_by_pitch,sacrifice_hits,sacrifice_flies,stolen_bases,caught_stealing,stolen_base_percentage,errors,passed_balls,GIDP,runners_in_scoring_position,on_base_percentage,slugging_percentage,OPS,height,weight
0,林琢真,左,.167,63,114,102,11,17,2,11.8,5,1,0,-,24,7,24,8,2,1,2,1,6,3,66.7,3,0,2,.129,.232,.235,0.467,174cm,74kg
1,桑原将志,右,.270,106,321,285,35,77,5,6.5,12,0,5,5-0-0,104,24,42,19,0,4,9,4,8,0,100.0,2,0,6,.281,.321,.365,0.685,174cm,80kg
2,牧秀悟,右,.294,133,561,517,76,152,13,8.6,33,0,23,15-6-1,254,74,59,37,5,5,0,2,11,0,100.0,18,0,13,.248,.346,.491,0.837,178cm,97kg
3,オースティン,右,.316,106,445,396,66,125,5,4.0,34,2,25,15-8-0,238,69,88,45,2,0,0,4,0,1,0.0,8,0,12,.388,.382,.601,0.983,188cm,100kg
4,度会隆輝,左,.255,75,272,251,21,64,7,10.9,7,1,3,3-0-0,82,24,43,12,0,7,1,1,2,2,50.0,4,0,6,.259,.306,.327,0.633,183cm,83kg
5,松尾汐恩,右,.211,27,40,38,3,8,0,0.0,3,0,0,-,11,1,8,1,0,1,0,0,0,0,-,0,0,1,.091,.250,.289,0.539,178cm,82kg
6,森敬斗,左,.251,71,200,187,16,47,8,17.0,12,1,0,-,61,5,43,12,2,0,0,1,8,6,57.1,12,0,4,.154,.295,.326,0.621,177cm,80kg
7,佐野恵太,左,.273,139,566,524,51,143,8,5.6,34,0,8,7-1-0,201,62,53,35,3,4,0,3,0,0,-,2,0,17,.298,.322,.384,0.705,178cm,88kg
8,神里和毅,左,.130,25,25,23,3,3,0,0.0,0,0,0,-,3,0,12,1,0,1,0,0,2,0,100.0,0,0,0,.000,.200,.130,0.33,179cm,86kg
9,大和,右,.247,42,94,81,4,20,3,15.0,1,0,0,-,21,3,12,5,0,1,4,3,1,0,100.0,0,0,3,.050,.289,.259,0.548,N/A,N/A
10,戸柱恭孝,左,.244,46,97,90,4,22,1,4.5,4,0,0,-,26,4,15,5,0,1,1,0,0,0,-,0,0,5,.267,.292,.289,0.581,179cm,90kg
25,筒香嘉智,左,.188,57,168,149,12,28,1,3.6,6,3,7,7-0-0,61,23,51,16,1,2,0,1,0,0,-,0,0,5,.209,.274,.409,0.683,185cm,97kg
29,伊藤光,右,.205,39,94,88,7,18,0,0.0,4,0,1,1-0-0,25,14,24,4,0,2,0,0,0,0,-,1,1,1,.360,.255,.284,0.539,180cm,88kg
31,柴田竜拓,左,.261,82,34,23,4,6,0,0.0,0,0,0,-,6,2,7,3,1,1,7,0,1,0,100.0,4,0,0,.333,.370,.261,0.631,167cm,68kg
37,楠本泰史,左,.172,18,31,29,0,5,0,0.0,1,0,0,-,6,5,5,1,0,1,0,0,0,0,-,1,0,0,.250,.226,.207,0.433,180cm,85kg
39,西浦直亨,右,.267,8,17,15,3,4,0,0.0,0,1,0,-,6,1,5,2,1,0,0,0,0,0,-,2,0,2,.500,.353,.400,0.753,N/A,N/A
44,石上泰輝,左,.183,26,79,71,3,13,2,15.4,4,0,0,-,17,3,17,6,2,0,2,0,2,0,100.0,4,0,3,.231,.247,.239,0.486,172cm,85kg
50,山本祐大,右,.291,108,403,358,29,104,3,2.9,14,2,5,4-1-0,137,37,41,27,1,3,9,6,1,1,50.0,2,3,12,.308,.340,.383,0.723,180cm,87kg
51,宮﨑敏郎,右,.283,125,469,410,49,116,6,5.2,24,0,14,6-7-0,182,56,29,52,11,6,0,1,1,1,50.0,9,0,9,.311,.371,.444,0.815,172cm,85kg
55,井上絢登,左,.190,25,48,42,2,8,0,0.0,5,0,0,-,13,4,8,2,1,2,2,0,1,0,100.0,1,0,1,.182,.261,.310,0.57,178cm,90kg
57,東妻純平,右,.500,3,2,2,0,1,0,0.0,1,0,0,-,2,1,0,0,0,0,0,0,0,0,-,0,0,0,1.000,.500,1.000,1.5,174cm,83kg
58,梶原昂希,左,.292,91,351,339,49,99,16,16.2,16,3,4,3-1-0,133,30,98,7,3,4,1,0,16,2,88.9,1,0,2,.192,.314,.392,0.707,189cm,90kg
60,知野直人,右,.111,24,22,18,3,2,0,0.0,1,0,0,-,3,2,4,4,0,0,0,0,1,0,100.0,0,0,1,.250,.273,.167,0.439,182cm,85kg
61,蝦名達夫,右,.256,76,253,223,28,57,6,10.5,13,0,3,1-2-0,79,17,51,17,1,6,6,1,3,7,30.0,0,0,1,.191,.324,.354,0.678,185cm,88kg
63,関根大気,左,.227,79,142,128,14,29,7,24.1,2,0,0,-,31,4,19,11,0,2,1,0,2,3,40.0,1,0,2,.212,.298,.242,0.54,173cm,78kg
67,西巻賢二,右,-,0,0,0,0,0,0,-,0,0,0,-,0,0,0,0,0,0,0,0,0,0,-,0,0,0,-,-,-,0.0,167cm,70kg
98,京田陽太,左,.245,101,236,216,18,53,5,9.4,7,1,1,1-0-0,65,27,43,13,2,0,4,3,3,1,75.0,7,0,4,.309,.284,.301,0.585,184cm,90kg
99,フォード,左,.200,6,22,20,1,4,0,0.0,0,0,1,0-1-0,7,2,2,2,0,0,0,0,0,0,-,1,0,0,.250,.273,.350,0.623,N/A,N/A
11,東克樹,左,.098,26,63,51,3,5,1,20.0,0,0,0,-,5,1,16,4,0,0,8,0,0,0,-,1,0,1,.133,.164,.098,0.262,170cm,80kg
13,伊勢大夢,右,-,37,0,0,0,0,0,-,0,0,0,-,0,0,0,0,0,0,0,0,0,0,-,0,0,0,-,-,-,0.0,183cm,94kg
14,石田健大,左,.083,6,13,12,0,1,0,0.0,0,0,0,-,1,0,7,0,0,0,1,0,0,0,-,0,0,0,.000,.083,.083,0.167,180cm,85kg
15,徳山壮磨,右,-,29,0,0,0,0,0,-,0,0,0,-,0,0,0,0,0,0,0,0,0,0,-,0,0,0,-,-,-,0.0,183cm,87kg
16,大貫晋一,右,.083,15,30,24,1,2,0,0.0,0,0,0,-,2,0,9,1,0,0,5,0,0,0,-,1,0,0,.000,.120,.083,0.203,181cm,76kg
17,三嶋一輝,両,-,7,0,0,0,0,0,-,0,0,0,-,0,0,0,0,0,0,0,0,0,0,-,0,0,0,-,-,-,0.0,175cm,80kg
18,小園健太,右,-,1,0,0,0,0,0,-,0,0,0,-,0,0,0,0,0,0,0,0,0,0,-,0,0,0,-,-,-,0.0,185cm,90kg
19,山﨑康晃,右,-,38,0,0,0,0,0,-,0,0,0,-,0,0,0,0,0,0,0,0,0,0,-,1,0,0,-,-,-,0.0,179cm,88kg
20,坂本裕哉,左,-,48,0,0,0,0,0,-,0,0,0,-,0,0,0,0,0,0,0,0,0,0,-,1,0,0,-,-,-,0.0,180cm,87kg
24,吉野光樹,右,.000,7,13,9,0,0,0,-,0,0,0,-,0,0,5,2,0,0,2,0,0,0,-,0,0,0,.000,.182,.000,0.182,176cm,80kg
26,濵口遥大,左,.214,11,15,14,1,3,1,33.3,0,0,0,-,3,0,7,1,0,0,0,0,0,0,-,4,0,0,.000,.267,.214,0.481,173cm,80kg
27,上茶谷大河,右,.000,18,3,3,0,0,0,-,0,0,0,-,0,0,1,0,0,0,0,0,0,0,-,0,0,0,-,.000,.000,0.0,182cm,83kg
34,松本凌人,右,-,10,0,0,0,0,0,-,0,0,0,-,0,0,0,0,0,0,0,0,0,0,-,0,0,0,-,-,-,0.0,185cm,92kg
38,森唯斗,右,.250,14,5,4,0,1,1,100.0,0,0,0,-,1,0,3,0,0,0,1,0,0,0,-,0,0,0,.000,.250,.250,0.5,175cm,91kg
40,松本隆之介,左,.000,1,3,2,0,0,0,-,0,0,0,-,0,0,0,0,0,0,1,0,0,0,-,0,0,0,.000,.000,.000,0.0,188cm,94kg
41,佐々木千隼,右,-,28,0,0,0,0,0,-,0,0,0,-,0,0,0,0,0,0,0,0,0,0,-,0,0,0,-,-,-,0.0,181cm,83kg
42,ジャクソン,右,.098,25,51,41,1,4,1,25.0,0,0,0,-,4,1,28,2,0,0,8,0,0,0,-,2,0,1,.214,.140,.098,0.237,190cm,95kg
45,森原康平,左,-,58,0,0,0,0,0,-,0,0,0,-,0,0,0,0,0,0,0,0,0,0,-,0,0,0,-,-,-,0.0,185cm,88kg
46,石川達也,右,-,15,0,0,0,0,0,-,0,0,0,-,0,0,0,0,0,0,0,0,0,0,-,0,0,0,-,-,-,0.0,178cm,75kg
48,京山将弥,右,.000,23,2,1,0,0,0,-,0,0,0,-,0,0,1,0,0,0,1,0,0,0,-,1,0,0,-,.000,.000,0.0,183cm,80kg
49,ウェンデルケン,右,-,28,0,0,0,0,0,-,0,0,0,-,0,0,0,0,0,0,0,0,0,0,-,0,0,0,-,-,-,0.0,N/A,N/A
53,中川颯,左,.250,29,14,12,1,3,1,33.3,0,0,1,1-0-0,6,3,3,0,0,0,2,0,0,0,-,0,0,0,.167,.250,.500,0.75,N/A,N/A
54,石田裕太郎,右,.000,12,18,16,0,0,0,-,0,0,0,-,0,0,9,0,0,0,2,0,0,0,-,0,0,0,.000,.000,.000,0.0,180cm,74kg
59,平良拳太郎,右,.200,4,10,10,2,2,0,0.0,0,0,0,-,2,1,7,0,0,0,0,0,0,0,-,0,0,0,1.000,.200,.200,0.4,180cm,80kg
62,ウィック,左,.000,43,1,1,0,0,0,-,0,0,0,-,0,0,1,0,0,0,0,0,0,0,-,1,0,0,-,.000,.000,0.0,190cm,106kg
64,中川虎大,右,-,31,0,0,0,0,0,-,0,0,0,-,0,0,0,0,0,0,0,0,0,0,-,0,0,0,-,-,-,0.0,178cm,85kg
65,宮城滝太,右,-,1,0,0,0,0,0,-,0,0,0,-,0,0,0,0,0,0,0,0,0,0,-,0,0,0,-,-,-,0.0,181cm,80kg
69,ケイ,左,.000,24,46,38,1,0,0,-,0,0,0,-,0,1,22,3,0,0,5,0,0,0,-,1,0,0,.000,.073,.000,0.073,183cm,102kg
92,堀岡隼人,右,-,6,0,0,0,0,0,-,0,0,0,-,0,0,0,0,0,0,0,0,0,0,-,0,0,0,-,-,-,0.0,183cm,87kg
93,ディアス,左,-,7,0,0,0,0,0,-,0,0,0,-,0,0,0,0,0,0,0,0,0,0,-,0,0,0,-,-,-,0.0,178cm,95kg
0,木浪聖也,左,.214,116,409,359,27,77,7,9.1,13,1,1,0-1-0,95,35,64,32,4,4,13,1,1,0,100.0,8,0,17,.239,.285,.265,0.55,179cm,81kg
1,森下翔太,右,.275,129,526,458,64,126,6,4.8,24,2,16,11-5-0,202,73,78,53,1,12,0,3,0,2,0.0,2,0,13,.351,.363,.441,0.804,182cm,93kg
2,梅野隆太郎,右,.209,95,318,268,18,56,2,3.6,9,0,0,-,65,15,84,30,3,1,17,2,0,1,0.0,2,0,6,.220,.289,.243,0.532,173cm,77kg
3,大山悠輔,右,.259,130,545,483,63,125,4,3.2,18,0,14,7-6-0,185,68,88,52,3,7,0,3,0,4,0.0,7,0,19,.354,.338,.383,0.721,181cm,95kg
4,熊谷敬宥,右,.125,32,9,8,2,1,0,0.0,0,0,0,-,1,0,2,0,0,0,1,0,1,1,50.0,0,0,0,.000,.125,.125,0.25,175cm,68kg
5,近本光司,左,.285,141,639,562,71,160,19,11.9,16,5,6,5-1-0,204,45,93,68,5,5,0,4,19,9,67.9,4,0,7,.321,.365,.363,0.728,171cm,70kg
7,ノイジー,右,.231,49,149,134,8,31,0,0.0,5,0,1,1-0-0,39,8,16,14,1,0,0,1,1,0,100.0,2,0,9,.115,.302,.291,0.593,N/A,N/A
8,佐藤輝明,左,.268,120,496,451,58,121,4,3.3,21,4,16,12-3-0,198,70,133,36,2,5,0,4,0,2,0.0,23,0,11,.322,.327,.439,0.766,187cm,95kg
12,坂本誠志郎,右,.223,64,218,193,11,43,5,11.6,3,0,0,-,46,12,38,12,0,2,10,1,0,0,-,2,0,6,.238,.274,.238,0.512,176cm,79kg
25,渡邉諒,右,.260,67,137,123,7,32,2,6.3,5,0,2,2-0-0,43,11,34,11,0,1,0,2,0,1,0.0,5,0,2,.161,.321,.350,0.671,178cm,86kg
32,井上広大,右,.212,23,55,52,5,11,1,9.1,2,0,3,2-1-0,22,8,20,3,0,0,0,0,1,1,50.0,0,0,0,.250,.255,.423,0.678,189cm,100kg
33,糸原健斗,左,.216,89,128,111,8,24,3,12.5,2,0,0,-,26,9,20,15,0,1,0,1,0,0,-,1,0,3,.216,.313,.234,0.547,175cm,81kg
38,小幡竜平,左,.241,50,135,116,12,28,4,14.3,3,1,1,1-0-0,36,9,27,12,1,0,7,0,2,3,40.0,5,0,1,.313,.313,.310,0.623,184cm,78kg
39,榮枝裕貴,右,-,1,0,0,0,0,0,-,0,0,0,-,0,0,0,0,0,0,0,0,0,0,-,0,0,0,-,-,-,0.0,180cm,86kg
51,中野拓夢,左,.232,143,634,547,63,127,12,9.4,20,2,1,0-1-0,154,32,97,46,0,5,35,1,6,7,46.2,8,0,10,.240,.297,.282,0.579,172cm,67kg
53,島田海吏,左,.275,62,94,80,8,22,4,18.2,2,0,0,-,24,2,16,10,0,1,3,0,5,3,62.5,2,0,2,.111,.363,.300,0.663,176cm,74kg
55,ミエセス,右,.111,14,19,18,1,2,0,0.0,0,0,0,-,2,0,5,1,0,0,0,0,0,0,-,1,0,1,.000,.158,.111,0.269,N/A,N/A
57,長坂拳弥,右,.000,5,4,3,0,0,0,-,0,0,0,-,0,0,2,0,0,0,1,0,0,0,-,0,0,0,-,.000,.000,0.0,173cm,80kg
58,前川右京,左,.269,116,362,324,25,87,8,9.2,16,0,4,3-1-0,115,42,50,27,0,10,0,1,0,0,-,1,0,7,.259,.343,.355,0.697,176cm,86kg
59,藤田健斗,右,-,0,0,0,0,0,0,-,0,0,0,-,0,0,0,0,0,0,0,0,0,0,-,0,0,0,-,-,-,0.0,173cm,78kg
60,小野寺暖,右,.148,25,29,27,3,4,0,0.0,0,1,0,-,6,0,10,0,0,1,1,0,0,0,-,0,0,0,.000,.179,.222,0.401,183cm,82kg
61,豊田寛,右,.211,11,19,19,1,4,1,25.0,1,0,0,-,5,0,5,0,0,0,0,0,0,0,-,1,0,2,.143,.211,.263,0.474,178cm,86kg
62,植田海,両,.273,59,11,11,11,3,1,33.3,0,1,0,-,5,3,3,0,0,0,0,0,4,1,80.0,0,0,0,1.000,.273,.455,0.727,175cm,70kg
94,原口文仁,右,.241,52,65,58,5,14,0,0.0,1,0,2,2-0-0,21,9,14,5,0,2,0,0,1,0,100.0,0,0,0,.261,.323,.362,0.685,182cm,97kg
97,野口恭佑,右,.189,26,61,53,6,10,0,0.0,0,0,0,-,10,5,12,5,0,2,0,1,0,0,-,0,0,1,.357,.279,.189,0.467,180cm,87kg
0,ゲラ,左,-,59,0,0,0,0,0,-,0,0,0,-,0,0,0,0,0,0,0,0,0,0,-,0,0,0,-,-,-,0.0,183cm,85kg
13,岩崎優,左,-,60,0,0,0,0,0,-,0,0,0,-,0,0,0,0,0,0,0,0,0,0,-,0,0,0,-,-,-,0.0,185cm,92kg
14,岩貞祐太,左,-,2,0,0,0,0,0,-,0,0,0,-,0,0,0,0,0,0,0,0,0,0,-,0,0,0,-,-,-,0.0,183cm,87kg
15,西純矢,右,-,4,0,0,0,0,0,-,0,0,0,-,0,0,0,0,0,0,0,0,0,0,-,1,0,0,-,-,-,0.0,184cm,98kg
16,西勇輝,右,.184,21,39,38,1,7,0,0.0,1,0,0,-,8,4,13,0,0,0,1,0,0,0,-,4,0,0,.500,.184,.211,0.395,181cm,83kg
17,青柳晃洋,右,.000,12,18,12,0,0,0,-,0,0,0,-,0,2,5,1,0,0,4,1,0,0,-,0,0,0,.000,.071,.000,0.071,N/A,N/A
27,伊藤将司,左,.056,18,22,18,2,1,0,0.0,0,0,0,-,1,0,11,0,0,0,4,0,0,0,-,0,0,0,.000,.056,.056,0.111,179cm,88kg
29,髙橋遥人,左,.222,5,12,9,0,2,2,100.0,0,0,0,-,2,0,5,1,0,0,2,0,0,0,-,0,0,0,.200,.300,.222,0.522,181cm,81kg
30,門別啓人,左,.000,5,2,2,0,0,0,-,0,0,0,-,0,0,1,0,0,0,0,0,0,0,-,0,0,0,-,.000,.000,0.0,183cm,88kg
34,漆原大晟,左,-,38,0,0,0,0,0,-,0,0,0,-,0,0,0,0,0,0,0,0,0,0,-,1,0,0,-,-,-,0.0,182cm,84kg
35,才木浩人,右,.075,25,52,40,1,3,1,33.3,1,0,0,-,4,1,25,5,0,0,7,0,0,0,-,1,0,1,.000,.178,.100,0.278,189cm,92kg
36,浜地真澄,右,-,18,0,0,0,0,0,-,0,0,0,-,0,0,0,0,0,0,0,0,0,0,-,0,0,0,-,-,-,0.0,185cm,88kg
37,及川雅貴,左,.500,9,6,6,0,3,2,66.7,0,0,0,-,3,1,0,0,0,0,0,0,0,0,-,0,0,0,1.000,.500,.500,1.0,184cm,84kg
41,村上頌樹,左,.114,25,48,44,0,5,0,0.0,0,0,0,-,5,3,24,1,0,0,3,0,0,0,-,0,0,0,.154,.133,.114,0.247,175cm,83kg
46,島本浩也,左,-,33,0,0,0,0,0,-,0,0,0,-,0,0,0,0,0,0,0,0,0,0,-,0,0,0,-,-,-,0.0,176cm,73kg
47,桐敷拓馬,左,-,71,0,0,0,0,0,-,0,0,0,-,0,0,0,0,0,0,0,0,0,0,-,0,0,0,-,-,-,0.0,179cm,93kg
49,大竹耕太郎,左,.174,24,51,46,2,8,3,37.5,1,0,0,-,9,3,22,0,0,0,5,0,0,0,-,0,0,2,.385,.174,.196,0.37,184cm,86kg
50,富田蓮,左,-,33,0,0,0,0,0,-,0,0,0,-,0,0,0,0,0,0,0,0,0,0,-,1,0,0,-,-,-,0.0,176cm,76kg
54,加治屋蓮,右,-,13,0,0,0,0,0,-,0,0,0,-,0,0,0,0,0,0,0,0,0,0,-,1,0,0,-,-,-,0.0,185cm,90kg
63,石黒佑弥,右,-,3,0,0,0,0,0,-,0,0,0,-,0,0,0,0,0,0,0,0,0,0,-,0,0,0,-,-,-,0.0,180cm,85kg
64,岡留英貴,右,-,35,0,0,0,0,0,-,0,0,0,-,0,0,0,0,0,0,0,0,0,0,-,1,0,0,-,-,-,0.0,181cm,95kg
69,石井大智,右,-,56,0,0,0,0,0,-,0,0,0,-,0,0,0,0,0,0,0,0,0,0,-,1,0,0,-,-,-,0.0,175cm,80kg
92,川原陸,左,-,1,0,0,0,0,0,-,0,0,0,-,0,0,0,0,0,0,0,0,0,0,-,0,0,0,-,-,-,0.0,186cm,92kg
98,佐藤蓮,右,-,1,0,0,0,0,0,-,0,0,0,-,0,0,0,0,0,0,0,0,0,0,-,0,0,0,-,-,-,0.0,189cm,105kg
99,ビーズリー,右,.000,14,23,21,2,0,0,-,0,0,0,-,0,0,11,1,0,0,1,0,0,0,-,0,0,0,.000,.045,.000,0.045,191cm,102kg
0,上本崇司,右,.209,62,146,129,16,27,2,7.4,2,0,0,-,29,7,24,4,0,4,9,0,0,2,0.0,1,0,3,.182,.255,.225,0.48,170cm,76kg
2,田中広輔,左,.156,66,108,96,5,15,3,20.0,2,0,2,1-1-0,23,7,26,9,0,1,0,2,1,1,50.0,2,0,2,.227,.231,.240,0.471,171cm,85kg
7,堂林翔太,右,.230,87,273,244,15,56,4,7.1,13,0,1,0-1-0,72,17,67,16,0,1,9,3,0,2,0.0,3,0,4,.207,.277,.295,0.572,184cm,96kg
9,秋山翔吾,左,.289,138,587,547,60,158,13,8.2,20,1,4,3-1-0,192,30,96,29,3,5,2,4,6,5,54.5,0,0,6,.278,.328,.351,0.679,184cm,86kg
27,會澤翼,右,.187,57,159,150,9,28,2,7.1,6,0,0,-,34,13,43,7,1,2,0,0,0,0,-,0,1,6,.235,.233,.227,0.459,175cm,95kg
31,坂倉将吾,左,.279,121,462,427,43,119,8,6.7,19,1,12,7-5-0,176,44,80,31,3,1,1,2,3,2,60.0,6,3,7,.253,.328,.412,0.74,177cm,91kg
32,石原貴規,右,.230,56,139,122,11,28,4,14.3,6,0,3,3-0-0,43,11,22,5,1,5,5,2,0,0,-,1,1,1,.167,.284,.352,0.636,173cm,90kg
33,菊池涼介,右,.241,136,497,453,27,109,16,14.7,19,0,9,7-2-0,155,38,69,25,3,1,17,1,2,2,50.0,7,0,9,.193,.281,.342,0.623,171cm,71kg
37,野間峻祥,左,.271,113,443,391,40,106,12,11.3,14,5,1,1-0-0,133,28,52,43,1,5,3,1,8,5,61.5,1,0,9,.260,.350,.340,0.69,182cm,86kg
38,宇草孔基,左,.242,41,75,66,10,16,0,0.0,2,0,3,3-0-0,27,8,22,4,0,2,3,0,3,1,75.0,0,0,1,.286,.306,.409,0.715,185cm,84kg
40,磯村嘉孝,右,.000,10,10,9,0,0,0,-,0,0,0,-,0,0,4,1,0,0,0,0,0,0,-,0,0,0,.000,.100,.000,0.1,178cm,92kg
44,林晃汰,左,.183,27,64,60,4,11,2,18.2,4,0,0,-,15,2,20,4,1,0,0,0,0,0,-,0,0,3,.154,.234,.250,0.484,181cm,98kg
50,中村健人,右,.083,12,24,24,1,2,0,0.0,0,0,1,1-0-0,5,2,8,0,0,0,0,0,0,0,-,0,0,0,.125,.083,.208,0.292,183cm,96kg
51,小園海斗,左,.280,143,588,540,52,151,21,13.9,15,3,2,2-0-0,178,61,53,30,6,6,7,5,13,9,59.1,15,0,6,.341,.322,.330,0.651,178cm,91kg
52,末包昇大,右,.238,79,304,286,22,68,9,13.2,14,0,9,7-1-0,109,37,85,12,0,6,0,0,1,2,33.3,3,0,6,.284,.283,.381,0.664,188cm,107kg
54,韮澤雄也,左,.133,11,15,15,1,2,1,50.0,0,0,0,-,2,0,2,0,0,0,0,0,0,0,-,0,0,1,-,.133,.133,0.267,175cm,85kg
55,松山竜平,左,.178,65,78,73,2,13,1,7.7,4,0,1,1-0-0,20,10,12,4,3,0,0,1,0,0,-,0,0,5,.171,.218,.274,0.492,176cm,96kg
56,久保修,右,.059,19,18,17,1,1,0,0.0,0,0,0,-,1,0,8,0,0,1,0,0,0,0,-,0,0,0,.000,.111,.059,0.17,181cm,89kg
58,仲田侑仁,右,.250,1,4,4,1,1,0,0.0,0,0,0,-,1,0,1,0,0,0,0,0,0,0,-,0,0,0,.000,.250,.250,0.5,187cm,107kg
59,大盛穂,左,.226,74,35,31,7,7,1,14.3,2,0,0,-,9,4,10,2,0,0,2,0,2,1,66.7,0,0,0,.429,.273,.290,0.563,179cm,84kg
60,田村俊介,左,.198,37,106,101,4,20,3,15.0,3,2,0,-,27,5,27,3,1,1,1,0,1,1,50.0,1,0,2,.143,.229,.267,0.496,178cm,97kg
61,矢野雅哉,左,.260,137,495,430,45,112,18,16.1,13,6,2,2-0-0,143,38,109,38,1,3,20,4,13,10,56.5,12,0,8,.305,.322,.333,0.655,171cm,72kg
63,内田湘大,右,.333,1,3,3,0,1,0,0.0,0,0,0,-,1,0,0,0,0,0,0,0,0,0,-,0,0,0,.000,.333,.333,0.667,183cm,97kg
69,羽月隆太郎,左,.227,53,25,22,12,5,1,20.0,1,0,0,-,6,1,8,1,0,0,2,0,12,7,63.2,1,0,0,.000,.261,.273,0.534,168cm,73kg
94,佐藤啓介,左,.133,7,17,15,1,2,1,50.0,0,0,0,-,2,0,3,2,0,0,0,0,0,0,-,0,0,0,.167,.235,.133,0.369,182cm,90kg
96,中村奨成,右,.145,30,70,69,4,10,0,0.0,2,0,0,-,12,1,13,1,0,0,0,0,0,1,0.0,0,0,1,.125,.157,.174,0.331,181cm,86kg
97,中村貴浩,左,.208,11,25,24,4,5,2,40.0,0,0,0,-,5,3,5,0,0,0,1,0,0,0,-,0,0,1,.429,.208,.208,0.417,177cm,87kg
99,二俣翔一,右,.196,80,122,107,7,21,0,0.0,4,0,1,0-1-0,28,7,26,8,0,1,6,0,1,0,100.0,2,0,3,.192,.259,.262,0.52,180cm,78kg
10,レイノルズ,右,.000,2,6,4,0,0,0,-,0,0,0,-,0,1,2,1,0,0,0,1,0,0,-,0,0,1,-,.167,.000,0.167,N/A,N/A
95,シャイナー,右,.133,12,31,30,1,4,0,0.0,1,0,1,1-0-0,8,5,9,1,0,0,0,0,0,0,-,0,0,1,.167,.161,.267,0.428,N/A,N/A
11,九里亜蓮,右,.000,23,39,31,0,0,0,-,0,0,0,-,0,2,18,0,0,0,7,1,0,0,-,2,0,0,.000,.000,.000,0.0,188cm,98kg
12,大道温貴,右,-,4,0,0,0,0,0,-,0,0,0,-,0,0,0,0,0,0,0,0,0,0,-,0,0,0,-,-,-,0.0,180cm,91kg
13,森浦大輔,左,-,53,0,0,0,0,0,-,0,0,0,-,0,0,0,0,0,0,0,0,0,0,-,0,0,0,-,-,-,0.0,175cm,78kg
14,大瀬良大地,右,.048,25,45,42,0,2,0,0.0,0,0,0,-,2,0,21,0,0,0,3,0,0,0,-,2,0,2,.000,.048,.048,0.095,188cm,94kg
16,森翔平,左,.167,5,8,6,0,1,0,0.0,0,0,0,-,1,0,2,0,0,0,2,0,0,0,-,0,0,0,.000,.167,.167,0.333,177cm,86kg
17,常廣羽也斗,右,.000,2,4,4,0,0,0,-,0,0,0,-,0,0,4,0,0,0,0,0,0,0,-,0,0,0,.000,.000,.000,0.0,180cm,79kg
18,森下暢仁,右,.234,23,52,47,5,11,1,9.1,1,0,0,-,12,3,12,1,0,1,3,0,0,0,-,0,0,0,.429,.265,.255,0.521,181cm,81kg
19,野村祐輔,右,.000,3,2,2,0,0,0,-,0,0,0,-,0,0,2,0,0,0,0,0,0,0,-,1,0,0,-,.000,.000,0.0,N/A,N/A
20,栗林良吏,右,-,60,0,0,0,0,0,-,0,0,0,-,0,0,0,0,0,0,0,0,0,0,-,1,0,0,-,-,-,0.0,177cm,88kg
21,中﨑翔太,右,-,24,0,0,0,0,0,-,0,0,0,-,0,0,0,0,0,0,0,0,0,0,-,0,0,0,-,-,-,0.0,187cm,100kg
22,髙太一,左,-,1,0,0,0,0,0,-,0,0,0,-,0,0,0,0,0,0,0,0,0,0,-,0,0,0,-,-,-,0.0,179cm,89kg
24,黒原拓未,左,1.000,53,2,1,1,1,0,0.0,0,1,0,-,3,1,0,0,0,0,1,0,0,0,-,1,0,0,-,1.000,3.000,4.0,173cm,82kg
26,益田武尚,右,-,10,0,0,0,0,0,-,0,0,0,-,0,0,0,0,0,0,0,0,0,0,-,0,0,0,-,-,-,0.0,174cm,86kg
28,床田寛樹,左,.178,26,52,45,1,8,0,0.0,0,0,0,-,8,1,7,0,0,0,7,0,0,0,-,2,0,0,.091,.178,.178,0.356,181cm,97kg
29,ケムナ誠,右,-,5,0,0,0,0,0,-,0,0,0,-,0,0,0,0,0,0,0,0,0,0,-,0,0,0,-,-,-,0.0,190cm,96kg
30,滝田一希,左,.000,1,1,1,0,0,0,-,0,0,0,-,0,0,1,0,0,0,0,0,0,0,-,0,0,0,.000,.000,.000,0.0,183cm,84kg
34,高橋昂也,左,-,1,0,0,0,0,0,-,0,0,0,-,0,0,0,0,0,0,0,0,0,0,-,0,0,0,-,-,-,0.0,182cm,95kg
36,塹江敦哉,左,-,53,0,0,0,0,0,-,0,0,0,-,0,0,0,0,0,0,0,0,0,0,-,0,0,0,-,-,-,0.0,178cm,91kg
39,長谷部銀次,左,-,5,0,0,0,0,0,-,0,0,0,-,0,0,0,0,0,0,0,0,0,0,-,0,0,0,-,-,-,0.0,184cm,88kg
41,矢崎拓也,右,-,26,0,0,0,0,0,-,0,0,0,-,0,0,0,0,0,0,0,0,0,0,-,0,0,0,-,-,-,0.0,176cm,99kg
42,ハッチ,右,.167,5,7,6,1,1,0,0.0,0,0,0,-,1,1,4,0,0,0,1,0,0,0,-,0,0,0,.500,.167,.167,0.333,N/A,N/A
43,島内颯太郎,右,-,58,0,0,0,0,0,-,0,0,0,-,0,0,0,0,0,0,0,0,0,0,-,0,0,0,-,-,-,0.0,180cm,86kg
45,松本竜也,右,-,12,0,0,0,0,0,-,0,0,0,-,0,0,0,0,0,0,0,0,0,0,-,0,0,0,-,-,-,0.0,178cm,100kg
46,河野佳,右,.000,13,1,1,0,0,0,-,0,0,0,-,0,0,1,0,0,0,0,0,0,0,-,0,0,0,-,.000,.000,0.0,175cm,86kg
48,アドゥワ誠,右,.034,20,32,29,1,1,1,100.0,0,0,0,-,1,0,14,0,0,0,3,0,0,0,-,0,0,0,.167,.034,.034,0.069,196cm,80kg
65,玉村昇悟,左,.167,15,19,18,1,3,0,0.0,0,0,0,-,3,2,9,0,0,0,1,0,0,0,-,0,0,1,.250,.167,.167,0.333,179cm,86kg
66,遠藤淳志,右,-,3,0,0,0,0,0,-,0,0,0,-,0,0,0,0,0,0,0,0,0,0,-,0,0,0,-,-,-,0.0,186cm,90kg
68,ハーン,左,-,35,0,0,0,0,0,-,0,0,0,-,0,0,0,0,0,0,0,0,0,0,-,1,0,0,-,-,-,0.0,198cm,117kg
98,コルニエル,右,-,16,0,0,0,0,0,-,0,0,0,-,0,0,0,0,0,0,0,0,0,0,-,1,0,0,-,-,-,0.0,N/A,N/A
0,湯浅大,右,.167,19,7,6,2,1,0,0.0,0,0,0,-,1,2,2,0,0,0,1,0,0,1,0.0,0,0,0,.500,.167,.167,0.333,172cm,73kg
0,増田大輝,右,.200,40,38,30,4,6,1,16.7,1,1,0,-,9,4,6,1,0,0,7,0,4,1,80.0,0,0,1,.571,.226,.300,0.526,172cm,68kg
2,吉川尚輝,左,.287,143,602,536,65,154,17,11.0,25,4,5,5-0-0,202,46,61,41,2,6,13,6,12,5,70.6,5,0,8,.274,.341,.377,0.718,177cm,82kg
5,門脇誠,左,.243,129,405,350,29,85,15,17.6,9,1,0,-,96,21,63,37,7,2,16,0,9,3,75.0,16,0,3,.247,.319,.274,0.593,171cm,76kg
6,坂本勇人,右,.238,109,426,395,34,94,8,8.5,14,0,7,7-0-0,129,34,72,27,1,1,0,3,1,0,100.0,6,0,14,.212,.286,.327,0.613,177cm,84kg
7,長野久義,右,.258,54,98,89,5,23,1,4.3,3,1,0,-,28,14,25,9,1,0,0,0,1,1,50.0,0,0,2,.270,.327,.315,0.641,180cm,85kg
8,丸佳浩,左,.278,138,595,525,51,146,12,8.2,18,1,14,8-5-1,208,45,93,65,5,3,0,2,8,4,66.7,0,0,9,.226,.360,.396,0.756,177cm,94kg
12,萩尾匡也,右,.215,56,163,149,13,32,5,15.6,8,2,2,1-1-0,50,12,41,11,1,1,1,1,0,2,0.0,1,0,4,.211,.272,.336,0.607,180cm,85kg
13,梶谷隆幸,左,.188,6,17,16,2,3,0,0.0,0,0,1,1-0-0,6,2,4,1,0,0,0,0,0,0,-,0,0,1,.333,.235,.375,0.61,N/A,N/A
22,小林誠司,右,.152,42,123,105,4,16,0,0.0,3,0,1,1-0-0,22,8,18,9,2,2,7,0,1,0,100.0,1,2,1,.132,.233,.210,0.442,178cm,86kg
23,立岡宗一郎,左,.214,48,99,84,12,18,1,5.6,0,0,0,-,18,8,19,11,1,0,4,0,3,2,60.0,0,0,0,.304,.305,.214,0.52,N/A,N/A
24,大城卓三,左,.254,96,321,283,19,72,2,2.8,17,0,3,2-1-0,98,27,62,31,2,3,0,4,0,0,-,2,3,3,.197,.330,.346,0.677,187cm,95kg
25,岡本和真,右,.280,143,611,535,70,150,14,9.3,37,0,27,22-3-1,268,83,97,66,10,5,0,5,1,1,50.0,6,0,5,.286,.362,.501,0.863,186cm,100kg
27,岸田行倫,右,.242,88,298,269,22,65,6,9.2,10,1,4,3-1-0,89,26,43,14,0,4,9,2,2,2,50.0,3,6,11,.203,.287,.331,0.618,176cm,88kg
35,泉口友汰,左,.201,66,185,164,10,33,2,6.1,6,1,1,0-1-0,44,9,24,18,1,0,3,0,1,0,100.0,3,0,2,.267,.280,.268,0.549,178cm,84kg
37,郡拓也,右,.000,5,4,4,1,0,0,-,0,0,0,-,0,0,1,0,0,0,0,0,0,0,-,0,0,0,.000,.000,.000,0.0,179cm,88kg
38,岡田悠希,左,.143,4,9,7,0,1,0,0.0,0,0,0,-,1,0,2,2,0,0,0,0,0,0,-,0,0,0,1.000,.333,.143,0.476,184cm,86kg
39,モンテス,右,.272,46,159,151,14,41,3,7.3,15,0,1,0-1-0,59,14,21,7,2,1,0,0,1,0,100.0,0,0,3,.281,.308,.391,0.699,N/A,N/A
40,中山礼都,左,.318,32,48,44,2,14,2,14.3,3,0,0,-,17,2,12,4,0,0,0,0,0,0,-,0,0,1,.300,.375,.386,0.761,182cm,82kg
42,ヘルナンデス,右,.294,56,240,221,34,65,4,6.2,11,0,8,7-0-1,100,30,58,15,1,3,0,1,0,1,0.0,0,0,8,.352,.346,.452,0.798,188cm,115kg
43,重信慎之介,左,.067,33,18,15,6,1,0,0.0,0,0,0,-,1,0,6,3,0,0,0,0,6,1,85.7,1,0,0,.000,.222,.067,0.289,173cm,74kg
44,佐々木俊輔,左,.231,59,156,143,13,33,7,21.2,5,1,0,-,40,6,44,9,0,0,3,1,2,1,66.7,0,0,3,.261,.275,.280,0.554,174cm,80kg
50,オコエ瑠偉,右,.261,68,157,138,16,36,2,5.6,9,0,3,2-1-0,54,13,35,9,0,1,8,1,4,0,100.0,1,0,3,.323,.309,.391,0.7,185cm,100kg
51,浅野翔吾,右,.240,40,158,146,18,35,4,11.4,11,2,3,3-0-0,59,18,27,7,1,2,2,1,1,0,100.0,3,0,2,.295,.282,.404,0.686,171cm,86kg
55,秋広優人,左,.261,26,48,46,5,12,3,25.0,1,0,0,-,13,1,12,2,0,0,0,0,1,0,100.0,1,0,1,.167,.292,.283,0.574,200cm,100kg
59,若林楽人,右,.214,27,44,42,3,9,1,11.1,1,1,1,1-0-0,15,7,11,1,0,1,0,0,1,0,100.0,0,0,0,.364,.250,.357,0.607,177cm,83kg
61,増田陸,右,.000,4,6,5,0,0,0,-,0,0,0,-,0,0,1,0,0,1,0,0,0,0,-,0,0,1,.000,.167,.000,0.167,179cm,88kg
67,山瀬慎之助,右,.333,2,6,6,1,2,0,0.0,0,0,0,-,2,0,1,0,0,0,0,0,0,0,-,0,0,0,.000,.333,.333,0.667,177cm,89kg
94,喜多隆介,右,.000,1,1,1,1,0,0,-,0,0,0,-,0,0,0,0,0,0,0,0,0,0,-,0,0,0,.000,.000,.000,0.0,179cm,93kg
98,ウレーニャ,右,.000,7,8,7,0,0,0,-,0,0,0,-,0,0,4,1,0,0,0,0,0,0,-,0,0,0,.000,.125,.000,0.125,N/A,N/A
59,松原聖弥,左,.154,9,16,13,1,2,1,50.0,0,0,0,-,2,2,5,3,0,0,0,0,0,0,-,0,0,0,.667,.313,.154,0.466,173cm,78kg
15,大勢,右,-,43,0,0,0,0,0,-,0,0,0,-,0,0,0,0,0,0,0,0,0,0,-,0,0,0,-,-,-,0.0,183cm,90kg
17,西舘勇陽,右,.000,28,2,1,0,0,0,-,0,0,0,-,0,0,0,0,0,0,1,0,0,0,-,0,0,1,-,.000,.000,0.0,185cm,79kg
18,菅野智之,右,.089,24,53,45,1,4,0,0.0,0,0,0,-,4,0,26,2,0,0,6,0,0,0,-,1,0,1,.000,.128,.089,0.217,N/A,N/A
19,山﨑伊織,左,.136,24,53,44,1,6,0,0.0,2,0,0,-,8,4,19,1,0,0,8,0,0,0,-,1,0,0,.308,.156,.182,0.337,181cm,81kg
20,戸郷翔征,右,.051,26,56,39,1,2,0,0.0,0,0,0,-,2,2,21,1,0,0,16,0,0,0,-,1,0,1,.111,.075,.051,0.126,187cm,85kg
26,今村信貴,左,-,7,0,0,0,0,0,-,0,0,0,-,0,0,0,0,0,0,0,0,0,0,-,0,0,0,-,-,-,0.0,180cm,90kg
28,高橋礼,右,.154,11,13,13,1,2,1,50.0,0,0,0,-,2,0,5,0,0,0,0,0,0,0,-,0,0,0,.000,.154,.154,0.308,187cm,90kg
29,グリフィン,左,.100,20,35,30,0,3,0,0.0,2,0,0,-,5,2,11,0,0,0,5,0,0,0,-,0,0,0,.143,.100,.167,0.267,190cm,102kg
31,赤星優志,右,.000,21,16,12,0,0,0,-,0,0,0,-,0,1,3,0,0,0,4,0,0,0,-,0,0,0,.000,.000,.000,0.0,175cm,82kg
33,ケラー,右,-,52,0,0,0,0,0,-,0,0,0,-,0,0,0,0,0,0,0,0,0,0,-,1,0,0,-,-,-,0.0,193cm,92kg
36,馬場皐輔,右,-,1,0,0,0,0,0,-,0,0,0,-,0,0,0,0,0,0,0,0,0,0,-,0,0,0,-,-,-,0.0,180cm,97kg
41,中川皓太,左,-,15,0,0,0,0,0,-,0,0,0,-,0,0,0,0,0,0,0,0,0,0,-,0,0,0,-,-,-,0.0,183cm,86kg
45,畠世周,左,-,1,0,0,0,0,0,-,0,0,0,-,0,0,0,0,0,0,0,0,0,0,-,0,0,0,-,-,-,0.0,186cm,82kg
46,又木鉄平,左,.000,3,1,1,0,0,0,-,0,0,0,-,0,0,1,0,0,0,0,0,0,0,-,0,0,0,.000,.000,.000,0.0,182cm,92kg
48,田中千晴,右,-,3,0,0,0,0,0,-,0,0,0,-,0,0,0,0,0,0,0,0,0,0,-,0,0,0,-,-,-,0.0,189cm,85kg
49,バルドナード,左,-,58,0,0,0,0,0,-,0,0,0,-,0,0,0,0,0,0,0,0,0,0,-,1,0,0,-,-,-,0.0,196cm,122kg
52,伊藤優輔,右,-,8,0,0,0,0,0,-,0,0,0,-,0,0,0,0,0,0,0,0,0,0,-,0,0,0,-,-,-,0.0,178cm,82kg
53,高梨雄平,左,-,51,0,0,0,0,0,-,0,0,0,-,0,0,0,0,0,0,0,0,0,0,-,1,0,0,-,-,-,0.0,175cm,86kg
58,船迫大雅,左,-,51,1,0,0,0,0,-,0,0,0,-,0,1,0,0,0,0,0,1,0,0,-,0,0,0,-,.000,-,0.0,174cm,80kg
62,横川凱,左,.250,12,8,4,0,1,0,0.0,0,0,0,-,1,1,1,0,0,0,4,0,0,0,-,1,0,0,.333,.250,.250,0.5,190cm,98kg
63,泉圭輔,右,-,35,0,0,0,0,0,-,0,0,0,-,0,0,0,0,0,0,0,0,0,0,-,0,0,0,-,-,-,0.0,188cm,82kg
64,大江竜聖,左,-,16,0,0,0,0,0,-,0,0,0,-,0,0,0,0,0,0,0,0,0,0,-,1,0,0,-,-,-,0.0,173cm,82kg
65,メンデス,左,.000,2,1,1,0,0,0,-,0,0,0,-,0,0,1,0,0,0,0,0,0,0,-,1,0,0,-,.000,.000,0.0,N/A,N/A
66,平内龍太,右,-,31,0,0,0,0,0,-,0,0,0,-,0,0,0,0,0,0,0,0,0,0,-,0,0,0,-,-,-,0.0,185cm,99kg
91,堀田賢慎,右,.111,17,11,9,0,1,0,0.0,0,0,0,-,1,0,5,0,0,0,2,0,0,0,-,0,0,0,.000,.111,.111,0.222,186cm,88kg
93,松井颯,右,-,2,0,0,0,0,0,-,0,0,0,-,0,0,0,0,0,0,0,0,0,0,-,0,0,0,-,-,-,0.0,178cm,83kg
97,井上温大,左,.143,25,34,28,1,4,3,75.0,0,0,0,-,4,2,9,1,0,0,5,0,0,0,-,0,0,0,.200,.172,.143,0.315,175cm,85kg
99,京本眞,右,-,4,0,0,0,0,0,-,0,0,0,-,0,0,0,0,0,0,0,0,0,0,-,0,0,0,-,-,-,0.0,189cm,88kg
0,赤羽由紘,右,.241,36,65,58,4,14,1,7.1,2,0,2,2-0-0,22,6,16,1,0,1,4,1,4,0,100.0,0,0,0,.188,.262,.379,0.642,176cm,83kg
0,並木秀尊,右,.233,33,49,43,15,10,0,0.0,1,0,1,0-1-0,14,5,7,1,0,0,5,0,10,0,100.0,1,0,4,.273,.250,.326,0.576,170cm,72kg
1,山田哲人,右,.226,110,385,340,38,77,3,3.9,14,1,14,8-5-1,135,39,86,36,1,5,0,4,1,0,100.0,5,0,6,.229,.306,.397,0.704,181cm,81kg
3,西川遥輝,左,.260,113,363,308,43,80,12,15.0,13,2,1,0-1-0,100,24,51,40,1,6,3,6,10,2,83.3,3,0,3,.275,.350,.325,0.675,181cm,82kg
4,丸山和郁,左,.241,96,296,253,30,61,12,19.7,7,1,0,-,70,12,49,24,1,2,17,0,4,2,66.7,3,0,2,.264,.312,.277,0.589,174cm,80kg
5,川端慎吾,左,.224,61,61,58,1,13,3,23.1,0,0,0,-,13,6,9,2,0,1,0,0,0,0,-,0,0,1,.185,.262,.224,0.486,185cm,86kg
7,長岡秀樹,左,.288,143,611,566,63,163,13,8.0,25,1,6,1-4-0,208,58,70,29,2,3,10,3,4,1,80.0,9,0,6,.322,.324,.367,0.692,175cm,82kg
9,塩見泰隆,右,.267,31,113,101,15,27,4,14.8,3,0,3,2-1-0,39,8,16,9,3,2,0,1,3,0,100.0,0,0,1,.235,.336,.386,0.722,180cm,81kg
10,宮本丈,左,.259,60,164,147,12,38,3,7.9,3,0,0,-,41,6,25,11,0,1,4,1,1,0,100.0,0,0,3,.250,.313,.279,0.591,181cm,82kg
13,オスナ,右,.267,141,585,539,54,144,10,6.9,28,0,17,13-2-0,223,72,91,40,3,3,0,3,0,3,0.0,11,0,24,.293,.320,.414,0.733,188cm,104kg
23,青木宣親,左,.229,72,129,118,9,27,2,7.4,5,0,0,-,32,9,17,10,2,0,0,1,2,0,100.0,1,0,7,.162,.287,.271,0.558,N/A,N/A
25,サンタナ,右,.315,122,484,419,57,132,10,7.6,29,0,17,12-5-0,212,70,101,57,1,4,0,4,2,1,66.7,4,0,8,.324,.399,.506,0.905,195cm,104kg
27,中村悠平,右,.237,96,353,291,16,69,4,5.8,9,0,0,-,78,23,54,30,5,4,26,2,0,0,-,2,4,7,.286,.315,.268,0.583,176cm,79kg
30,西田明央,右,.136,24,24,22,0,3,0,0.0,1,0,0,-,4,2,2,1,0,0,0,1,0,0,-,0,0,1,.143,.167,.182,0.348,N/A,N/A
31,山崎晃大朗,左,.133,22,39,30,4,4,0,0.0,0,0,0,-,4,1,13,3,0,0,6,0,1,0,100.0,1,0,0,.143,.212,.133,0.345,N/A,N/A
32,松本直樹,右,.269,60,142,134,5,36,2,5.6,7,0,1,1-0-0,46,11,18,4,0,0,3,1,1,0,100.0,1,2,3,.357,.288,.343,0.631,177cm,82kg
33,内山壮真,右,.192,24,54,52,2,10,0,0.0,1,0,0,-,11,3,13,1,0,1,0,0,1,0,100.0,0,1,2,.286,.222,.212,0.434,172cm,76kg
38,北村拓己,右,.125,48,49,40,2,5,0,0.0,0,0,1,0-1-0,8,4,8,5,0,1,1,2,2,1,66.7,2,0,2,.154,.229,.200,0.429,181cm,90kg
42,澤井廉,左,.160,12,27,25,1,4,1,25.0,0,0,1,1-0-0,7,4,12,0,0,1,1,0,0,0,-,0,0,0,.333,.192,.280,0.472,180cm,94kg
46,太田賢吾,左,.204,18,50,49,5,10,1,10.0,1,1,0,-,13,5,14,1,0,0,0,0,0,0,-,1,0,0,.182,.220,.265,0.485,186cm,87kg
51,濱田太貴,右,.077,10,28,26,0,2,2,100.0,0,0,0,-,2,1,8,1,0,0,1,0,0,0,-,0,0,1,.167,.111,.077,0.188,177cm,81kg
55,村上宗隆,左,.244,143,610,500,82,122,11,9.0,13,1,33,21-9-1,236,86,180,105,9,4,0,1,10,5,66.7,15,0,6,.273,.379,.472,0.851,188cm,97kg
59,小森航大郎,右,.000,4,5,5,0,0,0,-,0,0,0,-,0,0,0,0,0,0,0,0,0,0,-,1,0,0,.000,.000,.000,0.0,173cm,83kg
60,武岡龍世,左,.177,76,147,130,16,23,3,13.0,2,1,3,1-2-0,36,9,33,10,1,0,6,1,1,0,100.0,1,0,2,.231,.234,.277,0.511,179cm,77kg
63,増田珠,右,.207,52,102,92,8,19,1,5.3,4,0,2,1-1-0,29,6,22,5,0,1,4,0,0,1,0.0,0,0,2,.250,.255,.315,0.57,179cm,85kg
64,岩田幸宏,左,.228,81,140,123,19,28,5,17.9,2,0,1,1-0-0,33,7,22,6,2,2,9,0,10,0,100.0,0,0,2,.263,.275,.268,0.543,175cm,79kg
65,鈴木叶,右,.500,2,4,4,0,2,0,0.0,0,0,0,-,2,2,1,0,0,0,0,0,0,0,-,0,0,0,.500,.500,.500,1.0,181cm,81kg
67,伊藤琉偉,右,.000,6,1,1,0,0,0,-,0,0,0,-,0,0,1,0,0,0,0,0,0,0,-,0,0,0,.000,.000,.000,0.0,180cm,78kg
93,橋本星哉,左,.000,1,1,1,0,0,0,-,0,0,0,-,0,0,1,0,0,0,0,0,0,0,-,0,0,0,.000,.000,.000,0.0,178cm,85kg
12,石山泰稚,右,-,37,0,0,0,0,0,-,0,0,0,-,0,0,0,0,0,0,0,0,0,0,-,0,0,0,-,-,-,0.0,182cm,83kg
16,原樹理,右,-,7,0,0,0,0,0,-,0,0,0,-,0,0,0,0,0,0,0,0,0,0,-,0,0,0,-,-,-,0.0,180cm,79kg
17,清水昇,左,-,17,0,0,0,0,0,-,0,0,0,-,0,0,0,0,0,0,0,0,0,0,-,0,0,0,-,-,-,0.0,180cm,95kg
18,奥川恭伸,右,.000,7,10,9,0,0,0,-,0,0,0,-,0,0,5,0,0,0,1,0,0,0,-,0,0,0,.000,.000,.000,0.0,184cm,82kg
19,石川雅規,左,.111,9,12,9,0,1,0,0.0,0,0,0,-,1,0,4,0,0,0,3,0,0,0,-,1,0,0,.000,.111,.111,0.222,167cm,73kg
20,木澤尚文,右,-,55,0,0,0,0,0,-,0,0,0,-,0,0,0,0,0,0,0,0,0,0,-,0,0,0,-,-,-,0.0,183cm,90kg
21,吉村貢司郎,右,.048,23,48,42,1,2,0,0.0,0,0,0,-,2,0,19,2,0,0,4,0,0,0,-,0,0,1,.000,.091,.048,0.139,183cm,85kg
24,星知弥,右,-,36,0,0,0,0,0,-,0,0,0,-,0,0,0,0,0,0,0,0,0,0,-,0,0,0,-,-,-,0.0,183cm,91kg
26,山野太一,左,.000,14,14,10,0,0,0,-,0,0,0,-,0,1,5,0,0,0,4,0,0,0,-,1,0,0,.000,.000,.000,0.0,173cm,81kg
28,松本健吾,右,.000,3,4,3,0,0,0,-,0,0,0,-,0,0,3,0,0,0,1,0,0,0,-,0,0,0,-,.000,.000,0.0,180cm,83kg
29,小川泰弘,右,.167,12,25,18,1,3,0,0.0,0,0,0,-,3,2,5,1,0,0,6,0,0,0,-,0,0,1,.000,.211,.167,0.377,172cm,82kg
34,田口麗斗,左,-,41,0,0,0,0,0,-,0,0,0,-,0,0,0,0,0,0,0,0,0,0,-,1,0,0,-,-,-,0.0,171cm,79kg
35,石原勇輝,左,-,1,0,0,0,0,0,-,0,0,0,-,0,0,0,0,0,0,0,0,0,0,-,0,0,0,-,-,-,0.0,180cm,87kg
37,ロドリゲス,右,.000,32,2,1,0,0,0,-,0,0,0,-,0,0,1,0,0,0,1,0,0,0,-,0,0,0,-,.000,.000,0.0,182cm,90kg
39,エスパーダ,右,-,24,0,0,0,0,0,-,0,0,0,-,0,0,0,0,0,0,0,0,0,0,-,1,0,0,-,-,-,0.0,N/A,N/A
40,高梨裕稔,右,.000,8,10,9,0,0,0,-,0,0,0,-,0,0,5,0,0,0,1,0,0,0,-,0,0,0,.000,.000,.000,0.0,188cm,94kg
41,柴田大地,右,-,1,0,0,0,0,0,-,0,0,0,-,0,0,0,0,0,0,0,0,0,0,-,0,0,0,-,-,-,0.0,180cm,94kg
43,山本大貴,左,-,44,0,0,0,0,0,-,0,0,0,-,0,0,0,0,0,0,0,0,0,0,-,0,0,0,-,-,-,0.0,184cm,98kg
44,大西広樹,右,.000,60,1,1,0,0,0,-,0,0,0,-,0,0,1,0,0,0,0,0,0,0,-,1,0,0,.000,.000,.000,0.0,175cm,92kg
45,小澤怜史,左,.154,40,15,13,0,2,0,0.0,0,0,0,-,2,0,4,0,0,0,2,0,0,0,-,0,0,0,.000,.154,.154,0.308,182cm,87kg
47,高橋奎二,左,.158,21,40,38,2,6,2,33.3,0,0,0,-,6,0,16,1,0,0,1,0,0,0,-,0,0,0,.111,.179,.158,0.337,180cm,83kg
48,金久保優斗,左,.000,5,1,1,0,0,0,-,0,0,0,-,0,0,1,0,0,0,0,0,0,0,-,0,0,0,-,.000,.000,0.0,185cm,87kg
49,嘉弥真新也,左,-,9,0,0,0,0,0,-,0,0,0,-,0,0,0,0,0,0,0,0,0,0,-,0,0,0,-,-,-,0.0,N/A,N/A
52,尾仲祐哉,左,-,1,0,0,0,0,0,-,0,0,0,-,0,0,0,0,0,0,0,0,0,0,-,0,0,0,-,-,-,0.0,N/A,N/A
53,長谷川宙輝,左,.000,19,1,1,0,0,0,-,0,0,0,-,0,0,1,0,0,0,0,0,0,0,-,0,0,0,.000,.000,.000,0.0,176cm,86kg
54,サイスニード,右,.107,24,36,28,1,3,0,0.0,1,0,0,-,4,1,12,0,0,0,8,0,0,0,-,1,0,0,.125,.107,.143,0.25,N/A,N/A
58,阪口皓亮,左,.000,2,3,2,0,0,0,-,0,0,0,-,0,0,2,0,0,0,1,0,0,0,-,0,0,0,.000,.000,.000,0.0,188cm,90kg
61,宮川哲,右,-,4,0,0,0,0,0,-,0,0,0,-,0,0,0,0,0,0,0,0,0,0,-,0,0,0,-,-,-,0.0,177cm,86kg
68,丸山翔大,左,-,27,0,0,0,0,0,-,0,0,0,-,0,0,0,0,0,0,0,0,0,0,-,0,0,0,-,-,-,0.0,194cm,90kg
69,今野龍太,右,-,6,0,0,0,0,0,-,0,0,0,-,0,0,0,0,0,0,0,0,0,0,-,0,0,0,-,-,-,0.0,178cm,86kg
99,ヤフーレ,両,.028,23,40,36,0,1,0,0.0,0,0,0,-,1,0,18,0,0,0,4,0,0,0,-,2,0,1,.000,.028,.028,0.056,185cm,97kg
0,尾田剛樹,左,.000,65,12,11,8,0,0,-,0,0,0,-,0,0,4,0,0,0,1,0,4,5,44.4,0,0,0,.000,.000,.000,0.0,175cm,75kg
1,岡林勇希,左,.256,123,460,425,34,109,13,11.9,10,3,0,-,125,12,62,29,2,0,6,0,10,7,58.8,0,0,2,.187,.304,.294,0.598,175cm,75kg
2,田中幹也,右,.224,112,343,313,26,70,4,5.7,8,2,2,1-0-1,88,23,46,20,1,0,10,0,5,1,83.3,4,0,3,.250,.270,.281,0.551,166cm,68kg
3,高橋周平,左,.260,60,190,173,8,45,5,11.1,6,0,2,1-1-0,57,16,40,13,2,1,3,0,0,1,0.0,9,0,7,.318,.316,.329,0.645,180cm,90kg
4,鵜飼航丞,右,.185,12,27,27,1,5,0,0.0,2,0,0,-,7,3,10,0,0,0,0,0,0,0,-,0,0,1,.167,.185,.259,0.444,183cm,100kg
5,村松開人,左,.275,109,418,371,35,102,18,17.6,14,3,1,1-0-0,125,25,81,26,1,4,14,3,3,4,42.9,5,0,7,.195,.327,.337,0.664,172cm,80kg
6,中田翔,右,.217,62,225,212,15,46,5,10.9,10,0,4,0-4-0,68,21,34,9,2,1,0,3,0,0,-,1,0,9,.190,.249,.321,0.57,184cm,107kg
7,根尾昂,左,.500,3,2,2,0,1,0,0.0,1,0,0,-,2,1,1,0,0,0,0,0,0,0,-,1,0,0,-,.500,1.000,1.5,177cm,85kg
8,大島洋平,左,.198,75,125,116,7,23,3,13.0,6,0,0,-,29,5,11,9,1,0,0,0,1,1,50.0,0,0,0,.235,.256,.250,0.506,176cm,75kg
9,中島宏之,右,.000,15,15,13,0,0,0,-,0,0,0,-,0,1,7,0,0,2,0,0,0,0,-,0,0,1,.000,.133,.000,0.133,N/A,N/A
25,石川昂弥,右,.272,82,275,254,17,69,6,8.7,16,0,4,1-3-0,97,25,37,17,0,2,0,2,0,0,-,1,0,9,.241,.320,.382,0.702,186cm,100kg
29,辻本倫太郎,右,.167,13,20,18,0,3,0,0.0,0,0,0,-,3,0,0,1,1,0,1,0,0,0,-,3,0,1,.000,.211,.167,0.377,168cm,73kg
30,三好大倫,左,.220,37,90,82,6,18,2,11.1,2,1,0,-,22,4,22,5,0,1,1,1,0,0,-,1,0,2,.125,.270,.268,0.538,N/A,N/A
32,石垣雅海,右,.200,9,10,10,0,2,0,0.0,1,0,0,-,3,0,0,0,0,0,0,0,1,0,100.0,0,0,0,-,.200,.300,0.5,181cm,88kg
35,木下拓哉,右,.228,74,203,180,11,41,5,12.2,4,0,3,3-0-0,54,9,26,9,0,0,14,0,0,0,-,1,2,9,.167,.265,.300,0.565,183cm,95kg
39,宇佐見真吾,左,.303,61,164,152,7,46,2,4.3,8,0,3,3-0-0,63,17,38,9,0,0,1,2,0,0,-,1,2,5,.344,.337,.414,0.752,181cm,95kg
42,ブライト健太,右,.239,35,51,46,3,11,1,9.1,0,0,2,1-1-0,17,3,16,5,0,0,0,0,0,0,-,0,0,0,.111,.314,.370,0.683,184cm,92kg
43,味谷大誠,左,.000,3,1,1,0,0,0,-,0,0,0,-,0,0,0,0,0,0,0,0,0,0,-,0,0,0,.000,.000,.000,0.0,180cm,85kg
44,川越誠司,左,.268,27,75,71,4,19,3,15.8,3,0,2,2-0-0,28,7,17,4,0,0,0,0,0,0,-,1,0,2,.200,.307,.394,0.701,174cm,80kg
45,龍空,左,.159,17,45,44,1,7,0,0.0,1,0,0,-,8,2,11,1,0,0,0,0,1,0,100.0,0,0,0,.429,.178,.182,0.36,N/A,N/A
49,加藤匠馬,右,.171,86,133,123,5,21,0,0.0,3,2,0,-,28,5,41,2,0,0,8,0,0,0,-,1,0,4,.139,.184,.228,0.412,175cm,85kg
51,上林誠知,左,.191,46,102,94,6,18,6,33.3,1,1,1,0-1-0,24,3,22,7,1,0,1,0,0,0,-,0,0,0,.188,.248,.255,0.503,185cm,90kg
53,後藤駿太,左,.125,29,35,32,1,4,0,0.0,0,0,0,-,4,1,9,2,0,0,1,0,0,0,-,0,0,0,.000,.176,.125,0.301,N/A,N/A
55,細川成也,右,.292,143,600,534,59,156,13,8.3,30,0,23,15-7-1,255,67,159,60,3,5,0,1,0,1,0.0,4,0,13,.282,.368,.478,0.846,179cm,98kg
57,山浅龍之介,左,-,3,0,0,0,0,0,-,0,0,0,-,0,0,0,0,0,0,0,0,0,0,-,0,0,0,-,-,-,0.0,175cm,82kg
58,石橋康太,右,.208,11,29,24,1,5,0,0.0,2,0,0,-,7,3,7,1,1,0,3,1,0,0,-,1,0,1,.125,.231,.292,0.522,181cm,95kg
60,山本泰寛,右,.250,79,179,156,14,39,2,5.1,3,0,1,0-1-0,45,9,33,15,0,0,6,2,1,1,50.0,5,0,1,.278,.312,.288,0.601,176cm,76kg
63,板山祐太郎,左,.236,65,194,178,11,42,6,14.3,4,3,3,1-2-0,61,13,36,14,2,0,1,1,1,1,50.0,2,0,9,.211,.290,.343,0.633,180cm,88kg
66,ビシエド,右,.209,15,46,43,2,9,0,0.0,1,0,1,1-0-0,13,2,3,2,1,1,0,0,0,0,-,0,0,3,.154,.261,.302,0.563,N/A,N/A
68,福永裕基,右,.306,111,402,363,40,111,20,18.0,22,2,6,3-3-0,155,32,82,27,1,6,4,2,9,3,75.0,6,0,4,.318,.362,.427,0.789,180cm,87kg
94,ディカーソン,左,.205,32,102,88,9,18,0,0.0,4,0,3,3-0-0,31,5,19,12,2,2,0,0,1,0,100.0,0,0,2,.043,.314,.352,0.666,N/A,N/A
95,ロドリゲス,右,.130,23,59,54,3,7,2,28.6,0,0,0,-,7,1,16,2,0,0,3,0,0,0,-,4,0,0,.167,.161,.130,0.29,182cm,90kg
97,樋口正修,左,.000,6,1,1,0,0,0,-,0,0,0,-,0,0,1,0,0,0,0,0,1,0,100.0,0,0,0,-,.000,.000,0.0,177cm,76kg
99,カリステ,右,.261,114,393,372,30,97,9,9.3,11,1,7,3-4-0,131,36,67,15,3,0,3,3,2,2,50.0,8,0,9,.286,.287,.352,0.639,184cm,87kg
11,小笠原慎之介,左,.083,24,44,36,0,3,0,0.0,0,0,0,-,3,0,17,1,0,0,7,0,0,0,-,0,0,0,.000,.108,.083,0.191,N/A,N/A
12,田島慎二,右,-,2,0,0,0,0,0,-,0,0,0,-,0,0,0,0,0,0,0,0,0,0,-,0,0,0,-,-,-,0.0,N/A,N/A
13,橋本侑樹,左,.000,47,3,3,0,0,0,-,0,0,0,-,0,0,3,0,0,0,0,0,0,0,-,1,0,0,.000,.000,.000,0.0,180cm,80kg
16,岩嵜翔,右,-,21,0,0,0,0,0,-,0,0,0,-,0,0,0,0,0,0,0,0,0,0,-,0,0,0,-,-,-,0.0,189cm,90kg
17,柳裕也,右,.200,13,24,20,1,4,1,25.0,2,0,0,-,6,0,8,1,0,0,3,0,0,0,-,0,0,0,.250,.238,.300,0.538,180cm,85kg
18,梅津晃大,右,.111,14,19,18,1,2,0,0.0,0,0,0,-,2,0,9,0,0,0,1,0,0,0,-,0,0,0,.000,.111,.111,0.222,189cm,100kg
19,髙橋宏斗,右,.077,21,46,39,4,3,2,66.7,1,0,0,-,4,1,13,1,0,0,6,0,0,0,-,2,0,0,.091,.100,.103,0.203,186cm,86kg
20,涌井秀章,右,.045,16,24,22,1,1,0,0.0,1,0,0,-,2,0,9,1,0,0,1,0,0,0,-,1,0,1,.000,.087,.091,0.178,185cm,85kg
22,大野雄大,左,.083,9,15,12,1,1,0,0.0,0,0,0,-,1,1,7,1,0,0,2,0,0,0,-,2,0,0,.167,.154,.083,0.237,184cm,85kg
24,福谷浩司,右,.222,8,10,9,0,2,0,0.0,1,0,0,-,3,2,1,0,0,0,1,0,0,0,-,0,0,1,.250,.222,.333,0.556,183cm,93kg
31,仲地礼亜,右,-,1,0,0,0,0,0,-,0,0,0,-,0,0,0,0,0,0,0,0,0,0,-,0,0,0,-,-,-,0.0,177cm,83kg
33,祖父江大輔,左,-,28,0,0,0,0,0,-,0,0,0,-,0,0,0,0,0,0,0,0,0,0,-,1,0,0,-,-,-,0.0,175cm,75kg
34,福敬登,左,.000,13,1,1,0,0,0,-,0,0,0,-,0,0,1,0,0,0,0,0,0,0,-,0,0,0,-,.000,.000,0.0,181cm,98kg
38,松葉貴大,左,.208,17,30,24,1,5,1,20.0,0,0,0,-,5,2,8,0,0,0,6,0,0,0,-,0,0,0,.600,.208,.208,0.417,179cm,82kg
41,勝野昌慶,右,-,39,0,0,0,0,0,-,0,0,0,-,0,0,0,0,0,0,0,0,0,0,-,1,0,0,-,-,-,0.0,183cm,95kg
46,梅野雄吾,右,-,18,0,0,0,0,0,-,0,0,0,-,0,0,0,0,0,0,0,0,0,0,-,0,0,0,-,-,-,0.0,177cm,86kg
48,土生翔太,右,.000,7,3,3,0,0,0,-,0,0,0,-,0,0,1,0,0,0,0,0,0,0,-,0,0,0,-,.000,.000,0.0,180cm,93kg
50,清水達也,右,-,60,0,0,0,0,0,-,0,0,0,-,0,0,0,0,0,0,0,0,0,0,-,0,0,0,-,-,-,0.0,185cm,95kg
54,藤嶋健人,右,1.000,50,1,1,0,1,0,0.0,0,0,0,-,1,1,0,0,0,0,0,0,0,0,-,0,0,0,1.000,1.000,1.000,2.0,177cm,90kg
59,齋藤綱記,左,-,56,0,0,0,0,0,-,0,0,0,-,0,0,0,0,0,0,0,0,0,0,-,0,0,0,-,-,-,0.0,182cm,92kg
69,松木平優太,右,.000,8,14,14,0,0,0,-,0,0,0,-,0,0,6,0,0,0,0,0,0,0,-,0,0,0,.000,.000,.000,0.0,180cm,85kg
90,松山晋也,右,-,59,0,0,0,0,0,-,0,0,0,-,0,0,0,0,0,0,0,0,0,0,-,0,0,0,-,-,-,0.0,188cm,92kg
91,メヒア,右,.000,15,17,11,0,0,0,-,0,0,0,-,0,0,5,1,0,0,5,0,0,0,-,1,0,0,.000,.083,.000,0.083,193cm,104kg
92,マルティネス,左,-,60,0,0,0,0,0,-,0,0,0,-,0,0,0,0,0,0,0,0,0,0,-,0,0,0,-,-,-,0.0,190cm,112kg
93,フェリス,右,-,17,0,0,0,0,0,-,0,0,0,-,0,0,0,0,0,0,0,0,0,0,-,0,0,0,-,-,-,0.0,N/A,N/A
0,渡部遼人,左,.182,65,81,66,6,12,1,8.3,2,0,0,-,14,7,10,6,0,1,8,0,4,5,44.4,1,0,0,.417,.260,.212,0.472,171cm,72kg
1,福田周平,左,.232,69,261,228,25,53,7,13.2,6,1,1,0-1-0,64,13,26,25,1,2,6,0,7,3,70.0,0,0,1,.262,.314,.281,0.594,167cm,65kg
2,若月健矢,右,.201,96,299,264,13,53,7,13.2,9,1,3,3-0-0,73,18,59,10,2,3,19,3,0,1,0.0,4,3,8,.167,.236,.277,0.512,180cm,88kg
3,安達了一,右,.216,24,44,37,4,8,1,12.5,1,0,0,-,9,2,8,3,0,1,3,0,0,0,-,4,0,0,.333,.293,.243,0.536,N/A,N/A
4,森友哉,左,.281,117,457,395,46,111,3,2.7,24,1,9,6-2-1,164,46,61,50,2,7,0,5,6,1,85.7,1,2,4,.294,.368,.415,0.783,170cm,85kg
5,西野真弘,左,.300,89,312,280,27,84,13,15.5,6,3,1,1-0-0,99,13,26,22,0,1,8,1,3,1,75.0,4,0,3,.254,.352,.354,0.706,167cm,71kg
6,宗佑磨,左,.235,97,322,289,15,68,5,7.4,12,2,1,1-0-0,87,22,31,14,1,6,11,2,3,2,60.0,8,0,8,.270,.283,.301,0.584,181cm,83kg
7,西川龍馬,左,.258,138,553,519,42,134,8,6.0,25,0,7,6-1-0,180,46,97,27,1,1,2,4,11,1,91.7,3,0,11,.302,.294,.347,0.641,177cm,84kg
8,ゴンザレス,両,.131,23,65,61,3,8,0,0.0,0,0,1,1-0-0,11,2,13,4,1,0,0,0,0,0,-,3,0,0,.091,.185,.180,0.365,N/A,N/A
9,野口智哉,左,.111,12,30,27,4,3,0,0.0,1,0,1,0-1-0,7,1,10,1,0,2,0,0,0,1,0.0,1,0,0,.000,.200,.259,0.459,181cm,95kg
10,大城滉二,右,.308,7,18,13,3,4,0,0.0,1,0,0,-,5,2,1,0,0,2,3,0,0,0,-,0,0,0,.400,.400,.385,0.785,175cm,80kg
24,紅林弘太郎,右,.247,136,523,465,32,115,9,7.8,25,0,2,1-1-0,146,38,74,37,0,5,8,8,0,4,0.0,6,0,12,.262,.305,.314,0.619,187cm,94kg
25,内藤鵬,右,.100,7,21,20,0,2,1,50.0,1,0,0,-,3,0,9,0,0,1,0,0,0,0,-,0,0,0,.000,.143,.150,0.293,180cm,103kg
27,元謙太,右,.125,5,8,8,0,1,0,0.0,0,0,0,-,1,0,3,0,0,0,0,0,0,0,-,0,0,0,-,.125,.125,0.25,186cm,88kg
30,廣岡大志,右,.194,61,119,108,11,21,0,0.0,6,0,0,-,27,5,31,10,0,0,0,1,2,0,100.0,2,0,2,.167,.261,.250,0.511,185cm,92kg
31,太田椋,右,.288,91,369,333,39,96,4,4.2,16,3,6,2-4-0,136,40,66,27,0,1,4,4,4,3,57.1,7,0,10,.289,.340,.408,0.748,181cm,84kg
32,福永奨,右,.182,11,23,22,1,4,0,0.0,0,0,0,-,4,0,6,1,0,0,0,0,0,0,-,0,2,1,.000,.217,.182,0.399,175cm,87kg
33,杉澤龍,左,.053,28,21,19,0,1,0,0.0,0,0,0,-,1,0,6,0,0,0,2,0,0,0,-,1,0,0,.000,.053,.053,0.105,175cm,80kg
34,横山聖哉,左,.150,12,40,40,2,6,1,16.7,1,0,0,-,7,0,16,0,0,0,0,0,0,0,-,3,0,1,.000,.150,.175,0.325,181cm,86kg
36,山足達也,右,.133,43,18,15,5,2,0,0.0,0,0,0,-,2,0,3,3,1,0,0,0,2,0,100.0,1,0,0,.000,.278,.133,0.411,174cm,76kg
37,石川亮,右,.143,13,8,7,0,1,0,0.0,1,0,0,-,2,0,2,1,0,0,0,0,0,0,-,1,0,0,.000,.250,.286,0.536,181cm,87kg
38,来田涼斗,左,.212,54,189,170,14,36,5,13.9,7,2,2,0-2-0,53,11,49,10,0,2,7,0,4,4,50.0,4,0,4,.310,.264,.312,0.576,182cm,93kg
39,池田陵真,右,.174,8,23,23,0,4,1,25.0,0,0,0,-,4,0,4,0,0,0,0,0,0,0,-,0,0,1,.000,.174,.174,0.348,171cm,83kg
40,セデーニョ,右,.260,98,334,304,29,79,5,6.3,9,0,15,6-8-0,133,37,97,23,5,5,0,2,0,2,0.0,0,0,15,.200,.320,.438,0.758,194cm,118kg
41,佐野皓大,右,.000,4,2,2,1,0,0,-,0,0,0,-,0,0,0,0,0,0,0,0,0,1,0.0,0,0,1,-,.000,.000,0.0,182cm,80kg
44,頓宮裕真,右,.197,81,290,249,17,49,2,4.1,7,1,7,3-4-0,79,30,57,32,1,7,0,2,0,0,-,4,0,8,.180,.303,.317,0.621,182cm,103kg
45,トーマス,左,.000,10,18,18,0,0,0,-,0,0,0,-,0,0,7,0,0,0,0,0,0,0,-,0,0,0,.000,.000,.000,0.0,N/A,N/A
50,小田裕也,左,.214,20,15,14,3,3,0,0.0,1,1,0,-,6,0,5,1,0,0,0,0,0,0,-,0,0,1,.000,.267,.429,0.695,N/A,N/A
53,宜保翔,左,.250,22,14,12,2,3,0,0.0,0,0,0,-,3,0,3,2,0,0,0,0,1,0,100.0,3,0,0,.000,.357,.250,0.607,175cm,75kg
55,T-岡田,左,.125,4,9,8,0,1,0,0.0,0,0,0,-,1,0,3,1,0,0,0,0,0,0,-,0,0,0,.000,.222,.125,0.347,N/A,N/A
61,茶野篤政,左,.269,16,57,52,6,14,3,21.4,2,1,0,-,18,6,13,3,0,0,1,1,5,0,100.0,1,0,0,.462,.304,.346,0.65,175cm,80kg
64,大里昂生,左,.235,51,176,153,11,36,2,5.6,4,2,2,2-0-0,50,8,26,14,0,1,8,0,5,2,71.4,5,0,1,.333,.304,.327,0.63,178cm,76kg
67,中川圭太,右,.231,60,233,216,24,50,6,12.0,12,0,2,1-1-0,68,16,24,13,0,0,2,2,3,1,75.0,2,0,3,.286,.273,.315,0.588,180cm,76kg
99,杉本裕太郎,右,.233,82,239,219,17,51,6,11.8,7,0,11,6-4-0,91,27,56,15,1,4,0,1,1,0,100.0,1,0,5,.293,.293,.416,0.708,190cm,104kg
0,エスピノーザ,右,.000,22,4,4,0,0,0,-,0,0,0,-,0,0,3,0,0,0,0,0,0,0,-,1,0,0,.000,.000,.000,0.0,183cm,86kg
11,山下舜平大,右,-,14,0,0,0,0,0,-,0,0,0,-,0,0,0,0,0,0,0,0,0,0,-,0,0,0,-,-,-,0.0,190cm,100kg
12,東晃平,右,.000,10,3,3,0,0,0,-,0,0,0,-,0,0,3,0,0,0,0,0,0,0,-,0,0,0,-,.000,.000,0.0,178cm,90kg
13,宮城大弥,左,-,20,0,0,0,0,0,-,0,0,0,-,0,0,0,0,0,0,0,0,0,0,-,0,0,0,-,-,-,0.0,171cm,85kg
14,宇田川優希,右,-,13,0,0,0,0,0,-,0,0,0,-,0,0,0,0,0,0,0,0,0,0,-,0,0,0,-,-,-,0.0,184cm,92kg
15,椋木蓮,右,-,10,0,0,0,0,0,-,0,0,0,-,0,0,0,0,0,0,0,0,0,0,-,0,0,0,-,-,-,0.0,179cm,86kg
16,平野佳寿,右,-,12,0,0,0,0,0,-,0,0,0,-,0,0,0,0,0,0,0,0,0,0,-,0,0,0,-,-,-,0.0,186cm,88kg
17,曽谷龍平,左,-,20,0,0,0,0,0,-,0,0,0,-,0,0,0,0,0,0,0,0,0,0,-,2,0,0,-,-,-,0.0,183cm,83kg
19,山岡泰輔,左,-,6,0,0,0,0,0,-,0,0,0,-,0,0,0,0,0,0,0,0,0,0,-,0,0,0,-,-,-,0.0,172cm,68kg
20,阿部翔太,左,-,17,0,0,0,0,0,-,0,0,0,-,0,0,0,0,0,0,0,0,0,0,-,0,0,0,-,-,-,0.0,178cm,80kg
21,山﨑颯一郎,右,-,7,0,0,0,0,0,-,0,0,0,-,0,0,0,0,0,0,0,0,0,0,-,0,0,0,-,-,-,0.0,190cm,98kg
22,村西良太,左,-,1,0,0,0,0,0,-,0,0,0,-,0,0,0,0,0,0,0,0,0,0,-,0,0,0,-,-,-,0.0,174cm,76kg
23,吉田輝星,右,-,50,0,0,0,0,0,-,0,0,0,-,0,0,0,0,0,0,0,0,0,0,-,0,0,0,-,-,-,0.0,175cm,83kg
26,齋藤響介,右,.000,8,4,4,0,0,0,-,0,0,0,-,0,0,4,0,0,0,0,0,0,0,-,1,0,0,.000,.000,.000,0.0,177cm,72kg
28,富山凌雅,左,-,16,0,0,0,0,0,-,0,0,0,-,0,0,0,0,0,0,0,0,0,0,-,0,0,0,-,-,-,0.0,178cm,88kg
29,田嶋大樹,左,.000,21,3,3,0,0,0,-,0,0,0,-,0,0,1,0,0,0,0,0,0,0,-,0,0,0,.000,.000,.000,0.0,182cm,82kg
35,比嘉幹貴,右,-,5,0,0,0,0,0,-,0,0,0,-,0,0,0,0,0,0,0,0,0,0,-,0,0,0,-,-,-,0.0,N/A,N/A
42,マチャド,右,-,53,0,0,0,0,0,-,0,0,0,-,0,0,0,0,0,0,0,0,0,0,-,0,0,0,-,-,-,0.0,185cm,105kg
43,前佑囲斗,右,-,4,0,0,0,0,0,-,0,0,0,-,0,0,0,0,0,0,0,0,0,0,-,0,0,0,-,-,-,0.0,182cm,90kg
46,本田仁海,左,-,23,0,0,0,0,0,-,0,0,0,-,0,0,0,0,0,0,0,0,0,0,-,0,0,0,-,-,-,0.0,181cm,74kg
52,横山楓,両,-,0,0,0,0,0,0,-,0,0,0,-,0,0,0,0,0,0,0,0,0,0,-,0,0,0,-,-,-,0.0,181cm,91kg
54,カスティーヨ,右,-,15,0,0,0,0,0,-,0,0,0,-,0,0,0,0,0,0,0,0,0,0,-,2,0,0,-,-,-,0.0,N/A,N/A
56,小木田敦也,右,-,13,0,0,0,0,0,-,0,0,0,-,0,0,0,0,0,0,0,0,0,0,-,0,0,0,-,-,-,0.0,173cm,83kg
57,山田修義,左,-,50,0,0,0,0,0,-,0,0,0,-,0,0,0,0,0,0,0,0,0,0,-,0,0,0,-,-,-,0.0,185cm,95kg
58,井口和朋,右,-,33,0,0,0,0,0,-,0,0,0,-,0,0,0,0,0,0,0,0,0,0,-,0,0,0,-,-,-,0.0,175cm,75kg
59,ペルドモ,右,-,28,0,0,0,0,0,-,0,0,0,-,0,0,0,0,0,0,0,0,0,0,-,0,0,0,-,-,-,0.0,188cm,84kg
66,鈴木博志,右,-,32,0,0,0,0,0,-,0,0,0,-,0,0,0,0,0,0,0,0,0,0,-,0,0,0,-,-,-,0.0,N/A,N/A
93,佐藤一磨,左,.000,5,2,2,0,0,0,-,0,0,0,-,0,0,1,0,0,0,0,0,0,0,-,2,0,0,-,.000,.000,0.0,190cm,97kg
94,川瀬堅斗,右,-,8,0,0,0,0,0,-,0,0,0,-,0,0,0,0,0,0,0,0,0,0,-,0,0,0,-,-,-,0.0,183cm,93kg
95,才木海翔,右,-,15,0,0,0,0,0,-,0,0,0,-,0,0,0,0,0,0,0,0,0,0,-,0,0,0,-,-,-,0.0,182cm,85kg
96,髙島泰都,右,.000,21,1,1,0,0,0,-,0,0,0,-,0,0,1,0,0,0,0,0,0,0,-,0,0,0,-,.000,.000,0.0,181cm,88kg
97,古田島成龍,右,-,50,0,0,0,0,0,-,0,0,0,-,0,0,0,0,0,0,0,0,0,0,-,0,0,0,-,-,-,0.0,175cm,85kg
98,権田琉成,右,-,0,0,0,0,0,0,-,0,0,0,-,0,0,0,0,0,0,0,0,0,0,-,0,0,0,-,-,-,0.0,180cm,88kg
0,池田来翔,右,.111,21,46,45,2,5,1,20.0,2,0,0,-,7,1,7,1,0,0,0,0,0,0,-,1,0,2,.143,.130,.156,0.286,180cm,95kg
0,荻野貴司,右,.279,80,213,197,25,55,10,18.2,6,1,1,1-0-0,66,15,15,10,1,2,4,0,0,0,-,1,0,6,.250,.321,.335,0.656,172cm,75kg
1,藤原恭大,左,.290,74,264,231,30,67,8,11.9,8,4,2,1-1-0,89,21,39,25,0,3,3,2,4,1,80.0,0,0,2,.296,.364,.385,0.749,181cm,80kg
2,松川虎生,右,.250,2,4,4,0,1,0,0.0,0,0,0,-,1,0,3,0,0,0,0,0,0,0,-,0,0,0,.500,.250,.250,0.5,178cm,98kg
3,角中勝也,左,.280,84,217,189,21,53,5,9.4,12,2,3,3-0-0,78,20,37,24,1,1,1,2,0,0,-,1,0,4,.282,.361,.413,0.774,180cm,85kg
4,友杉篤輝,右,.206,125,393,355,33,73,13,17.8,10,0,0,-,83,15,52,17,0,0,19,2,11,2,84.6,14,0,5,.192,.241,.234,0.474,171cm,70kg
5,安田尚憲,左,.228,55,174,158,14,36,2,5.6,13,0,0,-,49,15,48,13,0,0,0,3,0,0,-,2,0,4,.250,.282,.310,0.592,188cm,100kg
7,藤岡裕大,左,.256,90,369,312,31,80,2,2.5,13,1,5,2-3-0,110,29,58,46,1,2,7,2,0,0,-,5,0,4,.214,.354,.353,0.706,178cm,86kg
8,中村奨吾,右,.234,120,433,376,36,88,7,8.0,18,0,4,2-1-1,118,27,75,41,0,5,11,0,2,2,50.0,9,0,15,.178,.318,.314,0.631,180cm,86kg
10,上田希由翔,左,.259,21,64,58,3,15,5,33.3,3,0,0,-,18,7,9,2,0,2,1,1,0,0,-,3,0,0,.357,.302,.310,0.612,183cm,96kg
22,ポランコ,左,.243,118,468,416,47,101,7,6.9,21,0,23,11-8-1,191,60,86,46,2,2,0,4,0,0,-,1,0,5,.238,.318,.459,0.778,196cm,108kg
23,石川慎吾,右,.211,33,93,90,2,19,3,15.8,3,0,1,1-0-0,25,5,19,3,0,0,0,0,0,0,-,2,0,3,.174,.237,.278,0.514,178cm,80kg
25,岡大海,右,.287,103,420,362,52,104,11,10.6,28,2,7,4-2-0,157,33,64,44,6,7,4,3,11,3,78.6,0,0,9,.291,.373,.434,0.806,185cm,80kg
27,田村龍弘,右,.200,51,160,140,11,28,1,3.6,10,0,0,-,38,14,27,14,0,0,4,2,0,0,-,3,1,2,.257,.269,.271,0.541,172cm,81kg
32,佐藤都志也,左,.278,116,452,410,41,114,10,8.8,20,0,5,5-0-0,149,45,51,29,2,3,4,6,4,1,80.0,5,5,10,.287,.326,.363,0.689,181cm,91kg
38,髙部瑛斗,左,.300,76,287,260,37,78,21,26.9,12,3,1,0-1-0,99,23,43,19,2,1,5,2,10,4,71.4,1,0,3,.333,.348,.381,0.728,178cm,72kg
39,大下誠一郎,右,.150,22,22,20,1,3,1,33.3,1,0,0,-,4,1,4,1,0,0,1,0,0,0,-,0,0,0,.286,.190,.200,0.39,171cm,89kg
50,愛斗,右,.188,52,76,69,4,13,2,15.4,2,0,0,-,15,3,14,4,0,1,2,0,0,0,-,1,0,3,.174,.243,.217,0.461,177cm,92kg
51,山口航輝,右,.200,51,181,170,10,34,3,8.8,8,0,2,0-2-0,48,13,30,10,0,1,0,0,1,0,100.0,2,0,6,.227,.249,.282,0.531,183cm,100kg
55,柿沼友哉,右,.000,3,3,3,0,0,0,-,0,0,0,-,0,0,2,0,0,0,0,0,0,0,-,0,0,0,.000,.000,.000,0.0,180cm,86kg
57,小川龍成,左,.241,119,313,261,33,63,16,25.4,2,0,0,-,65,21,52,30,1,0,20,2,10,1,90.9,5,0,2,.313,.317,.249,0.566,171cm,74kg
61,山本大斗,右,.111,5,19,18,0,2,0,0.0,1,0,0,-,3,0,4,1,0,0,0,0,0,0,-,0,0,0,.000,.158,.167,0.325,180cm,88kg
63,和田康士朗,左,.150,88,71,60,12,9,1,11.1,0,0,0,-,9,8,13,6,0,1,3,1,11,0,100.0,1,0,0,.182,.235,.150,0.385,185cm,77kg
65,寺地隆成,左,.143,2,7,7,0,1,0,0.0,1,0,0,-,2,0,4,0,0,0,0,0,0,0,-,0,1,0,.000,.143,.286,0.429,177cm,82kg
67,茶谷健太,右,.167,88,76,72,5,12,0,0.0,1,0,0,-,13,4,18,1,0,0,2,1,0,0,-,2,0,1,.091,.176,.181,0.356,186cm,88kg
99,ソト,右,.269,132,542,491,43,132,3,2.3,22,2,21,13-6-1,221,88,136,42,2,5,0,4,0,0,-,3,0,19,.321,.330,.450,0.78,185cm,97kg
11,澤村拓一,右,-,39,0,0,0,0,0,-,0,0,0,-,0,0,0,0,0,0,0,0,0,0,-,0,0,0,-,-,-,0.0,184cm,105kg
12,石川歩,右,-,5,0,0,0,0,0,-,0,0,0,-,0,0,0,0,0,0,0,0,0,0,-,0,0,0,-,-,-,0.0,186cm,80kg
14,小島和哉,左,.000,25,4,3,0,0,0,-,0,0,0,-,0,0,2,0,0,0,1,0,0,0,-,0,0,0,.000,.000,.000,0.0,178cm,85kg
15,美馬学,左,.000,3,1,1,0,0,0,-,0,0,0,-,0,0,0,0,0,0,0,0,0,0,-,0,0,0,-,.000,.000,0.0,169cm,75kg
16,種市篤暉,右,.000,23,5,4,0,0,0,-,0,0,0,-,0,0,4,0,0,0,1,0,0,0,-,1,0,0,-,.000,.000,0.0,183cm,88kg
17,佐々木朗希,右,.000,18,3,3,0,0,0,-,0,0,0,-,0,0,2,0,0,0,0,0,0,0,-,1,0,0,.000,.000,.000,0.0,N/A,N/A
19,唐川侑己,右,-,8,0,0,0,0,0,-,0,0,0,-,0,0,0,0,0,0,0,0,0,0,-,0,0,0,-,-,-,0.0,181cm,90kg
24,東妻勇輔,右,-,6,0,0,0,0,0,-,0,0,0,-,0,0,0,0,0,0,0,0,0,0,-,0,0,0,-,-,-,0.0,172cm,80kg
28,菊地吏玖,左,-,20,0,0,0,0,0,-,0,0,0,-,0,0,0,0,0,0,0,0,0,0,-,0,0,0,-,-,-,0.0,183cm,93kg
29,西野勇士,右,.000,20,3,3,0,0,0,-,0,0,0,-,0,0,3,0,0,0,0,0,0,0,-,0,0,0,.000,.000,.000,0.0,183cm,90kg
30,廣畑敦也,右,-,8,0,0,0,0,0,-,0,0,0,-,0,0,0,0,0,0,0,0,0,0,-,0,0,0,-,-,-,0.0,175cm,83kg
31,大谷輝龍,右,-,1,0,0,0,0,0,-,0,0,0,-,0,0,0,0,0,0,0,0,0,0,-,0,0,0,-,-,-,0.0,180cm,81kg
33,八木彬,右,-,9,0,0,0,0,0,-,0,0,0,-,0,0,0,0,0,0,0,0,0,0,-,0,0,0,-,-,-,0.0,180cm,94kg
34,高野脩汰,左,-,6,0,0,0,0,0,-,0,0,0,-,0,0,0,0,0,0,0,0,0,0,-,1,0,0,-,-,-,0.0,184cm,88kg
35,田中晴也,左,-,4,0,0,0,0,0,-,0,0,0,-,0,0,0,0,0,0,0,0,0,0,-,0,0,0,-,-,-,0.0,186cm,92kg
36,坂本光士郎,左,-,37,0,0,0,0,0,-,0,0,0,-,0,0,0,0,0,0,0,0,0,0,-,0,0,0,-,-,-,0.0,179cm,80kg
37,小野郁,右,-,3,0,0,0,0,0,-,0,0,0,-,0,0,0,0,0,0,0,0,0,0,-,0,0,0,-,-,-,0.0,175cm,78kg
40,西村天裕,右,-,17,0,0,0,0,0,-,0,0,0,-,0,0,0,0,0,0,0,0,0,0,-,0,0,0,-,-,-,0.0,177cm,92kg
41,カイケル,左,-,8,0,0,0,0,0,-,0,0,0,-,0,0,0,0,0,0,0,0,0,0,-,0,0,0,-,-,-,0.0,N/A,N/A
42,メルセデス,両,.000,21,2,2,0,0,0,-,0,0,0,-,0,0,1,0,0,0,0,0,0,0,-,2,0,0,.000,.000,.000,0.0,N/A,N/A
46,岩下大輝,右,-,21,0,0,0,0,0,-,0,0,0,-,0,0,0,0,0,0,0,0,0,0,-,0,0,0,-,-,-,0.0,182cm,90kg
47,鈴木昭汰,左,-,51,0,0,0,0,0,-,0,0,0,-,0,0,0,0,0,0,0,0,0,0,-,0,0,0,-,-,-,0.0,175cm,80kg
48,中村稔弥,左,-,17,0,0,0,0,0,-,0,0,0,-,0,0,0,0,0,0,0,0,0,0,-,0,0,0,-,-,-,0.0,178cm,84kg
52,益田直也,右,-,44,0,0,0,0,0,-,0,0,0,-,0,0,0,0,0,0,0,0,0,0,-,1,0,0,-,-,-,0.0,179cm,80kg
56,中森俊介,左,-,5,0,0,0,0,0,-,0,0,0,-,0,0,0,0,0,0,0,0,0,0,-,1,0,0,-,-,-,0.0,182cm,90kg
60,横山陸人,右,-,43,0,0,0,0,0,-,0,0,0,-,0,0,0,0,0,0,0,0,0,0,-,1,0,0,-,-,-,0.0,180cm,90kg
66,澤田圭佑,左,.000,21,1,1,0,0,0,-,0,0,0,-,0,0,1,0,0,0,0,0,0,0,-,0,0,0,-,.000,.000,0.0,178cm,96kg
69,コルデロ,右,-,5,0,0,0,0,0,-,0,0,0,-,0,0,0,0,0,0,0,0,0,0,-,0,0,0,-,-,-,0.0,N/A,N/A
91,二保旭,右,-,8,0,0,0,0,0,-,0,0,0,-,0,0,0,0,0,0,0,0,0,0,-,0,0,0,-,-,-,0.0,N/A,N/A
92,国吉佑樹,右,-,41,0,0,0,0,0,-,0,0,0,-,0,0,0,0,0,0,0,0,0,0,-,0,0,0,-,-,-,0.0,196cm,106kg
93,吉田凌,右,-,9,0,0,0,0,0,-,0,0,0,-,0,0,0,0,0,0,0,0,0,0,-,0,0,0,-,-,-,0.0,N/A,N/A
41,ダイクストラ,左,-,3,0,0,0,0,0,-,0,0,0,-,0,0,0,0,0,0,0,0,0,0,-,1,0,0,-,-,-,0.0,N/A,N/A
0,川瀬晃,左,.261,105,156,138,17,36,4,11.1,2,2,0,-,42,7,24,7,1,0,10,1,2,2,50.0,1,0,0,.235,.295,.304,0.599,176cm,71kg
3,近藤健介,左,.314,129,535,436,66,137,7,5.1,29,2,19,12-3-1,227,72,76,92,11,6,0,1,11,1,91.7,1,0,10,.324,.439,.521,0.96,173cm,85kg
4,ダウンズ,右,.273,7,26,22,3,6,0,0.0,0,0,1,1-0-0,9,2,1,2,0,2,0,0,1,0,100.0,1,0,0,1.000,.385,.409,0.794,178cm,89kg
6,今宮健太,右,.262,133,538,462,60,121,8,6.6,25,4,6,4-2-0,172,39,87,46,2,3,25,2,1,0,100.0,4,0,9,.243,.331,.372,0.704,172cm,76kg
7,中村晃,左,.221,101,203,181,15,40,2,5.0,4,0,0,-,44,16,24,19,1,1,1,1,0,1,0.0,1,0,6,.224,.297,.243,0.54,175cm,81kg
8,牧原大成,左,.283,78,259,240,26,68,6,8.8,7,4,2,1-1-0,89,13,41,8,0,1,9,1,6,4,60.0,7,0,2,.222,.308,.371,0.679,172cm,72kg
9,柳田悠岐,左,.286,52,225,185,31,53,4,7.5,7,1,4,4-0-0,74,35,36,35,3,3,0,2,3,0,100.0,1,0,2,.367,.404,.400,0.804,187cm,90kg
12,嶺井博希,右,.500,4,6,6,2,3,0,0.0,0,0,1,1-0-0,6,3,1,0,0,0,0,0,0,0,-,0,0,0,.500,.500,1.000,1.5,176cm,86kg
13,三森大貴,左,.288,25,71,66,6,19,1,5.3,2,0,1,1-0-0,24,13,10,4,0,0,1,0,2,1,66.7,4,0,1,.417,.329,.364,0.692,186cm,76kg
19,甲斐拓也,右,.256,119,392,344,34,88,3,3.4,25,0,5,5-0-0,128,43,89,31,0,1,14,2,1,1,50.0,1,4,6,.298,.317,.372,0.69,170cm,87kg
23,周東佑京,左,.269,123,477,428,63,115,19,16.5,15,5,2,2-0-0,146,26,90,26,0,10,10,3,41,13,75.9,1,0,4,.247,.323,.341,0.664,180cm,71kg
24,栗原陵矢,左,.273,140,598,527,74,144,8,5.6,40,2,20,12-7-0,248,87,99,49,1,5,10,7,2,1,66.7,8,0,10,.269,.337,.471,0.807,179cm,83kg
25,山川穂高,右,.247,143,611,550,66,136,2,1.5,26,1,34,22-6-0,266,99,158,48,3,10,0,3,0,0,-,5,0,17,.247,.318,.484,0.801,177cm,114kg
28,ウォーカー,右,.169,20,66,65,2,11,2,18.2,3,0,1,1-0-0,17,3,19,0,0,1,0,0,1,0,100.0,0,0,1,.105,.182,.262,0.443,N/A,N/A
30,佐藤直樹,右,.190,44,93,84,7,16,4,25.0,3,1,0,-,21,6,30,4,0,3,1,1,3,3,50.0,1,0,0,.278,.250,.250,0.5,178cm,85kg
31,正木智也,右,.270,80,282,263,21,71,5,7.0,21,0,7,7-0-0,113,29,65,11,0,5,1,2,1,0,100.0,2,0,4,.356,.310,.430,0.739,182cm,91kg
32,柳町達,左,.269,73,237,216,26,58,1,1.7,11,5,4,3-1-0,91,40,65,14,0,1,4,2,1,0,100.0,0,0,4,.387,.313,.421,0.735,180cm,78kg
33,廣瀨隆太,右,.233,35,111,103,9,24,3,12.5,4,0,2,2-0-0,34,9,17,5,0,2,0,1,0,1,0.0,2,0,6,.171,.279,.330,0.609,181cm,87kg
43,井上朋也,右,.000,5,10,10,0,0,0,-,0,0,0,-,0,0,5,0,0,0,0,0,0,0,-,0,0,0,.000,.000,.000,0.0,182cm,89kg
44,笹川吉康,左,.286,7,21,21,3,6,0,0.0,0,0,1,1-0-0,9,2,6,0,0,0,0,0,2,1,66.7,0,0,0,.333,.286,.429,0.714,194cm,97kg
45,谷川原健太,左,.444,4,10,9,3,4,0,0.0,1,1,0,-,7,2,2,0,0,1,0,0,0,0,-,0,0,0,.000,.500,.778,1.278,174cm,87kg
52,リチャード,右,.226,15,33,31,0,7,1,14.3,3,0,0,-,10,1,12,1,0,1,0,0,0,0,-,0,0,3,.500,.273,.323,0.595,189cm,123kg
55,石塚綜一郎,右,.194,15,40,31,2,6,0,0.0,0,0,1,0-1-0,9,6,10,3,0,4,0,1,0,0,-,1,0,0,.154,.333,.290,0.624,181cm,91kg
57,緒方理貢,左,.173,86,62,52,19,9,1,11.1,1,1,0,-,12,4,10,7,0,0,3,0,4,1,80.0,1,0,2,.214,.271,.231,0.502,175cm,69kg
61,川村友斗,左,.268,88,140,123,27,33,3,9.1,8,2,1,1-0-0,48,14,43,10,0,3,3,1,3,1,75.0,0,0,1,.256,.336,.390,0.726,181cm,88kg
62,海野隆司,右,.173,51,120,104,10,18,1,5.6,5,0,2,2-0-0,29,10,30,6,0,1,9,0,0,0,-,1,2,3,.167,.225,.279,0.504,174cm,84kg
64,吉田賢吾,右,.192,10,27,26,2,5,0,0.0,0,0,0,-,5,2,4,0,0,0,0,1,0,0,-,0,0,0,.000,.185,.192,0.377,181cm,94kg
69,仲田慶介,両,.214,24,16,14,2,3,1,33.3,0,0,0,-,3,0,3,1,0,0,1,0,0,0,-,0,0,1,.000,.267,.214,0.481,175cm,74kg
99,野村勇,右,.116,38,50,43,9,5,1,20.0,0,0,0,-,5,1,18,6,1,0,1,0,4,0,100.0,1,0,1,.143,.224,.116,0.341,174cm,82kg
55,野村大樹,右,.000,2,2,2,0,0,0,-,0,0,0,-,0,0,0,0,0,0,0,0,0,0,-,0,0,0,-,.000,.000,0.0,171cm,84kg
2,スチュワート・ジュニア,右,.000,20,2,2,0,0,0,-,0,0,0,-,0,0,2,0,0,0,0,0,0,0,-,0,0,0,.000,.000,.000,0.0,198cm,101kg
11,津森宥紀,右,-,48,0,0,0,0,0,-,0,0,0,-,0,0,0,0,0,0,0,0,0,0,-,0,0,0,-,-,-,0.0,176cm,87kg
14,又吉克樹,右,-,40,0,0,0,0,0,-,0,0,0,-,0,0,0,0,0,0,0,0,0,0,-,2,0,0,-,-,-,0.0,179cm,76kg
16,東浜巨,右,.000,11,3,2,1,0,0,-,0,0,0,-,0,0,1,1,0,0,0,0,0,0,-,0,0,0,.000,.333,.000,0.333,183cm,84kg
17,有原航平,右,.000,26,4,3,0,0,0,-,0,0,0,-,0,0,2,0,0,0,1,0,0,0,-,2,0,0,-,.000,.000,0.0,190cm,100kg
20,中村亮太,右,-,1,0,0,0,0,0,-,0,0,0,-,0,0,0,0,0,0,0,0,0,0,-,0,0,0,-,-,-,0.0,182cm,79kg
21,和田毅,左,-,8,1,0,0,0,0,-,0,0,0,-,0,0,0,0,0,0,1,0,0,0,-,0,0,0,-,-,-,0.0,N/A,N/A
26,大津亮介,左,-,19,0,0,0,0,0,-,0,0,0,-,0,0,0,0,0,0,0,0,0,0,-,0,0,0,-,-,-,0.0,175cm,65kg
27,岩井俊介,右,-,15,0,0,0,0,0,-,0,0,0,-,0,0,0,0,0,0,0,0,0,0,-,0,0,0,-,-,-,0.0,182cm,90kg
29,石川柊太,右,.000,15,1,1,0,0,0,-,0,0,0,-,0,0,0,0,0,0,0,0,0,0,-,0,0,0,.000,.000,.000,0.0,185cm,88kg
34,村田賢一,右,-,1,0,0,0,0,0,-,0,0,0,-,0,0,0,0,0,0,0,0,0,0,-,0,0,0,-,-,-,0.0,179cm,88kg
35,モイネロ,左,.250,25,4,4,1,1,0,0.0,0,0,0,-,1,0,3,0,0,0,0,0,0,0,-,0,0,0,-,.250,.250,0.5,178cm,69kg
38,澤柳亮太郎,右,-,11,0,0,0,0,0,-,0,0,0,-,0,0,0,0,0,0,0,0,0,0,-,0,0,0,-,-,-,0.0,179cm,86kg
39,尾形崇斗,左,-,12,0,0,0,0,0,-,0,0,0,-,0,0,0,0,0,0,0,0,0,0,-,0,0,0,-,-,-,0.0,182cm,88kg
40,杉山一樹,右,-,50,0,0,0,0,0,-,0,0,0,-,0,0,0,0,0,0,0,0,0,0,-,1,0,0,-,-,-,0.0,192cm,107kg
41,前田悠伍,左,-,1,0,0,0,0,0,-,0,0,0,-,0,0,0,0,0,0,0,0,0,0,-,0,0,0,-,-,-,0.0,179cm,80kg
42,三浦瑞樹,右,-,5,0,0,0,0,0,-,0,0,0,-,0,0,0,0,0,0,0,0,0,0,-,0,0,0,-,-,-,0.0,174cm,79kg
47,大関友久,左,.250,20,4,4,0,1,1,100.0,0,0,0,-,1,0,2,0,0,0,0,0,0,0,-,1,0,0,.000,.250,.250,0.5,185cm,85kg
48,藤井皓哉,左,-,40,0,0,0,0,0,-,0,0,0,-,0,0,0,0,0,0,0,0,0,0,-,1,0,0,-,-,-,0.0,183cm,86kg
49,松本晴,左,-,5,0,0,0,0,0,-,0,0,0,-,0,0,0,0,0,0,0,0,0,0,-,0,0,0,-,-,-,0.0,181cm,87kg
51,前田純,左,-,1,0,0,0,0,0,-,0,0,0,-,0,0,0,0,0,0,0,0,0,0,-,0,0,0,-,-,-,0.0,189cm,88kg
53,大山凌,右,-,18,0,0,0,0,0,-,0,0,0,-,0,0,0,0,0,0,0,0,0,0,-,1,0,0,-,-,-,0.0,179cm,80kg
54,オスナ,右,-,39,0,0,0,0,0,-,0,0,0,-,0,0,0,0,0,0,0,0,0,0,-,0,0,0,-,-,-,0.0,188cm,104kg
56,田浦文丸,左,-,4,0,0,0,0,0,-,0,0,0,-,0,0,0,0,0,0,0,0,0,0,-,0,0,0,-,-,-,0.0,168cm,78kg
59,長谷川威展,左,-,32,0,0,0,0,0,-,0,0,0,-,0,0,0,0,0,0,0,0,0,0,-,1,0,0,-,-,-,0.0,179cm,86kg
63,ヘルナンデス,左,-,48,0,0,0,0,0,-,0,0,0,-,0,0,0,0,0,0,0,0,0,0,-,0,0,0,-,-,-,0.0,188cm,115kg
66,松本裕樹,左,-,50,0,0,0,0,0,-,0,0,0,-,0,0,0,0,0,0,0,0,0,0,-,0,0,0,-,-,-,0.0,183cm,92kg
68,木村光,左,-,5,0,0,0,0,0,-,0,0,0,-,0,0,0,0,0,0,0,0,0,0,-,0,0,0,-,-,-,0.0,173cm,73kg
0,小深田大翔,左,.229,134,522,450,50,103,18,17.5,9,4,3,2-1-0,129,23,84,42,0,2,25,3,29,10,74.4,5,0,5,.238,.296,.287,0.582,168cm,69kg
2,太田光,右,.196,94,269,230,23,45,3,6.7,10,3,2,2-0-0,67,23,58,13,1,2,23,1,2,0,100.0,3,0,1,.233,.244,.291,0.535,178cm,76kg
3,浅村栄斗,右,.253,143,552,471,51,119,5,4.2,19,0,14,11-2-1,180,60,101,68,4,4,0,9,1,2,33.3,9,0,12,.260,.346,.382,0.728,182cm,90kg
4,阿部寿樹,右,.227,78,254,229,19,52,1,1.9,13,2,9,4-4-1,96,32,54,20,0,1,4,0,0,2,0.0,3,0,3,.275,.292,.419,0.711,185cm,85kg
5,茂木栄五郎,左,.265,46,75,68,6,18,0,0.0,4,1,1,0-1-0,27,8,13,5,0,0,1,1,0,0,-,0,0,0,.280,.311,.397,0.708,173cm,78kg
7,鈴木大地,左,.266,123,460,406,41,108,9,8.3,11,5,4,4-0-0,141,41,43,23,0,13,15,3,0,0,-,3,0,4,.282,.324,.347,0.671,175cm,79kg
8,辰己涼介,左,.294,143,597,537,68,158,13,8.2,22,12,7,6-0-1,225,58,108,44,2,8,2,6,20,2,90.9,2,0,10,.323,.353,.419,0.772,180cm,74kg
23,フランコ,右,.218,68,243,229,20,50,3,6.0,5,0,8,6-0-1,79,30,49,9,0,2,0,3,0,0,-,1,0,7,.259,.251,.345,0.596,185cm,105kg
24,黒川史陽,左,.232,22,60,56,8,13,1,7.7,1,0,1,1-0-0,17,8,12,4,0,0,0,0,0,0,-,2,0,2,.263,.283,.304,0.587,182cm,86kg
25,田中和基,両,.129,68,34,31,8,4,0,0.0,1,0,0,-,5,1,9,0,0,0,3,0,0,0,-,0,0,0,.125,.129,.161,0.29,181cm,75kg
27,岡島豪郎,左,.200,31,93,80,6,16,1,6.3,1,1,1,0-1-0,22,6,15,11,1,1,1,0,0,1,0.0,0,0,3,.100,.304,.275,0.579,176cm,82kg
30,平良竜哉,右,.143,18,24,21,4,3,1,33.3,0,0,0,-,3,3,3,2,0,0,1,0,0,1,0.0,0,0,0,.500,.217,.143,0.36,170cm,78kg
32,中島大輔,左,.228,37,128,123,18,28,2,7.1,8,1,1,1-0-0,41,10,21,2,0,3,0,0,1,0,100.0,0,0,2,.320,.258,.333,0.591,180cm,78kg
34,山﨑剛,左,.000,5,6,6,1,0,0,-,0,0,0,-,0,0,1,0,0,0,0,0,0,0,-,0,0,0,-,.000,.000,0.0,173cm,74kg
35,島内宏明,左,.214,40,154,131,8,28,1,3.6,3,1,0,-,33,12,16,16,0,3,0,3,0,0,-,0,0,4,.242,.307,.252,0.559,180cm,75kg
39,伊藤裕季也,右,.261,44,125,115,10,30,4,13.3,6,1,2,2-0-0,44,10,34,5,0,1,4,0,0,1,0.0,2,0,2,.316,.298,.383,0.68,181cm,95kg
42,山田遥楓,右,.160,25,27,25,2,4,0,0.0,2,0,0,-,6,1,10,2,0,0,0,0,0,0,-,1,0,0,.167,.222,.240,0.462,180cm,84kg
44,田中貴也,左,.100,17,12,10,0,1,1,100.0,0,0,0,-,1,0,4,2,0,0,0,0,0,0,-,0,1,1,.000,.250,.100,0.35,178cm,85kg
48,渡邊佳明,左,.250,47,154,136,9,34,3,8.8,2,0,0,-,36,11,26,11,1,0,5,2,0,0,-,0,0,3,.256,.302,.265,0.567,180cm,79kg
50,武藤敦貴,左,.200,7,5,5,0,1,0,0.0,0,0,0,-,1,0,2,0,0,0,0,0,0,1,0.0,0,0,0,.000,.200,.200,0.4,178cm,73kg
51,小郷裕哉,左,.257,143,642,565,64,145,22,15.2,24,6,7,5-2-0,202,49,120,68,3,3,1,5,32,5,86.5,3,0,6,.295,.337,.358,0.694,178cm,85kg
55,安田悠馬,左,.262,34,128,122,12,32,2,6.3,6,0,2,2-0-0,44,9,38,6,0,0,0,0,0,0,-,0,0,1,.296,.297,.361,0.658,185cm,105kg
63,入江大樹,右,.417,5,14,12,2,5,1,20.0,0,0,0,-,5,0,3,1,0,0,1,0,0,0,-,1,0,0,.000,.462,.417,0.878,185cm,83kg
65,堀内謙伍,左,.000,4,6,6,0,0,0,-,0,0,0,-,0,0,1,0,0,0,0,0,0,0,-,2,0,0,.000,.000,.000,0.0,174cm,82kg
66,村林一輝,右,.241,139,571,518,51,125,15,12.0,13,3,6,4-2-0,162,50,91,21,0,2,23,7,5,1,83.3,13,0,11,.260,.270,.313,0.583,180cm,73kg
70,石原彪,右,.171,68,172,146,9,25,1,4.0,5,0,4,3-1-0,42,13,50,13,0,0,13,0,0,0,-,1,3,4,.200,.239,.288,0.527,172cm,96kg
78,辰見鴻之介,右,.000,2,3,3,1,0,0,-,0,0,0,-,0,0,2,0,0,0,0,0,0,0,-,0,0,0,-,.000,.000,0.0,176cm,67kg
11,岸孝之,右,.000,22,2,1,0,0,0,-,0,0,0,-,0,0,0,1,0,0,0,0,0,0,-,1,0,0,-,.500,.000,0.5,180cm,77kg
13,ポンセ,右,.000,15,4,2,0,0,0,-,0,0,0,-,0,0,2,0,0,0,2,0,0,0,-,0,0,0,-,.000,.000,0.0,N/A,N/A
14,則本昂大,左,-,54,0,0,0,0,0,-,0,0,0,-,0,0,0,0,0,0,0,0,0,0,-,1,0,0,-,-,-,0.0,178cm,82kg
17,古謝樹,左,.000,15,3,1,1,0,0,-,0,0,0,-,0,0,1,0,0,0,2,0,0,0,-,1,0,0,-,.000,.000,0.0,182cm,75kg
18,田中将大,右,-,1,0,0,0,0,0,-,0,0,0,-,0,0,0,0,0,0,0,0,0,0,-,0,0,0,-,-,-,0.0,188cm,97kg
19,荘司康誠,右,-,7,0,0,0,0,0,-,0,0,0,-,0,0,0,0,0,0,0,0,0,0,-,0,0,0,-,-,-,0.0,189cm,86kg
20,ターリー,左,-,17,0,0,0,0,0,-,0,0,0,-,0,0,0,0,0,0,0,0,0,0,-,0,0,0,-,-,-,0.0,193cm,104kg
21,早川隆久,左,.333,25,3,3,0,1,0,0.0,0,0,0,-,1,0,2,0,0,0,0,0,0,0,-,1,0,0,.000,.333,.333,0.667,180cm,76kg
22,小孫竜二,右,-,2,0,0,0,0,0,-,0,0,0,-,0,0,0,0,0,0,0,0,0,0,-,0,0,0,-,-,-,0.0,180cm,88kg
28,酒居知史,右,-,49,0,0,0,0,0,-,0,0,0,-,0,0,0,0,0,0,0,0,0,0,-,0,0,0,-,-,-,0.0,178cm,80kg
29,高田孝一,右,-,5,0,0,0,0,0,-,0,0,0,-,0,0,0,0,0,0,0,0,0,0,-,0,0,0,-,-,-,0.0,N/A,N/A
31,渡辺翔太,右,-,49,0,0,0,0,0,-,0,0,0,-,0,0,0,0,0,0,0,0,0,0,-,2,0,0,-,-,-,0.0,182cm,90kg
38,弓削隼人,左,-,34,0,0,0,0,0,-,0,0,0,-,0,0,0,0,0,0,0,0,0,0,-,0,0,0,-,-,-,0.0,193cm,105kg
40,櫻井周斗,左,-,8,0,0,0,0,0,-,0,0,0,-,0,0,0,0,0,0,0,0,0,0,-,0,0,0,-,-,-,0.0,N/A,N/A
41,伊藤茉央,左,-,6,0,0,0,0,0,-,0,0,0,-,0,0,0,0,0,0,0,0,0,0,-,0,0,0,-,-,-,0.0,176cm,83kg
43,宋家豪,左,-,41,0,0,0,0,0,-,0,0,0,-,0,0,0,0,0,0,0,0,0,0,-,0,0,0,-,-,-,0.0,185cm,92kg
45,松井友飛,右,-,7,0,0,0,0,0,-,0,0,0,-,0,0,0,0,0,0,0,0,0,0,-,0,0,0,-,-,-,0.0,190cm,87kg
46,藤平尚真,右,-,47,0,0,0,0,0,-,0,0,0,-,0,0,0,0,0,0,0,0,0,0,-,0,0,0,-,-,-,0.0,185cm,85kg
47,藤井聖,左,.250,22,4,4,0,1,0,0.0,0,0,0,-,1,1,1,0,0,0,0,0,0,0,-,0,0,0,1.000,.250,.250,0.5,176cm,80kg
49,西垣雅矢,左,-,18,0,0,0,0,0,-,0,0,0,-,0,0,0,0,0,0,0,0,0,0,-,0,0,0,-,-,-,0.0,184cm,88kg
52,津留﨑大成,右,-,14,0,0,0,0,0,-,0,0,0,-,0,0,0,0,0,0,0,0,0,0,-,1,0,0,-,-,-,0.0,177cm,86kg
53,坂井陽翔,右,-,1,0,0,0,0,0,-,0,0,0,-,0,0,0,0,0,0,0,0,0,0,-,0,0,0,-,-,-,0.0,186cm,88kg
54,日當直喜,右,-,1,0,0,0,0,0,-,0,0,0,-,0,0,0,0,0,0,0,0,0,0,-,0,0,0,-,-,-,0.0,190cm,105kg
56,鈴木翔天,左,-,49,0,0,0,0,0,-,0,0,0,-,0,0,0,0,0,0,0,0,0,0,-,0,0,0,-,-,-,0.0,185cm,82kg
57,瀧中瞭太,右,-,12,0,0,0,0,0,-,0,0,0,-,0,0,0,0,0,0,0,0,0,0,-,1,0,0,-,-,-,0.0,180cm,93kg
61,松田啄磨,右,-,7,0,0,0,0,0,-,0,0,0,-,0,0,0,0,0,0,0,0,0,0,-,1,0,0,-,-,-,0.0,186cm,74kg
69,内星龍,左,.000,20,4,4,0,0,0,-,0,0,0,-,0,0,3,0,0,0,0,0,0,0,-,4,0,0,-,.000,.000,0.0,190cm,88kg
71,吉川雄大,右,-,13,0,0,0,0,0,-,0,0,0,-,0,0,0,0,0,0,0,0,0,0,-,0,0,0,-,-,-,0.0,N/A,N/A
72,宮森智志,右,-,9,0,0,0,0,0,-,0,0,0,-,0,0,0,0,0,0,0,0,0,0,-,0,0,0,-,-,-,0.0,193cm,93kg
79,清宮虎多朗,左,-,3,0,0,0,0,0,-,0,0,0,-,0,0,0,0,0,0,0,0,0,0,-,0,0,0,-,-,-,0.0,190cm,99kg
0,児玉亮涼,右,.180,32,58,50,3,9,0,0.0,2,2,0,-,15,2,9,5,0,1,2,0,5,0,100.0,0,0,2,.200,.268,.300,0.568,166cm,65kg
1,栗山巧,左,.226,60,154,124,8,28,1,3.6,7,1,1,1-0-0,40,12,23,26,1,2,0,2,0,0,-,0,0,1,.179,.364,.323,0.686,177cm,85kg
2,岡田雅利,右,1.000,1,1,1,0,1,0,0.0,1,0,0,-,2,0,0,0,0,0,0,0,0,0,-,0,0,0,-,1.000,2.000,3.0,N/A,N/A
4,山野辺翔,右,.213,50,90,80,10,17,6,35.3,3,1,0,-,22,0,17,5,0,0,5,0,6,1,85.7,1,0,1,.133,.259,.275,0.534,170cm,74kg
5,外崎修汰,右,.227,127,500,436,41,99,6,6.1,25,1,7,2-4-1,147,41,88,45,4,10,6,3,11,3,78.6,5,0,15,.216,.312,.337,0.649,177cm,84kg
6,源田壮亮,左,.264,143,577,522,41,138,20,14.5,15,7,3,2-1-0,176,21,75,32,2,1,20,2,12,4,75.0,4,0,4,.229,.307,.337,0.644,179cm,75kg
7,金子侑司,両,.211,37,141,128,14,27,2,7.4,1,0,2,0-2-0,34,8,23,12,0,0,1,0,3,2,60.0,0,0,1,.192,.279,.266,0.544,N/A,N/A
8,渡部健人,右,.030,11,38,33,0,1,0,0.0,0,0,0,-,1,0,18,5,0,0,0,0,0,0,-,0,0,0,.000,.158,.030,0.188,176cm,115kg
9,蛭間拓哉,左,.220,63,232,214,16,47,2,4.3,8,1,1,1-0-0,60,16,43,9,0,5,3,1,3,1,75.0,1,0,3,.268,.266,.280,0.547,177cm,85kg
10,佐藤龍世,右,.244,93,345,295,25,72,4,5.6,20,1,7,6-1-0,115,34,70,37,1,4,3,6,0,4,0.0,5,0,10,.230,.330,.390,0.72,174cm,85kg
22,古賀悠斗,右,.228,105,279,246,16,56,3,5.4,3,1,3,1-2-0,70,12,58,20,0,0,13,0,0,0,-,2,5,8,.180,.286,.285,0.57,174cm,88kg
27,炭谷銀仁朗,右,.188,49,103,85,1,16,2,12.5,2,1,0,-,20,6,20,6,0,1,10,1,0,0,-,1,3,2,.174,.247,.235,0.483,N/A,N/A
30,元山飛優,左,.143,33,81,77,2,11,1,9.1,2,0,1,1-0-0,16,7,21,2,0,1,1,0,0,0,-,4,0,2,.294,.175,.208,0.383,181cm,82kg
31,平沼翔太,左,.265,45,144,132,12,35,3,8.6,9,0,0,-,44,9,23,8,0,2,2,0,0,0,-,4,0,2,.375,.317,.333,0.65,179cm,83kg
32,山村崇嘉,左,.219,58,223,201,14,44,6,13.6,5,1,2,1-1-0,57,23,38,13,0,2,3,4,1,2,33.3,8,0,2,.311,.268,.284,0.552,183cm,89kg
35,松原聖弥,左,.123,24,72,65,5,8,0,0.0,2,1,0,-,12,5,23,5,0,0,2,0,1,0,100.0,1,0,0,.250,.186,.185,0.37,173cm,78kg
37,柘植世那,右,.167,42,45,42,1,7,1,14.3,1,0,0,-,8,1,10,1,0,1,1,0,0,0,-,0,1,0,.125,.205,.190,0.395,174cm,90kg
44,アギラー,右,.204,30,124,113,7,23,0,0.0,5,0,2,0-2-0,34,10,31,9,0,2,0,0,0,0,-,1,0,3,.205,.274,.301,0.575,N/A,N/A
46,鈴木将平,左,.191,33,76,68,2,13,0,0.0,3,0,0,-,16,4,10,3,0,1,3,1,1,2,33.3,1,0,1,.067,.233,.235,0.468,N/A,N/A
50,髙松渡,左,.000,35,6,6,7,0,0,-,0,0,0,-,0,0,4,0,0,0,0,0,8,2,80.0,0,0,0,-,.000,.000,0.0,177cm,75kg
51,西川愛也,左,.227,104,335,313,30,71,10,14.1,11,2,6,2-4-0,104,31,57,15,1,1,4,2,8,2,80.0,0,0,6,.347,.263,.332,0.595,181cm,90kg
52,陽川尚将,右,.133,11,33,30,0,4,0,0.0,0,0,0,-,4,2,7,2,0,1,0,0,0,0,-,1,0,0,.250,.212,.133,0.345,N/A,N/A
53,牧野翔矢,左,.050,10,20,20,0,1,0,0.0,0,0,0,-,1,0,10,0,0,0,0,0,0,0,-,0,1,0,.000,.050,.050,0.1,178cm,80kg
55,コルデロ,左,.129,23,73,70,5,9,0,0.0,2,0,1,0-1-0,14,4,24,2,0,0,0,1,0,0,-,0,0,0,.100,.151,.200,0.351,N/A,N/A
60,中村剛也,右,.191,58,205,188,13,36,2,5.6,13,0,7,1-6-0,70,14,55,14,3,2,0,1,1,0,100.0,0,0,3,.093,.254,.372,0.626,175cm,105kg
62,滝澤夏央,左,.186,68,137,118,15,22,5,22.7,1,2,0,-,27,4,30,8,0,1,10,0,3,1,75.0,6,0,0,.174,.244,.229,0.473,164cm,65kg
63,長谷川信哉,右,.183,72,239,208,13,38,2,5.3,4,1,2,2-0-0,50,8,41,19,0,7,5,0,10,2,83.3,1,0,4,.140,.274,.240,0.514,183cm,87kg
65,古市尊,右,.000,6,6,6,0,0,0,-,0,0,0,-,0,0,0,0,0,0,0,0,1,0,100.0,0,1,0,.000,.000,.000,0.0,176cm,74kg
66,ブランドン,右,.188,4,18,16,0,3,0,0.0,0,0,0,-,3,0,7,2,0,0,0,0,0,0,-,1,0,0,.000,.278,.188,0.465,N/A,N/A
67,野村大樹,右,.225,57,204,178,15,40,1,2.5,10,4,5,2-3-0,73,22,44,19,0,3,1,3,1,1,50.0,4,0,6,.214,.305,.410,0.716,171cm,84kg
68,岸潤一郎,右,.216,98,311,287,25,62,6,9.7,9,2,6,4-2-0,93,25,50,14,0,3,7,0,4,5,44.4,1,0,7,.286,.260,.324,0.584,174cm,83kg
73,高木渉,左,.000,3,8,7,0,0,0,-,0,0,0,-,0,0,0,0,0,1,0,0,0,0,-,0,0,0,.000,.125,.000,0.125,N/A,N/A
75,奥村光一,右,.177,45,84,79,3,14,0,0.0,2,0,0,-,16,3,12,2,0,2,1,0,2,3,40.0,0,0,1,.278,.217,.203,0.419,178cm,83kg
78,ガルシア,両,.131,19,69,61,3,8,1,12.5,5,0,1,1-0-0,16,4,26,7,1,1,0,0,0,0,-,1,0,2,.273,.232,.262,0.494,198cm,115kg
99,村田怜音,右,.231,4,13,13,0,3,0,0.0,0,0,0,-,3,1,4,0,0,0,0,0,0,0,-,0,0,0,.333,.231,.231,0.462,197cm,112kg
35,若林楽人,右,.129,19,66,62,3,8,2,25.0,0,0,3,1-1-0,17,5,12,1,1,1,2,0,2,1,66.7,1,0,4,.067,.156,.274,0.43,177cm,83kg
0,ヤン,左,-,37,0,0,0,0,0,-,0,0,0,-,0,0,0,0,0,0,0,0,0,0,-,1,0,0,-,-,-,0.0,N/A,N/A
11,上田大河,右,-,17,0,0,0,0,0,-,0,0,0,-,0,0,0,0,0,0,0,0,0,0,-,0,0,0,-,-,-,0.0,182cm,86kg
12,渡邉勇太朗,右,.000,14,2,2,0,0,0,-,0,0,0,-,0,0,2,0,0,0,0,0,0,0,-,1,0,0,-,.000,.000,0.0,191cm,103kg
13,髙橋光成,右,.000,15,1,1,0,0,0,-,0,0,0,-,0,0,1,0,0,0,0,0,0,0,-,0,0,0,-,.000,.000,0.0,190cm,105kg
14,増田達至,右,-,13,0,0,0,0,0,-,0,0,0,-,0,0,0,0,0,0,0,0,0,0,-,0,0,0,-,-,-,0.0,N/A,N/A
15,與座海人,右,.000,7,1,1,0,0,0,-,0,0,0,-,0,0,1,0,0,0,0,0,0,0,-,0,0,0,-,.000,.000,0.0,173cm,80kg
16,隅田知一郎,左,.000,26,5,5,0,0,0,-,0,0,0,-,0,0,3,0,0,0,0,0,0,0,-,2,0,0,-,.000,.000,0.0,177cm,81kg
17,松本航,右,-,34,0,0,0,0,0,-,0,0,0,-,0,0,0,0,0,0,0,0,0,0,-,0,0,0,-,-,-,0.0,176cm,88kg
19,佐藤隼輔,左,-,45,0,0,0,0,0,-,0,0,0,-,0,0,0,0,0,0,0,0,0,0,-,0,0,0,-,-,-,0.0,182cm,86kg
20,田村伊知郎,左,-,28,0,0,0,0,0,-,0,0,0,-,0,0,0,0,0,0,0,0,0,0,-,0,0,0,-,-,-,0.0,173cm,86kg
21,武内夏暉,左,.000,21,2,1,0,0,0,-,0,0,0,-,0,0,1,0,0,0,1,0,0,0,-,2,0,0,-,.000,.000,0.0,187cm,96kg
23,糸川亮太,右,-,4,0,0,0,0,0,-,0,0,0,-,0,0,0,0,0,0,0,0,0,0,-,0,0,0,-,-,-,0.0,172cm,80kg
25,平井克典,右,.000,13,1,1,0,0,0,-,0,0,0,-,0,0,1,0,0,0,0,0,0,0,-,0,0,0,-,.000,.000,0.0,180cm,90kg
29,青山美夏人,右,-,6,0,0,0,0,0,-,0,0,0,-,0,0,0,0,0,0,0,0,0,0,-,1,0,0,-,-,-,0.0,184cm,94kg
34,甲斐野央,左,-,19,0,0,0,0,0,-,0,0,0,-,0,0,0,0,0,0,0,0,0,0,-,1,0,0,-,-,-,0.0,188cm,92kg
40,浜屋将太,左,-,1,0,0,0,0,0,-,0,0,0,-,0,0,0,0,0,0,0,0,0,0,-,1,0,0,-,-,-,0.0,176cm,79kg
42,ボー・タカハシ,右,-,33,0,0,0,0,0,-,0,0,0,-,0,0,0,0,0,0,0,0,0,0,-,2,0,0,-,-,-,0.0,183cm,93kg
43,羽田慎之介,左,-,9,0,0,0,0,0,-,0,0,0,-,0,0,0,0,0,0,0,0,0,0,-,2,0,0,-,-,-,0.0,191cm,84kg
45,本田圭佑,右,-,31,0,0,0,0,0,-,0,0,0,-,0,0,0,0,0,0,0,0,0,0,-,0,0,0,-,-,-,0.0,180cm,80kg
47,杉山遙希,左,-,1,0,0,0,0,0,-,0,0,0,-,0,0,0,0,0,0,0,0,0,0,-,2,0,0,-,-,-,0.0,181cm,85kg
48,今井達也,右,.000,25,4,3,0,0,0,-,0,0,0,-,0,0,1,1,0,0,0,0,0,0,-,2,0,0,.000,.250,.000,0.25,180cm,80kg
54,アブレイユ,右,-,52,0,0,0,0,0,-,0,0,0,-,0,0,0,0,0,0,0,0,0,0,-,0,0,0,-,-,-,0.0,N/A,N/A
58,中村祐太,右,-,27,0,0,0,0,0,-,0,0,0,-,0,0,0,0,0,0,0,0,0,0,-,0,0,0,-,-,-,0.0,184cm,90kg
61,平良海馬,左,-,22,0,0,0,0,0,-,0,0,0,-,0,0,0,0,0,0,0,0,0,0,-,0,0,0,-,-,-,0.0,173cm,93kg
69,水上由伸,右,-,29,0,0,0,0,0,-,0,0,0,-,0,0,0,0,0,0,0,0,0,0,-,0,0,0,-,-,-,0.0,176cm,79kg
70,豆田泰志,右,-,15,0,0,0,0,0,-,0,0,0,-,0,0,0,0,0,0,0,0,0,0,-,1,0,0,-,-,-,0.0,173cm,88kg
71,菅井信也,左,.000,8,1,1,0,0,0,-,0,0,0,-,0,0,1,0,0,0,0,0,0,0,-,0,0,0,-,.000,.000,0.0,183cm,84kg
2,マルティネス,右,.234,126,459,393,42,92,3,3.3,20,4,13,7-4-2,159,57,101,51,3,11,0,4,2,1,66.7,4,0,12,.243,.336,.405,0.74,190cm,112kg
3,加藤豪将,左,.172,28,63,58,1,10,0,0.0,1,0,0,-,11,1,11,5,0,0,0,0,0,0,-,0,0,1,.143,.238,.190,0.428,N/A,N/A
4,上川畑大悟,左,.248,106,305,258,25,64,4,6.3,4,2,1,1-0-0,75,16,40,22,0,6,18,1,5,0,100.0,4,0,4,.250,.321,.291,0.611,167cm,73kg
5,野村佑希,右,.210,56,152,143,8,30,1,3.3,7,1,2,0-2-0,45,9,28,7,1,1,0,1,2,0,100.0,0,0,4,.179,.250,.315,0.565,187cm,95kg
7,松本剛,右,.236,127,486,437,46,103,3,2.9,18,1,1,0-1-0,126,19,52,24,2,4,17,4,20,8,71.4,3,0,17,.190,.279,.288,0.568,180cm,84kg
8,淺間大基,左,.275,49,126,109,16,30,5,16.7,4,1,1,0-1-0,39,11,35,9,0,2,4,2,4,2,66.7,2,0,0,.211,.336,.358,0.694,183cm,84kg
9,中島卓也,左,.205,46,41,39,12,8,1,12.5,1,0,0,-,9,2,9,2,0,0,0,0,4,4,50.0,0,0,0,.214,.244,.231,0.475,178cm,76kg
10,清水優心,右,.143,12,15,14,1,2,1,50.0,1,0,0,-,3,1,5,0,0,0,1,0,0,0,-,0,0,0,.250,.143,.214,0.357,185cm,91kg
12,矢澤宏太,左,.111,28,19,18,0,2,2,100.0,0,0,0,-,2,0,5,0,0,0,1,0,0,0,-,0,0,1,.200,.111,.111,0.222,173cm,72kg
21,清宮幸太郎,左,.300,89,329,290,43,87,8,9.2,18,1,15,12-2-0,152,51,62,31,3,5,0,3,1,3,25.0,5,0,5,.394,.374,.524,0.898,184cm,95kg
23,伏見寅威,右,.242,62,184,165,9,40,2,5.0,5,0,0,-,45,21,26,4,0,2,12,1,0,0,-,2,0,3,.349,.267,.273,0.54,182cm,89kg
27,古川裕大,左,.000,1,3,2,0,0,0,-,0,0,0,-,0,0,2,1,0,0,0,0,0,0,-,0,0,0,.000,.333,.000,0.333,184cm,91kg
30,郡司裕也,右,.256,127,495,441,52,113,9,8.0,14,0,12,7-5-0,163,49,71,40,1,4,6,4,2,2,50.0,11,0,6,.287,.321,.370,0.691,180cm,89kg
33,進藤勇也,右,.000,2,3,3,0,0,0,-,0,0,0,-,0,0,2,0,0,0,0,0,0,0,-,0,0,0,.000,.000,.000,0.0,182cm,91kg
35,福田光輝,左,.357,5,14,14,1,5,0,0.0,2,0,0,-,7,2,4,0,0,0,0,0,0,0,-,0,0,0,.500,.357,.500,0.857,N/A,N/A
36,宮崎一樹,右,.200,4,6,5,0,1,0,0.0,0,0,0,-,1,0,2,1,0,0,0,0,0,0,-,0,0,0,-,.333,.200,0.533,184cm,86kg
37,江越大賀,右,.000,19,10,10,1,0,0,-,0,0,0,-,0,0,7,0,0,0,0,0,0,2,0.0,0,0,0,.000,.000,.000,0.0,N/A,N/A
38,石井一成,左,.234,68,219,197,20,46,1,2.2,11,1,4,2-1-1,71,18,42,12,0,1,9,0,2,3,40.0,2,0,2,.200,.281,.360,0.641,182cm,86kg
43,水野達稀,左,.220,105,359,332,30,73,5,6.8,8,8,7,6-1-0,118,37,81,13,1,1,12,1,9,5,64.3,12,0,2,.258,.251,.355,0.606,171cm,76kg
50,五十幡亮汰,左,.161,94,127,112,38,18,5,27.8,2,1,0,-,22,3,34,6,0,1,8,0,18,9,66.7,1,0,1,.091,.210,.196,0.407,171cm,67kg
53,水谷瞬,右,.287,97,353,327,41,94,6,6.4,18,3,9,6-2-1,145,39,79,21,2,3,1,1,4,1,80.0,3,0,3,.375,.335,.443,0.779,193cm,100kg
56,細川凌平,左,.222,51,64,54,4,12,2,16.7,1,0,0,-,13,5,11,4,0,0,4,2,3,1,75.0,3,0,0,.182,.267,.241,0.507,174cm,78kg
58,奈良間大己,右,.180,90,150,139,10,25,1,4.0,4,0,0,-,29,7,39,2,0,0,8,1,2,0,100.0,3,0,2,.152,.190,.209,0.399,172cm,75kg
61,今川優馬,右,.211,6,19,19,1,4,0,0.0,1,0,0,-,5,0,5,0,0,0,0,0,0,2,0.0,0,0,0,.000,.211,.263,0.474,177cm,92kg
64,田宮裕涼,左,.277,109,349,307,28,85,12,14.1,12,2,3,3-0-0,110,30,71,21,1,7,11,3,10,4,71.4,4,4,10,.321,.334,.358,0.693,175cm,84kg
66,万波中正,右,.252,136,556,508,60,128,9,7.0,34,0,18,12-5-1,216,60,120,39,3,5,1,3,2,3,40.0,6,0,13,.248,.310,.425,0.735,192cm,101kg
98,梅林優貴,右,.000,3,5,4,0,0,0,-,0,0,0,-,0,0,3,0,0,0,1,0,0,0,-,0,0,0,.000,.000,.000,0.0,171cm,85kg
99,レイエス,右,.290,103,368,335,39,97,7,7.2,15,1,25,17-5-1,189,65,90,31,4,0,0,2,0,0,-,0,0,9,.271,.348,.564,0.912,196cm,135kg
6,スティーブンソン,左,.161,24,63,62,3,10,2,20.0,2,0,0,-,12,0,24,1,0,0,0,0,1,2,33.3,0,0,5,.100,.175,.194,0.368,N/A,N/A
13,生田目翼,右,-,43,0,0,0,0,0,-,0,0,0,-,0,0,0,0,0,0,0,0,0,0,-,0,0,0,-,-,-,0.0,176cm,95kg
14,加藤貴之,左,.000,27,3,2,0,0,0,-,0,0,0,-,0,0,1,0,0,0,1,0,0,0,-,1,0,0,.000,.000,.000,0.0,182cm,93kg
16,達孝太,右,-,1,0,0,0,0,0,-,0,0,0,-,0,0,0,0,0,0,0,0,0,0,-,0,0,0,-,-,-,0.0,194cm,101kg
17,伊藤大海,左,.250,26,4,4,0,1,1,100.0,0,0,0,-,1,0,1,0,0,0,0,0,0,0,-,1,0,0,.000,.250,.250,0.5,176cm,84kg
18,山﨑福也,左,.167,24,7,6,1,1,0,0.0,0,0,0,-,1,1,0,1,0,0,0,0,0,0,-,2,0,0,.333,.286,.167,0.452,188cm,99kg
20,上原健太,左,-,7,0,0,0,0,0,-,0,0,0,-,0,0,0,0,0,0,0,0,0,0,-,0,0,0,-,-,-,0.0,191cm,100kg
22,杉浦稔大,右,-,40,0,0,0,0,0,-,0,0,0,-,0,0,0,0,0,0,0,0,0,0,-,0,0,0,-,-,-,0.0,190cm,90kg
24,金村尚真,右,.000,29,2,2,0,0,0,-,0,0,0,-,0,0,0,0,0,0,0,0,0,0,-,0,0,0,-,.000,.000,0.0,176cm,88kg
25,宮西尚生,左,-,30,0,0,0,0,0,-,0,0,0,-,0,0,0,0,0,0,0,0,0,0,-,0,0,0,-,-,-,0.0,180cm,81kg
26,田中正義,右,-,53,0,0,0,0,0,-,0,0,0,-,0,0,0,0,0,0,0,0,0,0,-,1,0,0,-,-,-,0.0,188cm,96kg
28,河野竜生,左,-,52,0,0,0,0,0,-,0,0,0,-,0,0,0,0,0,0,0,0,0,0,-,0,0,0,-,-,-,0.0,175cm,88kg
29,細野晴希,左,.000,2,2,2,0,0,0,-,0,0,0,-,0,0,2,0,0,0,0,0,0,0,-,0,0,0,-,.000,.000,0.0,180cm,87kg
31,マーフィー,右,.000,40,1,1,0,0,0,-,0,0,0,-,0,0,1,0,0,0,0,0,0,0,-,0,0,0,-,.000,.000,0.0,N/A,N/A
32,黒木優太,左,-,2,0,0,0,0,0,-,0,0,0,-,0,0,0,0,0,0,0,0,0,0,-,0,0,0,-,-,-,0.0,180cm,87kg
34,堀瑞輝,左,-,10,0,0,0,0,0,-,0,0,0,-,0,0,0,0,0,0,0,0,0,0,-,0,0,0,-,-,-,0.0,177cm,89kg
40,福田俊,左,-,2,0,0,0,0,0,-,0,0,0,-,0,0,0,0,0,0,0,0,0,0,-,0,0,0,-,-,-,0.0,171cm,73kg
41,ロドリゲス,右,-,10,0,0,0,0,0,-,0,0,0,-,0,0,0,0,0,0,0,0,0,0,-,0,0,0,-,-,-,0.0,182cm,90kg
42,ザバラ,右,-,16,0,0,0,0,0,-,0,0,0,-,0,0,0,0,0,0,0,0,0,0,-,2,0,0,-,-,-,0.0,190cm,117kg
45,バーヘイゲン,右,-,9,0,0,0,0,0,-,0,0,0,-,0,0,0,0,0,0,0,0,0,0,-,2,0,0,-,-,-,0.0,198cm,104kg
46,畔柳亨丞,右,-,5,0,0,0,0,0,-,0,0,0,-,0,0,0,0,0,0,0,0,0,0,-,0,0,0,-,-,-,0.0,178cm,87kg
47,鈴木健矢,左,.000,8,1,1,0,0,0,-,0,0,0,-,0,0,1,0,0,0,0,0,0,0,-,0,0,0,-,.000,.000,0.0,176cm,80kg
48,齋藤友貴哉,左,-,25,0,0,0,0,0,-,0,0,0,-,0,0,0,0,0,0,0,0,0,0,-,1,0,0,-,-,-,0.0,184cm,92kg
52,池田隆英,右,-,29,0,0,0,0,0,-,0,0,0,-,0,0,0,0,0,0,0,0,0,0,-,0,0,0,-,-,-,0.0,181cm,87kg
55,松浦慶斗,左,-,5,0,0,0,0,0,-,0,0,0,-,0,0,0,0,0,0,0,0,0,0,-,0,0,0,-,-,-,0.0,186cm,103kg
57,北山亘基,右,.000,14,2,2,0,0,0,-,0,0,0,-,0,0,1,0,0,0,0,0,0,0,-,0,0,0,-,.000,.000,0.0,182cm,86kg
59,根本悠楓,左,-,2,0,0,0,0,0,-,0,0,0,-,0,0,0,0,0,0,0,0,0,0,-,0,0,0,-,-,-,0.0,173cm,80kg
60,鍵谷陽平,右,-,1,0,0,0,0,0,-,0,0,0,-,0,0,0,0,0,0,0,0,0,0,-,0,0,0,-,-,-,0.0,N/A,N/A
63,北浦竜次,左,-,12,0,0,0,0,0,-,0,0,0,-,0,0,0,0,0,0,0,0,0,0,-,0,0,0,-,-,-,0.0,184cm,103kg
67,山本拓実,右,-,36,0,0,0,0,0,-,0,0,0,-,0,0,0,0,0,0,0,0,0,0,-,0,0,0,-,-,-,0.0,167cm,79kg
93,田中瑛斗,左,-,3,0,0,0,0,0,-,0,0,0,-,0,0,0,0,0,0,0,0,0,0,-,0,0,0,-,-,-,0.0,184cm,84kg
94,福島蓮,右,-,12,0,0,0,0,0,-,0,0,0,-,0,0,0,0,0,0,0,0,0,0,-,0,0,0,-,-,-,0.0,190cm,78kg
95,柳川大晟,右,-,21,0,0,0,0,0,-,0,0,0,-,0,0,0,0,0,0,0,0,0,0,-,0,0,0,-,-,-,0.0,191cm,93kg
