背番,名前,席,打率,試合,打席,打数,得点,安打,内安,内安率,２Ｂ,３Ｂ,本塁,HR勝敗,塁打,打点,三振,四球,敬遠,死球,犠打,犠飛,盗塁,盗塁死,成功率,失策,捕逸,併殺打,得点圏,出塁率,長打率,OPS
合計,.256,143,5393,4863,522,1246,103,8.3%,243,15,101,-,1822,508,922,360,38,54,85,31,69,27,71.9%,96,4,114,.252,.313,.375,.687
00,林琢真,左,.167,63,114,102,11,17,2,11.8,5,1,0,-,24,7,24,8,2,1,2,1,6,3,66.7,3,0,2,.129,.232,.235,.467
1,桑原将志,右,.270,106,321,285,35,77,5,6.5,12,0,5,5-0-0,104,24,42,19,0,4,9,4,8,0,100.0,2,0,6,.281,.321,.365,.685
2,牧秀悟,右,.294,133,561,517,76,152,13,8.6,33,0,23,15-6-1,254,74,59,37,5,5,0,2,11,0,100.0,18,0,13,.248,.346,.491,.837
3,オースティン,右,.316,106,445,396,66,125,5,4.0,34,2,25,15-8-0,238,69,88,45,2,0,0,4,0,1,0.0,8,0,12,.388,.382,.601,.983
4,度会隆輝,左,.255,75,272,251,21,64,7,10.9,7,1,3,3-0-0,82,24,43,12,0,7,1,1,2,2,50.0,4,0,6,.259,.306,.327,.633
5,松尾汐恩,右,.211,27,40,38,3,8,0,0.0,3,0,0,-,11,1,8,1,0,1,0,0,0,0,-,0,0,1,.091,.250,.289,.539
6,森敬斗,左,.251,71,200,187,16,47,8,17.0,12,1,0,-,61,5,43,12,2,0,0,1,8,6,57.1,12,0,4,.154,.295,.326,.621
7,佐野恵太,左,.273,139,566,524,51,143,8,5.6,34,0,8,7-1-0,201,62,53,35,3,4,0,3,0,0,-,2,0,17,.298,.322,.384,.705
8,神里和毅,左,.130,25,25,23,3,3,0,0.0,0,0,0,-,3,0,12,1,0,1,0,0,2,0,100.0,0,0,0,.000,.200,.130,.330
9,大和,右,.247,42,94,81,4,20,3,15.0,1,0,0,-,21,3,12,5,0,1,4,3,1,0,100.0,0,0,3,.050,.289,.259,.548
10,戸柱恭孝,左,.244,46,97,90,4,22,1,4.5,4,0,0,-,26,4,15,5,0,1,1,0,0,0,-,0,0,5,.267,.292,.289,.581
25,筒香嘉智,左,.188,57,168,149,12,28,1,3.6,6,3,7,7-0-0,61,23,51,16,1,2,0,1,0,0,-,0,0,5,.209,.274,.409,.683
29,伊藤光,右,.205,39,94,88,7,18,0,0.0,4,0,1,1-0-0,25,14,24,4,0,2,0,0,0,0,-,1,1,1,.360,.255,.284,.539
31,柴田竜拓,左,.261,82,34,23,4,6,0,0.0,0,0,0,-,6,2,7,3,1,1,7,0,1,0,100.0,4,0,0,.333,.370,.261,.631
37,楠本泰史,左,.172,18,31,29,0,5,0,0.0,1,0,0,-,6,5,5,1,0,1,0,0,0,0,-,1,0,0,.250,.226,.207,.433
39,西浦直亨,右,.267,8,17,15,3,4,0,0.0,0,1,0,-,6,1,5,2,1,0,0,0,0,0,-,2,0,2,.500,.353,.400,.753
44,石上泰輝,左,.183,26,79,71,3,13,2,15.4,4,0,0,-,17,3,17,6,2,0,2,0,2,0,100.0,4,0,3,.231,.247,.239,.486
50,山本祐大,右,.291,108,403,358,29,104,3,2.9,14,2,5,4-1-0,137,37,41,27,1,3,9,6,1,1,50.0,2,3,12,.308,.340,.383,.723
51,宮﨑敏郎,右,.283,125,469,410,49,116,6,5.2,24,0,14,6-7-0,182,56,29,52,11,6,0,1,1,1,50.0,9,0,9,.311,.371,.444,.815
55,井上絢登,左,.190,25,48,42,2,8,0,0.0,5,0,0,-,13,4,8,2,1,2,2,0,1,0,100.0,1,0,1,.182,.261,.310,.570
57,東妻純平,右,.500,3,2,2,0,1,0,0.0,1,0,0,-,2,1,0,0,0,0,0,0,0,0,-,0,0,0,1.000,.500,1.000,1.500
58,梶原昂希,左,.292,91,351,339,49,99,16,16.2,16,3,4,3-1-0,133,30,98,7,3,4,1,0,16,2,88.9,1,0,2,.192,.314,.392,.707
60,知野直人,右,.111,24,22,18,3,2,0,0.0,1,0,0,-,3,2,4,4,0,0,0,0,1,0,100.0,0,0,1,.250,.273,.167,.439
61,蝦名達夫,右,.256,76,253,223,28,57,6,10.5,13,0,3,1-2-0,79,17,51,17,1,6,6,1,3,7,30.0,0,0,1,.191,.324,.354,.678
63,関根大気,左,.227,79,142,128,14,29,7,24.1,2,0,0,-,31,4,19,11,0,2,1,0,2,3,40.0,1,0,2,.212,.298,.242,.540
67,西巻賢二,右,-,0,0,0,0,0,0,-,0,0,0,-,0,0,0,0,0,0,0,0,0,0,-,0,0,0,-,-,-,.000
98,京田陽太,左,.245,101,236,216,18,53,5,9.4,7,1,1,1-0-0,65,27,43,13,2,0,4,3,3,1,75.0,7,0,4,.309,.284,.301,.585
99,フォード,左,.200,6,22,20,1,4,0,0.0,0,0,1,0-1-0,7,2,2,2,0,0,0,0,0,0,-,1,0,0,.250,.273,.350,.623
投手打撃成績
11,東克樹,左,.098,26,63,51,3,5,1,20.0,0,0,0,-,5,1,16,4,0,0,8,0,0,0,-,1,0,1,.133,.164,.098,.262
13,伊勢大夢,右,-,37,0,0,0,0,0,-,0,0,0,-,0,0,0,0,0,0,0,0,0,0,-,0,0,0,-,-,-,.000
14,石田健大,左,.083,6,13,12,0,1,0,0.0,0,0,0,-,1,0,7,0,0,0,1,0,0,0,-,0,0,0,.000,.083,.083,.167
15,徳山壮磨,右,-,29,0,0,0,0,0,-,0,0,0,-,0,0,0,0,0,0,0,0,0,0,-,0,0,0,-,-,-,.000
16,大貫晋一,右,.083,15,30,24,1,2,0,0.0,0,0,0,-,2,0,9,1,0,0,5,0,0,0,-,1,0,0,.000,.120,.083,.203
17,三嶋一輝,両,-,7,0,0,0,0,0,-,0,0,0,-,0,0,0,0,0,0,0,0,0,0,-,0,0,0,-,-,-,.000
18,小園健太,右,-,1,0,0,0,0,0,-,0,0,0,-,0,0,0,0,0,0,0,0,0,0,-,0,0,0,-,-,-,.000
19,山﨑康晃,右,-,38,0,0,0,0,0,-,0,0,0,-,0,0,0,0,0,0,0,0,0,0,-,1,0,0,-,-,-,.000
20,坂本裕哉,左,-,48,0,0,0,0,0,-,0,0,0,-,0,0,0,0,0,0,0,0,0,0,-,1,0,0,-,-,-,.000
24,吉野光樹,右,.000,7,13,9,0,0,0,-,0,0,0,-,0,0,5,2,0,0,2,0,0,0,-,0,0,0,.000,.182,.000,.182
26,濵口遥大,左,.214,11,15,14,1,3,1,33.3,0,0,0,-,3,0,7,1,0,0,0,0,0,0,-,4,0,0,.000,.267,.214,.481
27,上茶谷大河,右,.000,18,3,3,0,0,0,-,0,0,0,-,0,0,1,0,0,0,0,0,0,0,-,0,0,0,-,.000,.000,.000
34,松本凌人,右,-,10,0,0,0,0,0,-,0,0,0,-,0,0,0,0,0,0,0,0,0,0,-,0,0,0,-,-,-,.000
38,森唯斗,右,.250,14,5,4,0,1,1,100.0,0,0,0,-,1,0,3,0,0,0,1,0,0,0,-,0,0,0,.000,.250,.250,.500
40,松本隆之介,左,.000,1,3,2,0,0,0,-,0,0,0,-,0,0,0,0,0,0,1,0,0,0,-,0,0,0,.000,.000,.000,.000
41,佐々木千隼,右,-,28,0,0,0,0,0,-,0,0,0,-,0,0,0,0,0,0,0,0,0,0,-,0,0,0,-,-,-,.000
42,ジャクソン,右,.098,25,51,41,1,4,1,25.0,0,0,0,-,4,1,28,2,0,0,8,0,0,0,-,2,0,1,.214,.140,.098,.237
45,森原康平,左,-,58,0,0,0,0,0,-,0,0,0,-,0,0,0,0,0,0,0,0,0,0,-,0,0,0,-,-,-,.000
46,石川達也,右,-,15,0,0,0,0,0,-,0,0,0,-,0,0,0,0,0,0,0,0,0,0,-,0,0,0,-,-,-,.000
48,京山将弥,右,.000,23,2,1,0,0,0,-,0,0,0,-,0,0,1,0,0,0,1,0,0,0,-,1,0,0,-,.000,.000,.000
49,ウェンデルケン,右,-,28,0,0,0,0,0,-,0,0,0,-,0,0,0,0,0,0,0,0,0,0,-,0,0,0,-,-,-,.000
53,中川颯,左,.250,29,14,12,1,3,1,33.3,0,0,1,1-0-0,6,3,3,0,0,0,2,0,0,0,-,0,0,0,.167,.250,.500,.750
54,石田裕太郎,右,.000,12,18,16,0,0,0,-,0,0,0,-,0,0,9,0,0,0,2,0,0,0,-,0,0,0,.000,.000,.000,.000
59,平良拳太郎,右,.200,4,10,10,2,2,0,0.0,0,0,0,-,2,1,7,0,0,0,0,0,0,0,-,0,0,0,1.000,.200,.200,.400
62,ウィック,左,.000,43,1,1,0,0,0,-,0,0,0,-,0,0,1,0,0,0,0,0,0,0,-,1,0,0,-,.000,.000,.000
64,中川虎大,右,-,31,0,0,0,0,0,-,0,0,0,-,0,0,0,0,0,0,0,0,0,0,-,0,0,0,-,-,-,.000
65,宮城滝太,右,-,1,0,0,0,0,0,-,0,0,0,-,0,0,0,0,0,0,0,0,0,0,-,0,0,0,-,-,-,.000
69,ケイ,左,.000,24,46,38,1,0,0,-,0,0,0,-,0,1,22,3,0,0,5,0,0,0,-,1,0,0,.000,.073,.000,.073
92,堀岡隼人,右,-,6,0,0,0,0,0,-,0,0,0,-,0,0,0,0,0,0,0,0,0,0,-,0,0,0,-,-,-,.000
93,ディアス,左,-,7,0,0,0,0,0,-,0,0,0,-,0,0,0,0,0,0,0,0,0,0,-,0,0,0,-,-,-,.000
背番,名前,席,打率,試合,打席,打数,得点,安打,内安,内安率,２Ｂ,３Ｂ,本塁,HR勝敗,塁打,打点,三振,四球,敬遠,死球,犠打,犠飛,盗塁,盗塁死,成功率,失策,捕逸,併殺打,得点圏,出塁率,長打率,OPS
背番,名前,席,打率,試合,打席,打数,得点,安打,内安,内安率,２Ｂ,３Ｂ,本塁,HR勝敗,塁打,打点,三振,四球,敬遠,死球,犠打,犠飛,盗塁,盗塁死,成功率,失策,捕逸,併殺打,得点圏,出塁率,長打率,OPS
合計,.242,143,5335,4694,485,1137,91,8.0%,164,17,67,-,1536,470,1028,441,20,59,115,26,41,35,53.9%,85,0,120,.275,.314,.327,.641
0,木浪聖也,左,.214,116,409,359,27,77,7,9.1,13,1,1,0-1-0,95,35,64,32,4,4,13,1,1,0,100.0,8,0,17,.239,.285,.265,.550
1,森下翔太,右,.275,129,526,458,64,126,6,4.8,24,2,16,11-5-0,202,73,78,53,1,12,0,3,0,2,0.0,2,0,13,.351,.363,.441,.804
2,梅野隆太郎,右,.209,95,318,268,18,56,2,3.6,9,0,0,-,65,15,84,30,3,1,17,2,0,1,0.0,2,0,6,.220,.289,.243,.532
3,大山悠輔,右,.259,130,545,483,63,125,4,3.2,18,0,14,7-6-0,185,68,88,52,3,7,0,3,0,4,0.0,7,0,19,.354,.338,.383,.721
4,熊谷敬宥,右,.125,32,9,8,2,1,0,0.0,0,0,0,-,1,0,2,0,0,0,1,0,1,1,50.0,0,0,0,.000,.125,.125,.250
5,近本光司,左,.285,141,639,562,71,160,19,11.9,16,5,6,5-1-0,204,45,93,68,5,5,0,4,19,9,67.9,4,0,7,.321,.365,.363,.728
7,ノイジー,右,.231,49,149,134,8,31,0,0.0,5,0,1,1-0-0,39,8,16,14,1,0,0,1,1,0,100.0,2,0,9,.115,.302,.291,.593
8,佐藤輝明,左,.268,120,496,451,58,121,4,3.3,21,4,16,12-3-0,198,70,133,36,2,5,0,4,0,2,0.0,23,0,11,.322,.327,.439,.766
12,坂本誠志郎,右,.223,64,218,193,11,43,5,11.6,3,0,0,-,46,12,38,12,0,2,10,1,0,0,-,2,0,6,.238,.274,.238,.512
25,渡邉諒,右,.260,67,137,123,7,32,2,6.3,5,0,2,2-0-0,43,11,34,11,0,1,0,2,0,1,0.0,5,0,2,.161,.321,.350,.671
32,井上広大,右,.212,23,55,52,5,11,1,9.1,2,0,3,2-1-0,22,8,20,3,0,0,0,0,1,1,50.0,0,0,0,.250,.255,.423,.678
33,糸原健斗,左,.216,89,128,111,8,24,3,12.5,2,0,0,-,26,9,20,15,0,1,0,1,0,0,-,1,0,3,.216,.313,.234,.547
38,小幡竜平,左,.241,50,135,116,12,28,4,14.3,3,1,1,1-0-0,36,9,27,12,1,0,7,0,2,3,40.0,5,0,1,.313,.313,.310,.623
39,榮枝裕貴,右,-,1,0,0,0,0,0,-,0,0,0,-,0,0,0,0,0,0,0,0,0,0,-,0,0,0,-,-,-,.000
51,中野拓夢,左,.232,143,634,547,63,127,12,9.4,20,2,1,0-1-0,154,32,97,46,0,5,35,1,6,7,46.2,8,0,10,.240,.297,.282,.579
53,島田海吏,左,.275,62,94,80,8,22,4,18.2,2,0,0,-,24,2,16,10,0,1,3,0,5,3,62.5,2,0,2,.111,.363,.300,.663
55,ミエセス,右,.111,14,19,18,1,2,0,0.0,0,0,0,-,2,0,5,1,0,0,0,0,0,0,-,1,0,1,.000,.158,.111,.269
57,長坂拳弥,右,.000,5,4,3,0,0,0,-,0,0,0,-,0,0,2,0,0,0,1,0,0,0,-,0,0,0,-,.000,.000,.000
58,前川右京,左,.269,116,362,324,25,87,8,9.2,16,0,4,3-1-0,115,42,50,27,0,10,0,1,0,0,-,1,0,7,.259,.343,.355,.697
59,藤田健斗,右,-,0,0,0,0,0,0,-,0,0,0,-,0,0,0,0,0,0,0,0,0,0,-,0,0,0,-,-,-,.000
60,小野寺暖,右,.148,25,29,27,3,4,0,0.0,0,1,0,-,6,0,10,0,0,1,1,0,0,0,-,0,0,0,.000,.179,.222,.401
61,豊田寛,右,.211,11,19,19,1,4,1,25.0,1,0,0,-,5,0,5,0,0,0,0,0,0,0,-,1,0,2,.143,.211,.263,.474
62,植田海,両,.273,59,11,11,11,3,1,33.3,0,1,0,-,5,3,3,0,0,0,0,0,4,1,80.0,0,0,0,1.000,.273,.455,.727
94,原口文仁,右,.241,52,65,58,5,14,0,0.0,1,0,2,2-0-0,21,9,14,5,0,2,0,0,1,0,100.0,0,0,0,.261,.323,.362,.685
97,野口恭佑,右,.189,26,61,53,6,10,0,0.0,0,0,0,-,10,5,12,5,0,2,0,1,0,0,-,0,0,1,.357,.279,.189,.467
投手打撃成績
00,ゲラ,左,-,59,0,0,0,0,0,-,0,0,0,-,0,0,0,0,0,0,0,0,0,0,-,0,0,0,-,-,-,.000
13,岩崎優,左,-,60,0,0,0,0,0,-,0,0,0,-,0,0,0,0,0,0,0,0,0,0,-,0,0,0,-,-,-,.000
14,岩貞祐太,左,-,2,0,0,0,0,0,-,0,0,0,-,0,0,0,0,0,0,0,0,0,0,-,0,0,0,-,-,-,.000
15,西純矢,右,-,4,0,0,0,0,0,-,0,0,0,-,0,0,0,0,0,0,0,0,0,0,-,1,0,0,-,-,-,.000
16,西勇輝,右,.184,21,39,38,1,7,0,0.0,1,0,0,-,8,4,13,0,0,0,1,0,0,0,-,4,0,0,.500,.184,.211,.395
17,青柳晃洋,右,.000,12,18,12,0,0,0,-,0,0,0,-,0,2,5,1,0,0,4,1,0,0,-,0,0,0,.000,.071,.000,.071
27,伊藤将司,左,.056,18,22,18,2,1,0,0.0,0,0,0,-,1,0,11,0,0,0,4,0,0,0,-,0,0,0,.000,.056,.056,.111
29,髙橋遥人,左,.222,5,12,9,0,2,2,100.0,0,0,0,-,2,0,5,1,0,0,2,0,0,0,-,0,0,0,.200,.300,.222,.522
30,門別啓人,左,.000,5,2,2,0,0,0,-,0,0,0,-,0,0,1,0,0,0,0,0,0,0,-,0,0,0,-,.000,.000,.000
34,漆原大晟,左,-,38,0,0,0,0,0,-,0,0,0,-,0,0,0,0,0,0,0,0,0,0,-,1,0,0,-,-,-,.000
35,才木浩人,右,.075,25,52,40,1,3,1,33.3,1,0,0,-,4,1,25,5,0,0,7,0,0,0,-,1,0,1,.000,.178,.100,.278
36,浜地真澄,右,-,18,0,0,0,0,0,-,0,0,0,-,0,0,0,0,0,0,0,0,0,0,-,0,0,0,-,-,-,.000
37,及川雅貴,左,.500,9,6,6,0,3,2,66.7,0,0,0,-,3,1,0,0,0,0,0,0,0,0,-,0,0,0,1.000,.500,.500,1.000
41,村上頌樹,左,.114,25,48,44,0,5,0,0.0,0,0,0,-,5,3,24,1,0,0,3,0,0,0,-,0,0,0,.154,.133,.114,.247
46,島本浩也,左,-,33,0,0,0,0,0,-,0,0,0,-,0,0,0,0,0,0,0,0,0,0,-,0,0,0,-,-,-,.000
47,桐敷拓馬,左,-,71,0,0,0,0,0,-,0,0,0,-,0,0,0,0,0,0,0,0,0,0,-,0,0,0,-,-,-,.000
49,大竹耕太郎,左,.174,24,51,46,2,8,3,37.5,1,0,0,-,9,3,22,0,0,0,5,0,0,0,-,0,0,2,.385,.174,.196,.370
50,富田蓮,左,-,33,0,0,0,0,0,-,0,0,0,-,0,0,0,0,0,0,0,0,0,0,-,1,0,0,-,-,-,.000
54,加治屋蓮,右,-,13,0,0,0,0,0,-,0,0,0,-,0,0,0,0,0,0,0,0,0,0,-,1,0,0,-,-,-,.000
63,石黒佑弥,右,-,3,0,0,0,0,0,-,0,0,0,-,0,0,0,0,0,0,0,0,0,0,-,0,0,0,-,-,-,.000
64,岡留英貴,右,-,35,0,0,0,0,0,-,0,0,0,-,0,0,0,0,0,0,0,0,0,0,-,1,0,0,-,-,-,.000
69,石井大智,右,-,56,0,0,0,0,0,-,0,0,0,-,0,0,0,0,0,0,0,0,0,0,-,1,0,0,-,-,-,.000
92,川原陸,左,-,1,0,0,0,0,0,-,0,0,0,-,0,0,0,0,0,0,0,0,0,0,-,0,0,0,-,-,-,.000
98,佐藤蓮,右,-,1,0,0,0,0,0,-,0,0,0,-,0,0,0,0,0,0,0,0,0,0,-,0,0,0,-,-,-,.000
99,ビーズリー,右,.000,14,23,21,2,0,0,-,0,0,0,-,0,0,11,1,0,0,1,0,0,0,-,0,0,0,.000,.045,.000,.045
背番,名前,席,打率,試合,打席,打数,得点,安打,内安,内安率,２Ｂ,３Ｂ,本塁,HR勝敗,塁打,打点,三振,四球,敬遠,死球,犠打,犠飛,盗塁,盗塁死,成功率,失策,捕逸,併殺打,得点圏,出塁率,長打率,OPS
背番,名前,席,打率,試合,打席,打数,得点,安打,内安,内安率,２Ｂ,３Ｂ,本塁,HR勝敗,塁打,打点,三振,四球,敬遠,死球,犠打,犠飛,盗塁,盗塁死,成功率,失策,捕逸,併殺打,得点圏,出塁率,長打率,OPS
合計,.238,143,5193,4722,415,1126,126,11.2%,167,19,52,-,1487,390,1001,282,24,46,116,27,66,51,56.4%,66,5,89,.245,.286,.315,.601
0,上本崇司,右,.209,62,146,129,16,27,2,7.4,2,0,0,-,29,7,24,4,0,4,9,0,0,2,0.0,1,0,3,.182,.255,.225,.480
2,田中広輔,左,.156,66,108,96,5,15,3,20.0,2,0,2,1-1-0,23,7,26,9,0,1,0,2,1,1,50.0,2,0,2,.227,.231,.240,.471
7,堂林翔太,右,.230,87,273,244,15,56,4,7.1,13,0,1,0-1-0,72,17,67,16,0,1,9,3,0,2,0.0,3,0,4,.207,.277,.295,.572
9,秋山翔吾,左,.289,138,587,547,60,158,13,8.2,20,1,4,3-1-0,192,30,96,29,3,5,2,4,6,5,54.5,0,0,6,.278,.328,.351,.679
27,會澤翼,右,.187,57,159,150,9,28,2,7.1,6,0,0,-,34,13,43,7,1,2,0,0,0,0,-,0,1,6,.235,.233,.227,.459
31,坂倉将吾,左,.279,121,462,427,43,119,8,6.7,19,1,12,7-5-0,176,44,80,31,3,1,1,2,3,2,60.0,6,3,7,.253,.328,.412,.740
32,石原貴規,右,.230,56,139,122,11,28,4,14.3,6,0,3,3-0-0,43,11,22,5,1,5,5,2,0,0,-,1,1,1,.167,.284,.352,.636
33,菊池涼介,右,.241,136,497,453,27,109,16,14.7,19,0,9,7-2-0,155,38,69,25,3,1,17,1,2,2,50.0,7,0,9,.193,.281,.342,.623
37,野間峻祥,左,.271,113,443,391,40,106,12,11.3,14,5,1,1-0-0,133,28,52,43,1,5,3,1,8,5,61.5,1,0,9,.260,.350,.340,.690
38,宇草孔基,左,.242,41,75,66,10,16,0,0.0,2,0,3,3-0-0,27,8,22,4,0,2,3,0,3,1,75.0,0,0,1,.286,.306,.409,.715
40,磯村嘉孝,右,.000,10,10,9,0,0,0,-,0,0,0,-,0,0,4,1,0,0,0,0,0,0,-,0,0,0,.000,.100,.000,.100
44,林晃汰,左,.183,27,64,60,4,11,2,18.2,4,0,0,-,15,2,20,4,1,0,0,0,0,0,-,0,0,3,.154,.234,.250,.484
50,中村健人,右,.083,12,24,24,1,2,0,0.0,0,0,1,1-0-0,5,2,8,0,0,0,0,0,0,0,-,0,0,0,.125,.083,.208,.292
51,小園海斗,左,.280,143,588,540,52,151,21,13.9,15,3,2,2-0-0,178,61,53,30,6,6,7,5,13,9,59.1,15,0,6,.341,.322,.330,.651
52,末包昇大,右,.238,79,304,286,22,68,9,13.2,14,0,9,7-1-0,109,37,85,12,0,6,0,0,1,2,33.3,3,0,6,.284,.283,.381,.664
54,韮澤雄也,左,.133,11,15,15,1,2,1,50.0,0,0,0,-,2,0,2,0,0,0,0,0,0,0,-,0,0,1,-,.133,.133,.267
55,松山竜平,左,.178,65,78,73,2,13,1,7.7,4,0,1,1-0-0,20,10,12,4,3,0,0,1,0,0,-,0,0,5,.171,.218,.274,.492
56,久保修,右,.059,19,18,17,1,1,0,0.0,0,0,0,-,1,0,8,0,0,1,0,0,0,0,-,0,0,0,.000,.111,.059,.170
58,仲田侑仁,右,.250,1,4,4,1,1,0,0.0,0,0,0,-,1,0,1,0,0,0,0,0,0,0,-,0,0,0,.000,.250,.250,.500
59,大盛穂,左,.226,74,35,31,7,7,1,14.3,2,0,0,-,9,4,10,2,0,0,2,0,2,1,66.7,0,0,0,.429,.273,.290,.563
60,田村俊介,左,.198,37,106,101,4,20,3,15.0,3,2,0,-,27,5,27,3,1,1,1,0,1,1,50.0,1,0,2,.143,.229,.267,.496
61,矢野雅哉,左,.260,137,495,430,45,112,18,16.1,13,6,2,2-0-0,143,38,109,38,1,3,20,4,13,10,56.5,12,0,8,.305,.322,.333,.655
63,内田湘大,右,.333,1,3,3,0,1,0,0.0,0,0,0,-,1,0,0,0,0,0,0,0,0,0,-,0,0,0,.000,.333,.333,.667
69,羽月隆太郎,左,.227,53,25,22,12,5,1,20.0,1,0,0,-,6,1,8,1,0,0,2,0,12,7,63.2,1,0,0,.000,.261,.273,.534
94,佐藤啓介,左,.133,7,17,15,1,2,1,50.0,0,0,0,-,2,0,3,2,0,0,0,0,0,0,-,0,0,0,.167,.235,.133,.369
96,中村奨成,右,.145,30,70,69,4,10,0,0.0,2,0,0,-,12,1,13,1,0,0,0,0,0,1,0.0,0,0,1,.125,.157,.174,.331
97,中村貴浩,左,.208,11,25,24,4,5,2,40.0,0,0,0,-,5,3,5,0,0,0,1,0,0,0,-,0,0,1,.429,.208,.208,.417
99,二俣翔一,右,.196,80,122,107,7,21,0,0.0,4,0,1,0-1-0,28,7,26,8,0,1,6,0,1,0,100.0,2,0,3,.192,.259,.262,.520
10,レイノルズ,右,.000,2,6,4,0,0,0,-,0,0,0,-,0,1,2,1,0,0,0,1,0,0,-,0,0,1,-,.167,.000,.167
95,シャイナー,右,.133,12,31,30,1,4,0,0.0,1,0,1,1-0-0,8,5,9,1,0,0,0,0,0,0,-,0,0,1,.167,.161,.267,.428
投手打撃成績
11,九里亜蓮,右,.000,23,39,31,0,0,0,-,0,0,0,-,0,2,18,0,0,0,7,1,0,0,-,2,0,0,.000,.000,.000,.000
12,大道温貴,右,-,4,0,0,0,0,0,-,0,0,0,-,0,0,0,0,0,0,0,0,0,0,-,0,0,0,-,-,-,.000
13,森浦大輔,左,-,53,0,0,0,0,0,-,0,0,0,-,0,0,0,0,0,0,0,0,0,0,-,0,0,0,-,-,-,.000
14,大瀬良大地,右,.048,25,45,42,0,2,0,0.0,0,0,0,-,2,0,21,0,0,0,3,0,0,0,-,2,0,2,.000,.048,.048,.095
16,森翔平,左,.167,5,8,6,0,1,0,0.0,0,0,0,-,1,0,2,0,0,0,2,0,0,0,-,0,0,0,.000,.167,.167,.333
17,常廣羽也斗,右,.000,2,4,4,0,0,0,-,0,0,0,-,0,0,4,0,0,0,0,0,0,0,-,0,0,0,.000,.000,.000,.000
18,森下暢仁,右,.234,23,52,47,5,11,1,9.1,1,0,0,-,12,3,12,1,0,1,3,0,0,0,-,0,0,0,.429,.265,.255,.521
19,野村祐輔,右,.000,3,2,2,0,0,0,-,0,0,0,-,0,0,2,0,0,0,0,0,0,0,-,1,0,0,-,.000,.000,.000
20,栗林良吏,右,-,60,0,0,0,0,0,-,0,0,0,-,0,0,0,0,0,0,0,0,0,0,-,1,0,0,-,-,-,.000
21,中﨑翔太,右,-,24,0,0,0,0,0,-,0,0,0,-,0,0,0,0,0,0,0,0,0,0,-,0,0,0,-,-,-,.000
22,髙太一,左,-,1,0,0,0,0,0,-,0,0,0,-,0,0,0,0,0,0,0,0,0,0,-,0,0,0,-,-,-,.000
24,黒原拓未,左,1.000,53,2,1,1,1,0,0.0,0,1,0,-,3,1,0,0,0,0,1,0,0,0,-,1,0,0,-,1.000,3.000,4.000
26,益田武尚,右,-,10,0,0,0,0,0,-,0,0,0,-,0,0,0,0,0,0,0,0,0,0,-,0,0,0,-,-,-,.000
28,床田寛樹,左,.178,26,52,45,1,8,0,0.0,0,0,0,-,8,1,7,0,0,0,7,0,0,0,-,2,0,0,.091,.178,.178,.356
29,ケムナ誠,右,-,5,0,0,0,0,0,-,0,0,0,-,0,0,0,0,0,0,0,0,0,0,-,0,0,0,-,-,-,.000
30,滝田一希,左,.000,1,1,1,0,0,0,-,0,0,0,-,0,0,1,0,0,0,0,0,0,0,-,0,0,0,.000,.000,.000,.000
34,高橋昂也,左,-,1,0,0,0,0,0,-,0,0,0,-,0,0,0,0,0,0,0,0,0,0,-,0,0,0,-,-,-,.000
36,塹江敦哉,左,-,53,0,0,0,0,0,-,0,0,0,-,0,0,0,0,0,0,0,0,0,0,-,0,0,0,-,-,-,.000
39,長谷部銀次,左,-,5,0,0,0,0,0,-,0,0,0,-,0,0,0,0,0,0,0,0,0,0,-,0,0,0,-,-,-,.000
41,矢崎拓也,右,-,26,0,0,0,0,0,-,0,0,0,-,0,0,0,0,0,0,0,0,0,0,-,0,0,0,-,-,-,.000
42,ハッチ,右,.167,5,7,6,1,1,0,0.0,0,0,0,-,1,1,4,0,0,0,1,0,0,0,-,0,0,0,.500,.167,.167,.333
43,島内颯太郎,右,-,58,0,0,0,0,0,-,0,0,0,-,0,0,0,0,0,0,0,0,0,0,-,0,0,0,-,-,-,.000
45,松本竜也,右,-,12,0,0,0,0,0,-,0,0,0,-,0,0,0,0,0,0,0,0,0,0,-,0,0,0,-,-,-,.000
46,河野佳,右,.000,13,1,1,0,0,0,-,0,0,0,-,0,0,1,0,0,0,0,0,0,0,-,0,0,0,-,.000,.000,.000
48,アドゥワ誠,右,.034,20,32,29,1,1,1,100.0,0,0,0,-,1,0,14,0,0,0,3,0,0,0,-,0,0,0,.167,.034,.034,.069
65,玉村昇悟,左,.167,15,19,18,1,3,0,0.0,0,0,0,-,3,2,9,0,0,0,1,0,0,0,-,0,0,1,.250,.167,.167,.333
66,遠藤淳志,右,-,3,0,0,0,0,0,-,0,0,0,-,0,0,0,0,0,0,0,0,0,0,-,0,0,0,-,-,-,.000
68,ハーン,左,-,35,0,0,0,0,0,-,0,0,0,-,0,0,0,0,0,0,0,0,0,0,-,1,0,0,-,-,-,.000
98,コルニエル,右,-,16,0,0,0,0,0,-,0,0,0,-,0,0,0,0,0,0,0,0,0,0,-,1,0,0,-,-,-,.000
背番,名前,席,打率,試合,打席,打数,得点,安打,内安,内安率,２Ｂ,３Ｂ,本塁,HR勝敗,塁打,打点,三振,四球,敬遠,死球,犠打,犠飛,盗塁,盗塁死,成功率,失策,捕逸,併殺打,得点圏,出塁率,長打率,OPS
背番,名前,席,打率,試合,打席,打数,得点,安打,内安,内安率,２Ｂ,３Ｂ,本塁,HR勝敗,塁打,打点,三振,四球,敬遠,死球,犠打,犠飛,盗塁,盗塁死,成功率,失策,捕逸,併殺打,得点圏,出塁率,長打率,OPS
合計,.247,143,5350,4752,462,1172,115,9.8%,211,16,81,-,1658,447,972,409,37,36,125,28,59,25,70.2%,58,11,89,.248,.309,.349,.658
00,湯浅大,右,.167,19,7,6,2,1,0,0.0,0,0,0,-,1,2,2,0,0,0,1,0,0,1,0.0,0,0,0,.500,.167,.167,.333
0,増田大輝,右,.200,40,38,30,4,6,1,16.7,1,1,0,-,9,4,6,1,0,0,7,0,4,1,80.0,0,0,1,.571,.226,.300,.526
2,吉川尚輝,左,.287,143,602,536,65,154,17,11.0,25,4,5,5-0-0,202,46,61,41,2,6,13,6,12,5,70.6,5,0,8,.274,.341,.377,.718
5,門脇誠,左,.243,129,405,350,29,85,15,17.6,9,1,0,-,96,21,63,37,7,2,16,0,9,3,75.0,16,0,3,.247,.319,.274,.593
6,坂本勇人,右,.238,109,426,395,34,94,8,8.5,14,0,7,7-0-0,129,34,72,27,1,1,0,3,1,0,100.0,6,0,14,.212,.286,.327,.613
7,長野久義,右,.258,54,98,89,5,23,1,4.3,3,1,0,-,28,14,25,9,1,0,0,0,1,1,50.0,0,0,2,.270,.327,.315,.641
8,丸佳浩,左,.278,138,595,525,51,146,12,8.2,18,1,14,8-5-1,208,45,93,65,5,3,0,2,8,4,66.7,0,0,9,.226,.360,.396,.756
12,萩尾匡也,右,.215,56,163,149,13,32,5,15.6,8,2,2,1-1-0,50,12,41,11,1,1,1,1,0,2,0.0,1,0,4,.211,.272,.336,.607
13,梶谷隆幸,左,.188,6,17,16,2,3,0,0.0,0,0,1,1-0-0,6,2,4,1,0,0,0,0,0,0,-,0,0,1,.333,.235,.375,.610
22,小林誠司,右,.152,42,123,105,4,16,0,0.0,3,0,1,1-0-0,22,8,18,9,2,2,7,0,1,0,100.0,1,2,1,.132,.233,.210,.442
23,立岡宗一郎,左,.214,48,99,84,12,18,1,5.6,0,0,0,-,18,8,19,11,1,0,4,0,3,2,60.0,0,0,0,.304,.305,.214,.520
24,大城卓三,左,.254,96,321,283,19,72,2,2.8,17,0,3,2-1-0,98,27,62,31,2,3,0,4,0,0,-,2,3,3,.197,.330,.346,.677
25,岡本和真,右,.280,143,611,535,70,150,14,9.3,37,0,27,22-3-1,268,83,97,66,10,5,0,5,1,1,50.0,6,0,5,.286,.362,.501,.863
27,岸田行倫,右,.242,88,298,269,22,65,6,9.2,10,1,4,3-1-0,89,26,43,14,0,4,9,2,2,2,50.0,3,6,11,.203,.287,.331,.618
35,泉口友汰,左,.201,66,185,164,10,33,2,6.1,6,1,1,0-1-0,44,9,24,18,1,0,3,0,1,0,100.0,3,0,2,.267,.280,.268,.549
37,郡拓也,右,.000,5,4,4,1,0,0,-,0,0,0,-,0,0,1,0,0,0,0,0,0,0,-,0,0,0,.000,.000,.000,.000
38,岡田悠希,左,.143,4,9,7,0,1,0,0.0,0,0,0,-,1,0,2,2,0,0,0,0,0,0,-,0,0,0,1.000,.333,.143,.476
39,モンテス,右,.272,46,159,151,14,41,3,7.3,15,0,1,0-1-0,59,14,21,7,2,1,0,0,1,0,100.0,0,0,3,.281,.308,.391,.699
40,中山礼都,左,.318,32,48,44,2,14,2,14.3,3,0,0,-,17,2,12,4,0,0,0,0,0,0,-,0,0,1,.300,.375,.386,.761
42,ヘルナンデス,右,.294,56,240,221,34,65,4,6.2,11,0,8,7-0-1,100,30,58,15,1,3,0,1,0,1,0.0,0,0,8,.352,.346,.452,.798
43,重信慎之介,左,.067,33,18,15,6,1,0,0.0,0,0,0,-,1,0,6,3,0,0,0,0,6,1,85.7,1,0,0,.000,.222,.067,.289
44,佐々木俊輔,左,.231,59,156,143,13,33,7,21.2,5,1,0,-,40,6,44,9,0,0,3,1,2,1,66.7,0,0,3,.261,.275,.280,.554
50,オコエ瑠偉,右,.261,68,157,138,16,36,2,5.6,9,0,3,2-1-0,54,13,35,9,0,1,8,1,4,0,100.0,1,0,3,.323,.309,.391,.700
51,浅野翔吾,右,.240,40,158,146,18,35,4,11.4,11,2,3,3-0-0,59,18,27,7,1,2,2,1,1,0,100.0,3,0,2,.295,.282,.404,.686
55,秋広優人,左,.261,26,48,46,5,12,3,25.0,1,0,0,-,13,1,12,2,0,0,0,0,1,0,100.0,1,0,1,.167,.292,.283,.574
59,若林楽人,右,.214,27,44,42,3,9,1,11.1,1,1,1,1-0-0,15,7,11,1,0,1,0,0,1,0,100.0,0,0,0,.364,.250,.357,.607
61,増田陸,右,.000,4,6,5,0,0,0,-,0,0,0,-,0,0,1,0,0,1,0,0,0,0,-,0,0,1,.000,.167,.000,.167
67,山瀬慎之助,右,.333,2,6,6,1,2,0,0.0,0,0,0,-,2,0,1,0,0,0,0,0,0,0,-,0,0,0,.000,.333,.333,.667
94,喜多隆介,右,.000,1,1,1,1,0,0,-,0,0,0,-,0,0,0,0,0,0,0,0,0,0,-,0,0,0,.000,.000,.000,.000
98,ウレーニャ,右,.000,7,8,7,0,0,0,-,0,0,0,-,0,0,4,1,0,0,0,0,0,0,-,0,0,0,.000,.125,.000,.125
59,松原聖弥,左,.154,9,16,13,1,2,1,50.0,0,0,0,-,2,2,5,3,0,0,0,0,0,0,-,0,0,0,.667,.313,.154,.466
投手打撃成績
15,大勢,右,-,43,0,0,0,0,0,-,0,0,0,-,0,0,0,0,0,0,0,0,0,0,-,0,0,0,-,-,-,.000
17,西舘勇陽,右,.000,28,2,1,0,0,0,-,0,0,0,-,0,0,0,0,0,0,1,0,0,0,-,0,0,1,-,.000,.000,.000
18,菅野智之,右,.089,24,53,45,1,4,0,0.0,0,0,0,-,4,0,26,2,0,0,6,0,0,0,-,1,0,1,.000,.128,.089,.217
19,山﨑伊織,左,.136,24,53,44,1,6,0,0.0,2,0,0,-,8,4,19,1,0,0,8,0,0,0,-,1,0,0,.308,.156,.182,.337
20,戸郷翔征,右,.051,26,56,39,1,2,0,0.0,0,0,0,-,2,2,21,1,0,0,16,0,0,0,-,1,0,1,.111,.075,.051,.126
26,今村信貴,左,-,7,0,0,0,0,0,-,0,0,0,-,0,0,0,0,0,0,0,0,0,0,-,0,0,0,-,-,-,.000
28,高橋礼,右,.154,11,13,13,1,2,1,50.0,0,0,0,-,2,0,5,0,0,0,0,0,0,0,-,0,0,0,.000,.154,.154,.308
29,グリフィン,左,.100,20,35,30,0,3,0,0.0,2,0,0,-,5,2,11,0,0,0,5,0,0,0,-,0,0,0,.143,.100,.167,.267
31,赤星優志,右,.000,21,16,12,0,0,0,-,0,0,0,-,0,1,3,0,0,0,4,0,0,0,-,0,0,0,.000,.000,.000,.000
33,ケラー,右,-,52,0,0,0,0,0,-,0,0,0,-,0,0,0,0,0,0,0,0,0,0,-,1,0,0,-,-,-,.000
36,馬場皐輔,右,-,1,0,0,0,0,0,-,0,0,0,-,0,0,0,0,0,0,0,0,0,0,-,0,0,0,-,-,-,.000
41,中川皓太,左,-,15,0,0,0,0,0,-,0,0,0,-,0,0,0,0,0,0,0,0,0,0,-,0,0,0,-,-,-,.000
45,畠世周,左,-,1,0,0,0,0,0,-,0,0,0,-,0,0,0,0,0,0,0,0,0,0,-,0,0,0,-,-,-,.000
46,又木鉄平,左,.000,3,1,1,0,0,0,-,0,0,0,-,0,0,1,0,0,0,0,0,0,0,-,0,0,0,.000,.000,.000,.000
48,田中千晴,右,-,3,0,0,0,0,0,-,0,0,0,-,0,0,0,0,0,0,0,0,0,0,-,0,0,0,-,-,-,.000
49,バルドナード,左,-,58,0,0,0,0,0,-,0,0,0,-,0,0,0,0,0,0,0,0,0,0,-,1,0,0,-,-,-,.000
52,伊藤優輔,右,-,8,0,0,0,0,0,-,0,0,0,-,0,0,0,0,0,0,0,0,0,0,-,0,0,0,-,-,-,.000
53,高梨雄平,左,-,51,0,0,0,0,0,-,0,0,0,-,0,0,0,0,0,0,0,0,0,0,-,1,0,0,-,-,-,.000
58,船迫大雅,左,-,51,1,0,0,0,0,-,0,0,0,-,0,1,0,0,0,0,0,1,0,0,-,0,0,0,-,.000,-,.000
62,横川凱,左,.250,12,8,4,0,1,0,0.0,0,0,0,-,1,1,1,0,0,0,4,0,0,0,-,1,0,0,.333,.250,.250,.500
63,泉圭輔,右,-,35,0,0,0,0,0,-,0,0,0,-,0,0,0,0,0,0,0,0,0,0,-,0,0,0,-,-,-,.000
64,大江竜聖,左,-,16,0,0,0,0,0,-,0,0,0,-,0,0,0,0,0,0,0,0,0,0,-,1,0,0,-,-,-,.000
65,メンデス,左,.000,2,1,1,0,0,0,-,0,0,0,-,0,0,1,0,0,0,0,0,0,0,-,1,0,0,-,.000,.000,.000
66,平内龍太,右,-,31,0,0,0,0,0,-,0,0,0,-,0,0,0,0,0,0,0,0,0,0,-,0,0,0,-,-,-,.000
91,堀田賢慎,右,.111,17,11,9,0,1,0,0.0,0,0,0,-,1,0,5,0,0,0,2,0,0,0,-,0,0,0,.000,.111,.111,.222
93,松井颯,右,-,2,0,0,0,0,0,-,0,0,0,-,0,0,0,0,0,0,0,0,0,0,-,0,0,0,-,-,-,.000
97,井上温大,左,.143,25,34,28,1,4,3,75.0,0,0,0,-,4,2,9,1,0,0,5,0,0,0,-,0,0,0,.200,.172,.143,.315
99,京本眞,右,-,4,0,0,0,0,0,-,0,0,0,-,0,0,0,0,0,0,0,0,0,0,-,0,0,0,-,-,-,.000
背番,名前,席,打率,試合,打席,打数,得点,安打,内安,内安率,２Ｂ,３Ｂ,本塁,HR勝敗,塁打,打点,三振,四球,敬遠,死球,犠打,犠飛,盗塁,盗塁死,成功率,失策,捕逸,併殺打,得点圏,出塁率,長打率,OPS
背番,名前,席,打率,試合,打席,打数,得点,安打,内安,内安率,２Ｂ,３Ｂ,本塁,HR勝敗,塁打,打点,三振,四球,敬遠,死球,犠打,犠飛,盗塁,盗塁死,成功率,失策,捕逸,併殺打,得点圏,出塁率,長打率,OPS
合計,.243,143,5343,4696,506,1141,105,9.2%,171,8,103,-,1637,483,1042,436,31,42,137,32,67,16,80.7%,69,7,96,.260,.311,.349,.660
00,赤羽由紘,右,.241,36,65,58,4,14,1,7.1,2,0,2,2-0-0,22,6,16,1,0,1,4,1,4,0,100.0,0,0,0,.188,.262,.379,.642
0,並木秀尊,右,.233,33,49,43,15,10,0,0.0,1,0,1,0-1-0,14,5,7,1,0,0,5,0,10,0,100.0,1,0,4,.273,.250,.326,.576
1,山田哲人,右,.226,110,385,340,38,77,3,3.9,14,1,14,8-5-1,135,39,86,36,1,5,0,4,1,0,100.0,5,0,6,.229,.306,.397,.704
3,西川遥輝,左,.260,113,363,308,43,80,12,15.0,13,2,1,0-1-0,100,24,51,40,1,6,3,6,10,2,83.3,3,0,3,.275,.350,.325,.675
4,丸山和郁,左,.241,96,296,253,30,61,12,19.7,7,1,0,-,70,12,49,24,1,2,17,0,4,2,66.7,3,0,2,.264,.312,.277,.589
5,川端慎吾,左,.224,61,61,58,1,13,3,23.1,0,0,0,-,13,6,9,2,0,1,0,0,0,0,-,0,0,1,.185,.262,.224,.486
7,長岡秀樹,左,.288,143,611,566,63,163,13,8.0,25,1,6,1-4-0,208,58,70,29,2,3,10,3,4,1,80.0,9,0,6,.322,.324,.367,.692
9,塩見泰隆,右,.267,31,113,101,15,27,4,14.8,3,0,3,2-1-0,39,8,16,9,3,2,0,1,3,0,100.0,0,0,1,.235,.336,.386,.722
10,宮本丈,左,.259,60,164,147,12,38,3,7.9,3,0,0,-,41,6,25,11,0,1,4,1,1,0,100.0,0,0,3,.250,.313,.279,.591
13,オスナ,右,.267,141,585,539,54,144,10,6.9,28,0,17,13-2-0,223,72,91,40,3,3,0,3,0,3,0.0,11,0,24,.293,.320,.414,.733
23,青木宣親,左,.229,72,129,118,9,27,2,7.4,5,0,0,-,32,9,17,10,2,0,0,1,2,0,100.0,1,0,7,.162,.287,.271,.558
25,サンタナ,右,.315,122,484,419,57,132,10,7.6,29,0,17,12-5-0,212,70,101,57,1,4,0,4,2,1,66.7,4,0,8,.324,.399,.506,.905
27,中村悠平,右,.237,96,353,291,16,69,4,5.8,9,0,0,-,78,23,54,30,5,4,26,2,0,0,-,2,4,7,.286,.315,.268,.583
30,西田明央,右,.136,24,24,22,0,3,0,0.0,1,0,0,-,4,2,2,1,0,0,0,1,0,0,-,0,0,1,.143,.167,.182,.348
31,山崎晃大朗,左,.133,22,39,30,4,4,0,0.0,0,0,0,-,4,1,13,3,0,0,6,0,1,0,100.0,1,0,0,.143,.212,.133,.345
32,松本直樹,右,.269,60,142,134,5,36,2,5.6,7,0,1,1-0-0,46,11,18,4,0,0,3,1,1,0,100.0,1,2,3,.357,.288,.343,.631
33,内山壮真,右,.192,24,54,52,2,10,0,0.0,1,0,0,-,11,3,13,1,0,1,0,0,1,0,100.0,0,1,2,.286,.222,.212,.434
38,北村拓己,右,.125,48,49,40,2,5,0,0.0,0,0,1,0-1-0,8,4,8,5,0,1,1,2,2,1,66.7,2,0,2,.154,.229,.200,.429
42,澤井廉,左,.160,12,27,25,1,4,1,25.0,0,0,1,1-0-0,7,4,12,0,0,1,1,0,0,0,-,0,0,0,.333,.192,.280,.472
46,太田賢吾,左,.204,18,50,49,5,10,1,10.0,1,1,0,-,13,5,14,1,0,0,0,0,0,0,-,1,0,0,.182,.220,.265,.485
51,濱田太貴,右,.077,10,28,26,0,2,2,100.0,0,0,0,-,2,1,8,1,0,0,1,0,0,0,-,0,0,1,.167,.111,.077,.188
55,村上宗隆,左,.244,143,610,500,82,122,11,9.0,13,1,33,21-9-1,236,86,180,105,9,4,0,1,10,5,66.7,15,0,6,.273,.379,.472,.851
59,小森航大郎,右,.000,4,5,5,0,0,0,-,0,0,0,-,0,0,0,0,0,0,0,0,0,0,-,1,0,0,.000,.000,.000,.000
60,武岡龍世,左,.177,76,147,130,16,23,3,13.0,2,1,3,1-2-0,36,9,33,10,1,0,6,1,1,0,100.0,1,0,2,.231,.234,.277,.511
63,増田珠,右,.207,52,102,92,8,19,1,5.3,4,0,2,1-1-0,29,6,22,5,0,1,4,0,0,1,0.0,0,0,2,.250,.255,.315,.570
64,岩田幸宏,左,.228,81,140,123,19,28,5,17.9,2,0,1,1-0-0,33,7,22,6,2,2,9,0,10,0,100.0,0,0,2,.263,.275,.268,.543
65,鈴木叶,右,.500,2,4,4,0,2,0,0.0,0,0,0,-,2,2,1,0,0,0,0,0,0,0,-,0,0,0,.500,.500,.500,1.000
67,伊藤琉偉,右,.000,6,1,1,0,0,0,-,0,0,0,-,0,0,1,0,0,0,0,0,0,0,-,0,0,0,.000,.000,.000,.000
93,橋本星哉,左,.000,1,1,1,0,0,0,-,0,0,0,-,0,0,1,0,0,0,0,0,0,0,-,0,0,0,.000,.000,.000,.000
投手打撃成績
12,石山泰稚,右,-,37,0,0,0,0,0,-,0,0,0,-,0,0,0,0,0,0,0,0,0,0,-,0,0,0,-,-,-,.000
16,原樹理,右,-,7,0,0,0,0,0,-,0,0,0,-,0,0,0,0,0,0,0,0,0,0,-,0,0,0,-,-,-,.000
17,清水昇,左,-,17,0,0,0,0,0,-,0,0,0,-,0,0,0,0,0,0,0,0,0,0,-,0,0,0,-,-,-,.000
18,奥川恭伸,右,.000,7,10,9,0,0,0,-,0,0,0,-,0,0,5,0,0,0,1,0,0,0,-,0,0,0,.000,.000,.000,.000
19,石川雅規,左,.111,9,12,9,0,1,0,0.0,0,0,0,-,1,0,4,0,0,0,3,0,0,0,-,1,0,0,.000,.111,.111,.222
20,木澤尚文,右,-,55,0,0,0,0,0,-,0,0,0,-,0,0,0,0,0,0,0,0,0,0,-,0,0,0,-,-,-,.000
21,吉村貢司郎,右,.048,23,48,42,1,2,0,0.0,0,0,0,-,2,0,19,2,0,0,4,0,0,0,-,0,0,1,.000,.091,.048,.139
24,星知弥,右,-,36,0,0,0,0,0,-,0,0,0,-,0,0,0,0,0,0,0,0,0,0,-,0,0,0,-,-,-,.000
26,山野太一,左,.000,14,14,10,0,0,0,-,0,0,0,-,0,1,5,0,0,0,4,0,0,0,-,1,0,0,.000,.000,.000,.000
28,松本健吾,右,.000,3,4,3,0,0,0,-,0,0,0,-,0,0,3,0,0,0,1,0,0,0,-,0,0,0,-,.000,.000,.000
29,小川泰弘,右,.167,12,25,18,1,3,0,0.0,0,0,0,-,3,2,5,1,0,0,6,0,0,0,-,0,0,1,.000,.211,.167,.377
34,田口麗斗,左,-,41,0,0,0,0,0,-,0,0,0,-,0,0,0,0,0,0,0,0,0,0,-,1,0,0,-,-,-,.000
35,石原勇輝,左,-,1,0,0,0,0,0,-,0,0,0,-,0,0,0,0,0,0,0,0,0,0,-,0,0,0,-,-,-,.000
37,ロドリゲス,右,.000,32,2,1,0,0,0,-,0,0,0,-,0,0,1,0,0,0,1,0,0,0,-,0,0,0,-,.000,.000,.000
39,エスパーダ,右,-,24,0,0,0,0,0,-,0,0,0,-,0,0,0,0,0,0,0,0,0,0,-,1,0,0,-,-,-,.000
40,高梨裕稔,右,.000,8,10,9,0,0,0,-,0,0,0,-,0,0,5,0,0,0,1,0,0,0,-,0,0,0,.000,.000,.000,.000
41,柴田大地,右,-,1,0,0,0,0,0,-,0,0,0,-,0,0,0,0,0,0,0,0,0,0,-,0,0,0,-,-,-,.000
43,山本大貴,左,-,44,0,0,0,0,0,-,0,0,0,-,0,0,0,0,0,0,0,0,0,0,-,0,0,0,-,-,-,.000
44,大西広樹,右,.000,60,1,1,0,0,0,-,0,0,0,-,0,0,1,0,0,0,0,0,0,0,-,1,0,0,.000,.000,.000,.000
45,小澤怜史,左,.154,40,15,13,0,2,0,0.0,0,0,0,-,2,0,4,0,0,0,2,0,0,0,-,0,0,0,.000,.154,.154,.308
47,高橋奎二,左,.158,21,40,38,2,6,2,33.3,0,0,0,-,6,0,16,1,0,0,1,0,0,0,-,0,0,0,.111,.179,.158,.337
48,金久保優斗,左,.000,5,1,1,0,0,0,-,0,0,0,-,0,0,1,0,0,0,0,0,0,0,-,0,0,0,-,.000,.000,.000
49,嘉弥真新也,左,-,9,0,0,0,0,0,-,0,0,0,-,0,0,0,0,0,0,0,0,0,0,-,0,0,0,-,-,-,.000
52,尾仲祐哉,左,-,1,0,0,0,0,0,-,0,0,0,-,0,0,0,0,0,0,0,0,0,0,-,0,0,0,-,-,-,.000
53,長谷川宙輝,左,.000,19,1,1,0,0,0,-,0,0,0,-,0,0,1,0,0,0,0,0,0,0,-,0,0,0,.000,.000,.000,.000
54,サイスニード,右,.107,24,36,28,1,3,0,0.0,1,0,0,-,4,1,12,0,0,0,8,0,0,0,-,1,0,0,.125,.107,.143,.250
58,阪口皓亮,左,.000,2,3,2,0,0,0,-,0,0,0,-,0,0,2,0,0,0,1,0,0,0,-,0,0,0,.000,.000,.000,.000
61,宮川哲,右,-,4,0,0,0,0,0,-,0,0,0,-,0,0,0,0,0,0,0,0,0,0,-,0,0,0,-,-,-,.000
68,丸山翔大,左,-,27,0,0,0,0,0,-,0,0,0,-,0,0,0,0,0,0,0,0,0,0,-,0,0,0,-,-,-,.000
69,今野龍太,右,-,6,0,0,0,0,0,-,0,0,0,-,0,0,0,0,0,0,0,0,0,0,-,0,0,0,-,-,-,.000
99,ヤフーレ,両,.028,23,40,36,0,1,0,0.0,0,0,0,-,1,0,18,0,0,0,4,0,0,0,-,2,0,1,.000,.028,.028,.056
背番,名前,席,打率,試合,打席,打数,得点,安打,内安,内安率,２Ｂ,３Ｂ,本塁,HR勝敗,塁打,打点,三振,四球,敬遠,死球,犠打,犠飛,盗塁,盗塁死,成功率,失策,捕逸,併殺打,得点圏,出塁率,長打率,OPS
背番,名前,席,打率,試合,打席,打数,得点,安打,内安,内安率,２Ｂ,３Ｂ,本塁,HR勝敗,塁打,打点,三振,四球,敬遠,死球,犠打,犠飛,盗塁,盗塁死,成功率,失策,捕逸,併殺打,得点圏,出塁率,長打率,OPS
合計,.243,143,5277,4796,373,1166,129,11.1%,178,18,68,-,1584,358,1046,322,24,25,113,21,40,27,59.7%,68,4,106,.226,.293,.330,.623
00,尾田剛樹,左,.000,65,12,11,8,0,0,-,0,0,0,-,0,0,4,0,0,0,1,0,4,5,44.4,0,0,0,.000,.000,.000,.000
1,岡林勇希,左,.256,123,460,425,34,109,13,11.9,10,3,0,-,125,12,62,29,2,0,6,0,10,7,58.8,0,0,2,.187,.304,.294,.598
2,田中幹也,右,.224,112,343,313,26,70,4,5.7,8,2,2,1-0-1,88,23,46,20,1,0,10,0,5,1,83.3,4,0,3,.250,.270,.281,.551
3,高橋周平,左,.260,60,190,173,8,45,5,11.1,6,0,2,1-1-0,57,16,40,13,2,1,3,0,0,1,0.0,9,0,7,.318,.316,.329,.645
4,鵜飼航丞,右,.185,12,27,27,1,5,0,0.0,2,0,0,-,7,3,10,0,0,0,0,0,0,0,-,0,0,1,.167,.185,.259,.444
5,村松開人,左,.275,109,418,371,35,102,18,17.6,14,3,1,1-0-0,125,25,81,26,1,4,14,3,3,4,42.9,5,0,7,.195,.327,.337,.664
6,中田翔,右,.217,62,225,212,15,46,5,10.9,10,0,4,0-4-0,68,21,34,9,2,1,0,3,0,0,-,1,0,9,.190,.249,.321,.570
7,根尾昂,左,.500,3,2,2,0,1,0,0.0,1,0,0,-,2,1,1,0,0,0,0,0,0,0,-,1,0,0,-,.500,1.000,1.500
8,大島洋平,左,.198,75,125,116,7,23,3,13.0,6,0,0,-,29,5,11,9,1,0,0,0,1,1,50.0,0,0,0,.235,.256,.250,.506
9,中島宏之,右,.000,15,15,13,0,0,0,-,0,0,0,-,0,1,7,0,0,2,0,0,0,0,-,0,0,1,.000,.133,.000,.133
25,石川昂弥,右,.272,82,275,254,17,69,6,8.7,16,0,4,1-3-0,97,25,37,17,0,2,0,2,0,0,-,1,0,9,.241,.320,.382,.702
29,辻本倫太郎,右,.167,13,20,18,0,3,0,0.0,0,0,0,-,3,0,0,1,1,0,1,0,0,0,-,3,0,1,.000,.211,.167,.377
30,三好大倫,左,.220,37,90,82,6,18,2,11.1,2,1,0,-,22,4,22,5,0,1,1,1,0,0,-,1,0,2,.125,.270,.268,.538
32,石垣雅海,右,.200,9,10,10,0,2,0,0.0,1,0,0,-,3,0,0,0,0,0,0,0,1,0,100.0,0,0,0,-,.200,.300,.500
35,木下拓哉,右,.228,74,203,180,11,41,5,12.2,4,0,3,3-0-0,54,9,26,9,0,0,14,0,0,0,-,1,2,9,.167,.265,.300,.565
39,宇佐見真吾,左,.303,61,164,152,7,46,2,4.3,8,0,3,3-0-0,63,17,38,9,0,0,1,2,0,0,-,1,2,5,.344,.337,.414,.752
42,ブライト健太,右,.239,35,51,46,3,11,1,9.1,0,0,2,1-1-0,17,3,16,5,0,0,0,0,0,0,-,0,0,0,.111,.314,.370,.683
43,味谷大誠,左,.000,3,1,1,0,0,0,-,0,0,0,-,0,0,0,0,0,0,0,0,0,0,-,0,0,0,.000,.000,.000,.000
44,川越誠司,左,.268,27,75,71,4,19,3,15.8,3,0,2,2-0-0,28,7,17,4,0,0,0,0,0,0,-,1,0,2,.200,.307,.394,.701
45,龍空,左,.159,17,45,44,1,7,0,0.0,1,0,0,-,8,2,11,1,0,0,0,0,1,0,100.0,0,0,0,.429,.178,.182,.360
49,加藤匠馬,右,.171,86,133,123,5,21,0,0.0,3,2,0,-,28,5,41,2,0,0,8,0,0,0,-,1,0,4,.139,.184,.228,.412
51,上林誠知,左,.191,46,102,94,6,18,6,33.3,1,1,1,0-1-0,24,3,22,7,1,0,1,0,0,0,-,0,0,0,.188,.248,.255,.503
53,後藤駿太,左,.125,29,35,32,1,4,0,0.0,0,0,0,-,4,1,9,2,0,0,1,0,0,0,-,0,0,0,.000,.176,.125,.301
55,細川成也,右,.292,143,600,534,59,156,13,8.3,30,0,23,15-7-1,255,67,159,60,3,5,0,1,0,1,0.0,4,0,13,.282,.368,.478,.846
57,山浅龍之介,左,-,3,0,0,0,0,0,-,0,0,0,-,0,0,0,0,0,0,0,0,0,0,-,0,0,0,-,-,-,.000
58,石橋康太,右,.208,11,29,24,1,5,0,0.0,2,0,0,-,7,3,7,1,1,0,3,1,0,0,-,1,0,1,.125,.231,.292,.522
60,山本泰寛,右,.250,79,179,156,14,39,2,5.1,3,0,1,0-1-0,45,9,33,15,0,0,6,2,1,1,50.0,5,0,1,.278,.312,.288,.601
63,板山祐太郎,左,.236,65,194,178,11,42,6,14.3,4,3,3,1-2-0,61,13,36,14,2,0,1,1,1,1,50.0,2,0,9,.211,.290,.343,.633
66,ビシエド,右,.209,15,46,43,2,9,0,0.0,1,0,1,1-0-0,13,2,3,2,1,1,0,0,0,0,-,0,0,3,.154,.261,.302,.563
68,福永裕基,右,.306,111,402,363,40,111,20,18.0,22,2,6,3-3-0,155,32,82,27,1,6,4,2,9,3,75.0,6,0,4,.318,.362,.427,.789
94,ディカーソン,左,.205,32,102,88,9,18,0,0.0,4,0,3,3-0-0,31,5,19,12,2,2,0,0,1,0,100.0,0,0,2,.043,.314,.352,.666
95,ロドリゲス,右,.130,23,59,54,3,7,2,28.6,0,0,0,-,7,1,16,2,0,0,3,0,0,0,-,4,0,0,.167,.161,.130,.290
97,樋口正修,左,.000,6,1,1,0,0,0,-,0,0,0,-,0,0,1,0,0,0,0,0,1,0,100.0,0,0,0,-,.000,.000,.000
99,カリステ,右,.261,114,393,372,30,97,9,9.3,11,1,7,3-4-0,131,36,67,15,3,0,3,3,2,2,50.0,8,0,9,.286,.287,.352,.639
投手打撃成績
11,小笠原慎之介,左,.083,24,44,36,0,3,0,0.0,0,0,0,-,3,0,17,1,0,0,7,0,0,0,-,0,0,0,.000,.108,.083,.191
12,田島慎二,右,-,2,0,0,0,0,0,-,0,0,0,-,0,0,0,0,0,0,0,0,0,0,-,0,0,0,-,-,-,.000
13,橋本侑樹,左,.000,47,3,3,0,0,0,-,0,0,0,-,0,0,3,0,0,0,0,0,0,0,-,1,0,0,.000,.000,.000,.000
16,岩嵜翔,右,-,21,0,0,0,0,0,-,0,0,0,-,0,0,0,0,0,0,0,0,0,0,-,0,0,0,-,-,-,.000
17,柳裕也,右,.200,13,24,20,1,4,1,25.0,2,0,0,-,6,0,8,1,0,0,3,0,0,0,-,0,0,0,.250,.238,.300,.538
18,梅津晃大,右,.111,14,19,18,1,2,0,0.0,0,0,0,-,2,0,9,0,0,0,1,0,0,0,-,0,0,0,.000,.111,.111,.222
19,髙橋宏斗,右,.077,21,46,39,4,3,2,66.7,1,0,0,-,4,1,13,1,0,0,6,0,0,0,-,2,0,0,.091,.100,.103,.203
20,涌井秀章,右,.045,16,24,22,1,1,0,0.0,1,0,0,-,2,0,9,1,0,0,1,0,0,0,-,1,0,1,.000,.087,.091,.178
22,大野雄大,左,.083,9,15,12,1,1,0,0.0,0,0,0,-,1,1,7,1,0,0,2,0,0,0,-,2,0,0,.167,.154,.083,.237
24,福谷浩司,右,.222,8,10,9,0,2,0,0.0,1,0,0,-,3,2,1,0,0,0,1,0,0,0,-,0,0,1,.250,.222,.333,.556
31,仲地礼亜,右,-,1,0,0,0,0,0,-,0,0,0,-,0,0,0,0,0,0,0,0,0,0,-,0,0,0,-,-,-,.000
33,祖父江大輔,左,-,28,0,0,0,0,0,-,0,0,0,-,0,0,0,0,0,0,0,0,0,0,-,1,0,0,-,-,-,.000
34,福敬登,左,.000,13,1,1,0,0,0,-,0,0,0,-,0,0,1,0,0,0,0,0,0,0,-,0,0,0,-,.000,.000,.000
38,松葉貴大,左,.208,17,30,24,1,5,1,20.0,0,0,0,-,5,2,8,0,0,0,6,0,0,0,-,0,0,0,.600,.208,.208,.417
41,勝野昌慶,右,-,39,0,0,0,0,0,-,0,0,0,-,0,0,0,0,0,0,0,0,0,0,-,1,0,0,-,-,-,.000
46,梅野雄吾,右,-,18,0,0,0,0,0,-,0,0,0,-,0,0,0,0,0,0,0,0,0,0,-,0,0,0,-,-,-,.000
48,土生翔太,右,.000,7,3,3,0,0,0,-,0,0,0,-,0,0,1,0,0,0,0,0,0,0,-,0,0,0,-,.000,.000,.000
50,清水達也,右,-,60,0,0,0,0,0,-,0,0,0,-,0,0,0,0,0,0,0,0,0,0,-,0,0,0,-,-,-,.000
54,藤嶋健人,右,1.000,50,1,1,0,1,0,0.0,0,0,0,-,1,1,0,0,0,0,0,0,0,0,-,0,0,0,1.000,1.000,1.000,2.000
59,齋藤綱記,左,-,56,0,0,0,0,0,-,0,0,0,-,0,0,0,0,0,0,0,0,0,0,-,0,0,0,-,-,-,.000
69,松木平優太,右,.000,8,14,14,0,0,0,-,0,0,0,-,0,0,6,0,0,0,0,0,0,0,-,0,0,0,.000,.000,.000,.000
90,松山晋也,右,-,59,0,0,0,0,0,-,0,0,0,-,0,0,0,0,0,0,0,0,0,0,-,0,0,0,-,-,-,.000
91,メヒア,右,.000,15,17,11,0,0,0,-,0,0,0,-,0,0,5,1,0,0,5,0,0,0,-,1,0,0,.000,.083,.000,.083
92,マルティネス,左,-,60,0,0,0,0,0,-,0,0,0,-,0,0,0,0,0,0,0,0,0,0,-,0,0,0,-,-,-,.000
93,フェリス,右,-,17,0,0,0,0,0,-,0,0,0,-,0,0,0,0,0,0,0,0,0,0,-,0,0,0,-,-,-,.000
背番,名前,席,打率,試合,打席,打数,得点,安打,内安,内安率,２Ｂ,３Ｂ,本塁,HR勝敗,塁打,打点,三振,四球,敬遠,死球,犠打,犠飛,盗塁,盗塁死,成功率,失策,捕逸,併殺打,得点圏,出塁率,長打率,OPS
