No,Player Name,Height,Weight,Team ID,player_id
00,林琢真,174cm,74kg,3,2025_3_00
1,桑原将志,174cm,80kg,3,2025_3_1
2,牧秀悟,178cm,97kg,3,2025_3_2
3,オースティン,188cm,100kg,3,2025_3_3
4,度会隆輝,183cm,83kg,3,2025_3_4
5,松尾汐恩,178cm,82kg,3,2025_3_5
6,森敬斗,177cm,80kg,3,2025_3_6
7,佐野恵太,178cm,88kg,3,2025_3_7
8,神里和毅,179cm,86kg,3,2025_3_8
9,京田陽太,184cm,90kg,3,2025_3_9
10,戸柱恭孝,179cm,90kg,3,2025_3_10
11,東克樹,170cm,80kg,3,2025_3_11
12,竹田祐,184cm,96kg,3,2025_3_12
13,伊勢大夢,183cm,94kg,3,2025_3_13
14,石田健大,180cm,85kg,3,2025_3_14
15,徳山壮磨,183cm,87kg,3,2025_3_15
16,大貫晋一,181cm,76kg,3,2025_3_16
17,三嶋一輝,175cm,80kg,3,2025_3_17
18,小園健太,185cm,90kg,3,2025_3_18
19,山﨑康晃,179cm,88kg,3,2025_3_19
20,坂本裕哉,180cm,87kg,3,2025_3_20
22,入江大生,187cm,90kg,3,2025_3_22
24,吉野光樹,176cm,80kg,3,2025_3_24
25,筒香嘉智,185cm,97kg,3,2025_3_25
26,三森大貴,186cm,76kg,3,2025_3_26
28,勝又温史,180cm,90kg,3,2025_3_28
29,伊藤光,180cm,88kg,3,2025_3_29
30,篠木健太郎,177cm,80kg,3,2025_3_30
31,柴田竜拓,167cm,68kg,3,2025_3_31
32,益子京右,176cm,95kg,3,2025_3_32
33,武田陸玖,173cm,78kg,3,2025_3_33
34,松本凌人,185cm,92kg,3,2025_3_34
035,橋本達弥,181cm,84kg,3,2025_3_035
36,森下瑠大,180cm,75kg,3,2025_3_36
37,加藤響,180cm,85kg,3,2025_3_37
38,森唯斗,175cm,91kg,3,2025_3_38
39,若松尚輝,184cm,93kg,3,2025_3_39
40,松本隆之介,188cm,94kg,3,2025_3_40
41,佐々木千隼,181cm,83kg,3,2025_3_41
42,ジャクソン,190cm,95kg,3,2025_3_42
043,深沢鳳介,177cm,80kg,3,2025_3_043
44,石上泰輝,172cm,85kg,3,2025_3_44
45,森原康平,185cm,88kg,3,2025_3_45
46,坂口翔颯,180cm,80kg,3,2025_3_46
48,京山将弥,183cm,80kg,3,2025_3_48
50,山本祐大,180cm,87kg,3,2025_3_50
51,宮﨑敏郎,172cm,85kg,3,2025_3_51
52,浜地真澄,185cm,88kg,3,2025_3_52
53,颯,184cm,80kg,3,2025_3_53
54,石田裕太郎,180cm,74kg,3,2025_3_54
55,井上絢登,178cm,90kg,3,2025_3_55
56,田内真翔,177cm,79kg,3,2025_3_56
57,東妻純平,174cm,83kg,3,2025_3_57
58,梶原昂希,189cm,90kg,3,2025_3_58
59,平良拳太郎,180cm,80kg,2,2025_2_59
60,知野直人,182cm,85kg,2,2025_2_60
61,蝦名達夫,185cm,88kg,2,2025_2_61
62,ウィック,190cm,106kg,2,2025_2_62
63,関根大気,173cm,78kg,2,2025_2_63
64,中川虎大,178cm,85kg,2,2025_2_64
65,宮城滝太,181cm,80kg,2,2025_2_65
68,岩田将貴,178cm,81kg,2,2025_2_68
69,ケイ,183cm,102kg,2,2025_2_69
91,庄司陽斗,184cm,93kg,2,2025_2_91
92,堀岡隼人,183cm,87kg,2,2025_2_92
93,ディアス,191cm,93kg,2,2025_2_93
95,九鬼隆平,180cm,85kg,2,2025_2_95
96,バウアー,185cm,92kg,2,2025_2_96
100,蓮,183cm,92kg,2,2025_2_100
101,草野陽斗,175cm,87kg,2,2025_2_101
102,清水麻成,187cm,84kg,2,2025_2_102
103,金渕光希,183cm,87kg,2,2025_2_103
107,マルセリーノ,191cm,82kg,2,2025_2_107
108,今野瑠斗,182cm,93kg,2,2025_2_108
111,吉岡暖,182cm,88kg,4,2025_4_111
125,小笠原蒼,180cm,96kg,4,2025_4_125
127,上甲凌大,184cm,90kg,4,2025_4_127
129,西巻賢二,167cm,70kg,4,2025_4_129
130,近藤大雅,174cm,87kg,4,2025_4_130
133,粟飯原龍之介,180cm,85kg,4,2025_4_133
155,小針大輝,191cm,94kg,4,2025_4_155
193,高見澤郁魅,183cm,85kg,1,2025_1_193
199,笠谷俊介,173cm,74kg,1,2025_1_199
00,湯浅大,172cm,73kg,3,2025_3_00
0,増田大輝,172cm,68kg,3,2025_3_0
001,菊地大稀,186cm,89kg,3,2025_3_001
002,中田歩夢,172cm,77kg,3,2025_3_002
2,吉川尚輝,177cm,82kg,3,2025_3_2
003,鈴木大和,173cm,73kg,3,2025_3_003
004,村山源,179cm,66kg,3,2025_3_004
5,門脇誠,171cm,76kg,3,2025_3_5
005,田上優弥,180cm,90kg,3,2025_3_005
6,坂本勇人,186cm,86kg,3,2025_3_6
006,坂本勇人,177cm,84kg,3,2025_3_006
007,宇都宮葵星,175cm,70kg,3,2025_3_007
7,長野久義,180cm,85kg,3,2025_3_7
8,丸佳浩,177cm,94kg,3,2025_3_8
008,相澤白虎,178cm,84kg,3,2025_3_008
010,大津綾也,175cm,77kg,3,2025_3_010
10,甲斐拓也,170cm,87kg,3,2025_3_10
11,田中将大,188cm,97kg,3,2025_3_11
011,山田龍聖,183cm,82kg,3,2025_3_011
012,三浦克也,179cm,80kg,3,2025_3_012
12,萩尾匡也,180cm,85kg,3,2025_3_12
013,ティマ,194cm,106kg,3,2025_3_013
13,キャベッジ,188cm,92kg,3,2025_3_13
014,堀江正太郎,187cm,88kg,3,2025_3_014
015,鈴木圭晋,183cm,85kg,3,2025_3_015
15,大勢,183cm,90kg,3,2025_3_15
016,千葉隆広,174cm,82kg,3,2025_3_016
17,西舘勇陽,185cm,79kg,3,2025_3_17
018,木下幹也,185cm,92kg,3,2025_3_018
19,山﨑伊織,181cm,81kg,3,2025_3_19
019,園田純規,184cm,75kg,3,2025_3_019
20,戸郷翔征,187cm,85kg,3,2025_3_20
021,松井颯,178cm,83kg,3,2025_3_021
022,亀田啓太,185cm,97kg,3,2025_3_022
22,小林誠司,178cm,86kg,3,2025_3_22
023,田村朋輝,184cm,86kg,3,2025_3_023
23,石塚裕惺,182cm,84kg,3,2025_3_23
24,大城卓三,187cm,95kg,3,2025_3_24
024,坂本達也,173cm,76kg,3,2025_3_024
25,岡本和真,186cm,100kg,3,2025_3_25
025,竹下徠空,183cm,98kg,3,2025_3_025
26,今村信貴,180cm,90kg,3,2025_3_26
026,吉村優聖歩,181cm,84kg,3,2025_3_026
027,北村流音,174cm,78kg,3,2025_3_027
27,岸田行倫,176cm,88kg,3,2025_3_27
28,高橋礼,187cm,90kg,3,2025_3_28
028,富田龍,179cm,78kg,3,2025_3_028
029,西川歩,169cm,76kg,3,2025_3_029
29,グリフィン,190cm,102kg,3,2025_3_29
030,吹田志道,188cm,84kg,3,2025_3_030
30,近藤大亮,177cm,80kg,3,2025_3_30
031,三塚琉生,182cm,93kg,3,2025_3_031
31,赤星優志,175cm,82kg,3,2025_3_31
32,浦田俊輔,171cm,67kg,3,2025_3_32
033,平山功太,185cm,82kg,3,2025_3_033
33,ケラー,193cm,92kg,3,2025_3_33
034,森本哲星,175cm,77kg,3,2025_3_034
035,ルシアーノ,190cm,95kg,3,2025_3_035
35,泉口友汰,178cm,84kg,3,2025_3_35
36,馬場皐輔,180cm,97kg,3,2025_3_36
037,フルプ,193cm,99kg,3,2025_3_037
37,郡拓也,179cm,88kg,3,2025_3_37
38,岡田悠希,184cm,86kg,3,2025_3_38
40,中山礼都,182cm,82kg,3,2025_3_40
041,黄錦豪,184cm,77kg,3,2025_3_041
41,中川皓太,183cm,86kg,3,2025_3_41
42,ヘルナンデス,185cm,89kg,3,2025_3_42
43,重信慎之介,173cm,74kg,3,2025_3_43
44,佐々木俊輔,174cm,80kg,3,2025_3_44
044,大城元,181cm,81kg,3,2025_3_044
45,田中瑛斗,184cm,84kg,3,2025_3_45
46,又木鉄平,182cm,92kg,3,2025_3_46
047,鴨打瑛二,195cm,100kg,3,2025_3_047
47,森田駿哉,185cm,88kg,3,2025_3_47
48,田中千晴,189cm,85kg,3,2025_3_48
49,バルドナード,196cm,122kg,3,2025_3_49
50,オコエ瑠偉,185cm,100kg,3,2025_3_50
051,舟越秀虎,182cm,71kg,3,2025_3_051
51,浅野翔吾,171cm,86kg,3,2025_3_51
53,高梨雄平,175cm,86kg,3,2025_3_53
054,直江大輔,185cm,87kg,3,2025_3_054
55,秋広優人,200cm,100kg,3,2025_3_55
57,宮原駿介,174cm,85kg,3,2025_3_57
58,船迫大雅,174cm,80kg,3,2025_3_58
59,若林楽人,177cm,83kg,2,2025_2_59
60,荒巻悠,184cm,93kg,2,2025_2_60
61,増田陸,179cm,88kg,2,2025_2_61
62,横川凱,190cm,98kg,2,2025_2_62
63,泉圭輔,188cm,82kg,2,2025_2_63
063,花田侑樹,181cm,74kg,2,2025_2_063
64,大江竜聖,173cm,82kg,2,2025_2_64
65,石川達也,178cm,75kg,2,2025_2_65
66,平内龍太,185cm,99kg,2,2025_2_66
67,山瀬慎之助,177cm,89kg,2,2025_2_67
068,代木大和,184cm,93kg,2,2025_2_068
69,笹原操希,180cm,86kg,2,2025_2_69
077,石田隼都,183cm,85kg,2,2025_2_077
90,石田充冴,192cm,87kg,2,2025_2_90
91,堀田賢慎,186cm,88kg,2,2025_2_91
92,マルティネス,193cm,93kg,2,2025_2_92
94,喜多隆介,179cm,93kg,2,2025_2_94
95,戸田懐生,170cm,75kg,2,2025_2_95
97,井上温大,175cm,85kg,2,2025_2_97
99,京本眞,189cm,88kg,2,2025_2_99
00,ゲラ,183cm,85kg,3,2025_3_00
0,木浪聖也,179cm,81kg,3,2025_3_0
1,森下翔太,182cm,93kg,3,2025_3_1
2,梅野隆太郎,173cm,77kg,3,2025_3_2
3,大山悠輔,181cm,95kg,3,2025_3_3
4,熊谷敬宥,175cm,68kg,3,2025_3_4
5,近本光司,171cm,70kg,3,2025_3_5
8,佐藤輝明,187cm,95kg,3,2025_3_8
12,坂本誠志郎,176cm,79kg,3,2025_3_12
13,岩崎優,185cm,92kg,3,2025_3_13
14,岩貞祐太,183cm,87kg,3,2025_3_14
15,西純矢,184cm,98kg,3,2025_3_15
16,西勇輝,181cm,83kg,3,2025_3_16
18,伊原陵人,170cm,77kg,3,2025_3_18
19,下村海翔,174cm,69kg,3,2025_3_19
20,デュプランティエ,193cm,103kg,3,2025_3_20
24,工藤泰成,177cm,82kg,3,2025_3_24
25,渡邉諒,178cm,86kg,3,2025_3_25
26,椎葉剛,183cm,89kg,3,2025_3_26
27,伊藤将司,179cm,88kg,3,2025_3_27
28,今朝丸裕喜,187cm,77kg,3,2025_3_28
29,髙橋遥人,181cm,81kg,3,2025_3_29
30,門別啓人,183cm,88kg,3,2025_3_30
32,井上広大,189cm,100kg,3,2025_3_32
33,糸原健斗,175cm,81kg,3,2025_3_33
34,漆原大晟,182cm,84kg,3,2025_3_34
35,才木浩人,189cm,92kg,3,2025_3_35
36,畠世周,186cm,82kg,3,2025_3_36
37,及川雅貴,184cm,84kg,3,2025_3_37
38,小幡竜平,184cm,78kg,3,2025_3_38
39,榮枝裕貴,180cm,86kg,3,2025_3_39
40,井坪陽生,177cm,83kg,3,2025_3_40
41,村上頌樹,175cm,83kg,3,2025_3_41
42,ネルソン,185cm,92kg,3,2025_3_42
43,町田隼乙,186cm,88kg,3,2025_3_43
44,戸井零士,181cm,79kg,3,2025_3_44
45,佐野大陽,178cm,81kg,3,2025_3_45
46,島本浩也,176cm,73kg,3,2025_3_46
47,桐敷拓馬,179cm,93kg,3,2025_3_47
48,茨木秀俊,183cm,87kg,3,2025_3_48
49,大竹耕太郎,184cm,86kg,3,2025_3_49
50,富田蓮,176cm,76kg,3,2025_3_50
51,中野拓夢,172cm,67kg,3,2025_3_51
52,山田脩也,177cm,70kg,3,2025_3_52
53,島田海吏,176cm,74kg,3,2025_3_53
54,木下里都,183cm,90kg,3,2025_3_54
55,楠本泰史,180cm,85kg,3,2025_3_55
56,百﨑蒼生,179cm,74kg,3,2025_3_56
57,長坂拳弥,173cm,80kg,3,2025_3_57
58,前川右京,176cm,86kg,3,2025_3_58
59,藤田健斗,173cm,78kg,2,2025_2_59
60,小野寺暖,183cm,82kg,2,2025_2_60
61,豊田寛,178cm,86kg,2,2025_2_61
62,植田海,175cm,70kg,2,2025_2_62
63,石黒佑弥,180cm,85kg,2,2025_2_63
64,岡留英貴,181cm,95kg,2,2025_2_64
65,湯浅京己,183cm,82kg,2,2025_2_65
66,津田淳哉,179cm,81kg,2,2025_2_66
67,髙寺望夢,178cm,76kg,2,2025_2_67
68,中川勇斗,172cm,75kg,2,2025_2_68
69,石井大智,175cm,80kg,2,2025_2_69
92,川原陸,186cm,92kg,2,2025_2_92
94,原口文仁,182cm,97kg,2,2025_2_94
95,ヘルナンデス,193cm,102kg,2,2025_2_95
97,野口恭佑,180cm,87kg,2,2025_2_97
98,佐藤蓮,189cm,105kg,2,2025_2_98
99,ビーズリー,191cm,102kg,2,2025_2_99
120,森木大智,184cm,94kg,4,2025_4_120
121,鈴木勇斗,174cm,86kg,4,2025_4_121
122,小川一平,183cm,84kg,4,2025_4_122
123,松原快,180cm,91kg,4,2025_4_123
125,伊藤稜,178cm,85kg,4,2025_4_125
126,福島圭音,171cm,70kg,4,2025_4_126
128,嶋村麟士朗,177cm,90kg,4,2025_4_128
129,早川太貴,185cm,95kg,4,2025_4_129
130,川﨑俊哲,174cm,82kg,4,2025_4_130
131,ベタンセス,185cm,101kg,4,2025_4_131
132,マルティネス,190cm,94kg,4,2025_4_132
133,アルナエス,176cm,85kg,4,2025_4_133
134,コンスエグラ,190cm,93kg,4,2025_4_134
0,上本崇司,170cm,76kg,3,2025_3_0
00,羽月隆太郎,168cm,73kg,3,2025_3_00
2,田中広輔,171cm,85kg,3,2025_3_2
4,矢野雅哉,171cm,72kg,3,2025_3_4
5,小園海斗,178cm,91kg,3,2025_3_5
7,堂林翔太,184cm,96kg,3,2025_3_7
9,秋山翔吾,184cm,86kg,3,2025_3_9
10,佐々木泰,178cm,84kg,3,2025_3_10
12,大道温貴,180cm,91kg,3,2025_3_12
13,森浦大輔,175cm,78kg,3,2025_3_13
14,大瀬良大地,188cm,94kg,3,2025_3_14
16,森翔平,177cm,86kg,3,2025_3_16
17,常廣羽也斗,180cm,79kg,3,2025_3_17
18,森下暢仁,181cm,81kg,3,2025_3_18
19,床田寛樹,181cm,97kg,3,2025_3_19
20,栗林良吏,177cm,88kg,3,2025_3_20
21,中﨑翔太,187cm,100kg,3,2025_3_21
22,髙太一,179cm,89kg,3,2025_3_22
24,黒原拓未,173cm,82kg,3,2025_3_24
26,益田武尚,174cm,86kg,3,2025_3_26
27,會澤翼,175cm,95kg,3,2025_3_27
28,佐藤柳之介,179cm,87kg,3,2025_3_28
29,ケムナ誠,190cm,96kg,3,2025_3_29
30,滝田一希,183cm,84kg,3,2025_3_30
31,坂倉将吾,177cm,91kg,3,2025_3_31
32,石原貴規,173cm,90kg,3,2025_3_32
33,菊池涼介,171cm,71kg,3,2025_3_33
34,高橋昂也,182cm,95kg,3,2025_3_34
35,赤塚健利,195cm,118kg,3,2025_3_35
36,塹江敦哉,178cm,91kg,3,2025_3_36
37,野間峻祥,182cm,86kg,3,2025_3_37
38,宇草孔基,185cm,84kg,3,2025_3_38
39,長谷部銀次,184cm,88kg,3,2025_3_39
40,磯村嘉孝,178cm,92kg,3,2025_3_40
41,鈴木健矢,176cm,80kg,3,2025_3_41
42,ドミンゲス,193cm,86kg,3,2025_3_42
43,島内颯太郎,180cm,86kg,3,2025_3_43
44,林晃汰,181cm,98kg,3,2025_3_44
45,松本竜也,178cm,100kg,3,2025_3_45
46,河野佳,175cm,86kg,3,2025_3_46
47,斉藤優汰,189cm,96kg,3,2025_3_47
48,アドゥワ誠,196cm,80kg,3,2025_3_48
49,渡邉悠斗,182cm,103kg,3,2025_3_49
50,中村健人,183cm,96kg,3,2025_3_50
52,末包昇大,188cm,107kg,3,2025_3_52
53,岡本駿,186cm,82kg,3,2025_3_53
54,韮澤雄也,175cm,85kg,3,2025_3_54
55,松山竜平,176cm,96kg,3,2025_3_55
56,久保修,181cm,89kg,3,2025_3_56
57,持丸泰輝,177cm,91kg,3,2025_3_57
58,仲田侑仁,187cm,107kg,3,2025_3_58
59,大盛穂,179cm,84kg,2,2025_2_59
60,田村俊介,178cm,97kg,2,2025_2_60
61,ファビアン,180cm,81kg,2,2025_2_61
62,清水叶人,176cm,91kg,2,2025_2_62
63,内田湘大,183cm,97kg,2,2025_2_63
64,髙木翔斗,187cm,96kg,2,2025_2_64
65,玉村昇悟,179cm,86kg,2,2025_2_65
66,遠藤淳志,186cm,90kg,2,2025_2_66
67,菊地ハルン,200cm,115kg,2,2025_2_67
68,ハーン,198cm,117kg,2,2025_2_68
69,山足達也,174cm,76kg,2,2025_2_69
70,日髙暖己,183cm,75kg,2,2025_2_70
94,佐藤啓介,182cm,90kg,2,2025_2_94
95,モンテロ,190cm,106kg,2,2025_2_95
96,中村奨成,181cm,86kg,2,2025_2_96
97,中村貴浩,177cm,87kg,2,2025_2_97
99,二俣翔一,180cm,78kg,2,2025_2_99
120,杉田健,188cm,84kg,4,2025_4_120
121,名原典彦,182cm,80kg,4,2025_4_121
122,安竹俊喜,178cm,85kg,4,2025_4_122
123,小船翼,198cm,116kg,4,2025_4_123
125,辻大雅,182cm,84kg,4,2025_4_125
126,竹下海斗,180cm,76kg,4,2025_4_126
127,前川誠太,176cm,69kg,4,2025_4_127
128,杉原望来,175cm,78kg,4,2025_4_128
129,小林樹斗,182cm,92kg,4,2025_4_129
130,ラミレス,191cm,124kg,4,2025_4_130
131,ロベルト,191cm,104kg,4,2025_4_131
00,赤羽由紘,176cm,83kg,3,2025_3_00
0,並木秀尊,170cm,72kg,3,2025_3_0
1,山田哲人,181cm,81kg,3,2025_3_1
2,古賀優大,177cm,83kg,3,2025_3_2
3,西川遥輝,181cm,82kg,3,2025_3_3
4,丸山和郁,174cm,80kg,3,2025_3_4
5,川端慎吾,185cm,86kg,3,2025_3_5
7,長岡秀樹,175cm,82kg,3,2025_3_7
8,茂木栄五郎,173cm,78kg,3,2025_3_8
9,塩見泰隆,180cm,81kg,3,2025_3_9
10,宮本丈,181cm,82kg,3,2025_3_10
11,アビラ,180cm,95kg,3,2025_3_11
12,石山泰稚,182cm,83kg,3,2025_3_12
012,廣澤優,193cm,102kg,3,2025_3_012
13,オスナ,188cm,106kg,3,2025_3_13
014,西舘昂汰,189cm,94kg,3,2025_3_014
015,沼田翔平,175cm,80kg,3,2025_3_015
15,中村優斗,176cm,86kg,3,2025_3_15
016,西濱勇星,181cm,80kg,3,2025_3_016
017,翔聖,188cm,81kg,3,2025_3_017
17,清水昇,180cm,95kg,3,2025_3_17
018,鈴木康平,186cm,92kg,3,2025_3_018
18,奥川恭伸,184cm,82kg,3,2025_3_18
19,石川雅規,167cm,73kg,3,2025_3_19
019,佐藤琢磨,184cm,86kg,3,2025_3_019
20,木澤尚文,183cm,90kg,3,2025_3_20
21,吉村貢司郎,183cm,85kg,3,2025_3_21
022,松本龍之介,176cm,81kg,3,2025_3_022
023,澤野聖悠,186cm,94kg,3,2025_3_023
24,星知弥,183cm,91kg,3,2025_3_24
25,サンタナ,195cm,104kg,3,2025_3_25
025,根岸辰昇,180cm,95kg,3,2025_3_025
26,山野太一,173cm,81kg,3,2025_3_26
026,髙野颯太,176cm,90kg,3,2025_3_026
27,中村悠平,176cm,79kg,3,2025_3_27
28,松本健吾,180cm,83kg,3,2025_3_28
29,小川泰弘,172cm,82kg,3,2025_3_29
30,荘司宏太,172cm,90kg,3,2025_3_30
31,モイセエフニキータ,182cm,87kg,3,2025_3_31
32,松本直樹,177cm,82kg,3,2025_3_32
33,内山壮真,172cm,76kg,3,2025_3_33
34,田口麗斗,171cm,79kg,3,2025_3_34
35,石原勇輝,180cm,87kg,3,2025_3_35
36,西村瑠伊斗,178cm,80kg,3,2025_3_36
37,山野辺翔,170cm,74kg,3,2025_3_37
38,北村拓己,181cm,90kg,3,2025_3_38
39,ランバート,188cm,94kg,3,2025_3_39
40,高梨裕稔,188cm,94kg,3,2025_3_40
41,矢崎拓也,176cm,99kg,3,2025_3_41
42,澤井廉,180cm,94kg,3,2025_3_42
43,山本大貴,184cm,98kg,3,2025_3_43
44,大西広樹,175cm,92kg,3,2025_3_44
45,小澤怜史,182cm,87kg,3,2025_3_45
46,太田賢吾,186cm,87kg,3,2025_3_46
47,高橋奎二,180cm,83kg,3,2025_3_47
48,金久保優斗,185cm,87kg,3,2025_3_48
49,山下輝,188cm,98kg,3,2025_3_49
50,北村恵吾,182cm,90kg,3,2025_3_50
51,濱田太貴,177cm,81kg,3,2025_3_51
52,原樹理,180cm,79kg,3,2025_3_52
53,長谷川宙輝,176cm,86kg,3,2025_3_53
54,田中陽翔,183cm,88kg,3,2025_3_54
55,村上宗隆,188cm,97kg,3,2025_3_55
56,坂本拓己,180cm,85kg,3,2025_3_56
57,矢野泰二郎,178cm,82kg,3,2025_3_57
58,バウマン,193cm,108kg,3,2025_3_58
60,武岡龍世,179cm,77kg,2,2025_2_60
61,宮川哲,177cm,86kg,2,2025_2_61
62,竹山日向,182cm,86kg,2,2025_2_62
63,増田珠,179cm,85kg,2,2025_2_63
64,岩田幸宏,175cm,79kg,2,2025_2_64
65,鈴木叶,181cm,81kg,2,2025_2_65
66,阪口皓亮,188cm,90kg,2,2025_2_66
67,伊藤琉偉,180cm,78kg,2,2025_2_67
68,丸山翔大,194cm,90kg,2,2025_2_68
69,下川隼佑,176cm,88kg,2,2025_2_69
90,中川拓真,180cm,88kg,2,2025_2_90
93,橋本星哉,178cm,85kg,2,2025_2_93
00,尾田剛樹,175cm,75kg,3,2025_3_00
0,辻本倫太郎,168cm,73kg,3,2025_3_0
1,岡林勇希,175cm,75kg,3,2025_3_1
2,田中幹也,166cm,68kg,3,2025_3_2
3,高橋周平,180cm,90kg,3,2025_3_3
4,カリステ,184cm,87kg,3,2025_3_4
5,村松開人,172cm,80kg,3,2025_3_5
6,中田翔,184cm,107kg,3,2025_3_6
7,福永裕基,180cm,87kg,3,2025_3_7
8,大島洋平,176cm,75kg,3,2025_3_8
9,石伊雄太,178cm,84kg,3,2025_3_9
11,岡田俊哉,178cm,69kg,3,2025_3_11
13,橋本侑樹,180cm,80kg,3,2025_3_13
14,草加勝,182cm,77kg,3,2025_3_14
16,岩嵜翔,189cm,90kg,3,2025_3_16
17,柳裕也,180cm,85kg,3,2025_3_17
18,梅津晃大,189cm,100kg,3,2025_3_18
19,髙橋宏斗,186cm,86kg,3,2025_3_19
20,涌井秀章,185cm,85kg,3,2025_3_20
21,金丸夢斗,177cm,77kg,3,2025_3_21
22,大野雄大,184cm,85kg,3,2025_3_22
24,ボスラー,186cm,98kg,3,2025_3_24
25,石川昂弥,186cm,100kg,3,2025_3_25
26,仲地礼亜,177cm,83kg,3,2025_3_26
27,津田啓史,181cm,88kg,3,2025_3_27
28,森博人,177cm,84kg,3,2025_3_28
29,松木平優太,180cm,85kg,3,2025_3_29
30,根尾昂,177cm,85kg,3,2025_3_30
31,森駿太,188cm,93kg,3,2025_3_31
32,伊藤茉央,176cm,83kg,3,2025_3_32
33,祖父江大輔,175cm,75kg,3,2025_3_33
34,福敬登,181cm,98kg,3,2025_3_34
35,木下拓哉,183cm,95kg,3,2025_3_35
36,福田幸之介,182cm,86kg,3,2025_3_36
37,濱将乃介,181cm,83kg,3,2025_3_37
38,松葉貴大,179cm,82kg,3,2025_3_38
39,宇佐見真吾,181cm,95kg,3,2025_3_39
41,勝野昌慶,183cm,95kg,3,2025_3_41
42,ブライト健太,184cm,92kg,3,2025_3_42
43,味谷大誠,180cm,85kg,3,2025_3_43
44,川越誠司,174cm,80kg,3,2025_3_44
45,土田龍空,180cm,80kg,3,2025_3_45
46,梅野雄吾,177cm,86kg,3,2025_3_46
47,吉田聖弥,176cm,80kg,3,2025_3_47
48,土生翔太,180cm,93kg,3,2025_3_48
49,加藤匠馬,175cm,85kg,3,2025_3_49
50,清水達也,185cm,95kg,3,2025_3_50
51,上林誠知,185cm,90kg,3,2025_3_51
52,マルテ,188cm,98kg,3,2025_3_52
53,駿太,180cm,85kg,3,2025_3_53
54,藤嶋健人,177cm,90kg,3,2025_3_54
55,細川成也,179cm,98kg,3,2025_3_55
57,山浅龍之介,175cm,82kg,3,2025_3_57
58,石橋康太,181cm,95kg,3,2025_3_58
59,齋藤綱記,182cm,92kg,2,2025_2_59
60,山本泰寛,176cm,76kg,2,2025_2_60
61,高橋幸佑,177cm,82kg,2,2025_2_61
63,板山祐太郎,180cm,88kg,2,2025_2_63
64,有馬惠叶,190cm,78kg,2,2025_2_64
66,鵜飼航丞,183cm,100kg,2,2025_2_66
69,三浦瑞樹,174cm,79kg,2,2025_2_69
70,近藤廉,180cm,93kg,2,2025_2_70
90,松山晋也,188cm,92kg,2,2025_2_90
91,メヒア,193cm,104kg,2,2025_2_91
93,マラー,201cm,118kg,2,2025_2_93
94,ウォルターズ,195cm,102kg,2,2025_2_94
95,ロドリゲス,184cm,74kg,2,2025_2_95
97,樋口正修,177cm,76kg,2,2025_2_97
201,加藤竜馬,185cm,102kg,1,2025_1_201
202,中村奈一輝,183cm,73kg,1,2025_1_202
203,井上剣也,178cm,80kg,1,2025_1_203
207,星野真生,176cm,82kg,1,2025_1_207
208,石川翔,180cm,89kg,1,2025_1_208
209,福元悠真,180cm,85kg,1,2025_1_209
212,野中天翔,182cm,87kg,1,2025_1_212
213,森山暁生,183cm,90kg,1,2025_1_213
215,日渡騰輝,173cm,89kg,1,2025_1_215
216,菊田翔友,182cm,88kg,1,2025_1_216
218,川上理偉,178cm,85kg,1,2025_1_218
219,マルティネス,177cm,72kg,1,2025_1_219
220,モニエル,190cm,106kg,1,2025_1_220
0,川瀬晃,176cm,71kg,3,2025_3_0
00,渡邉陸,187cm,90kg,3,2025_3_00
2,スチュワート・ジュニア,198cm,101kg,3,2025_3_2
3,近藤健介,173cm,85kg,3,2025_3_3
4,ダウンズ,178cm,89kg,3,2025_3_4
5,山川穂高,177cm,114kg,3,2025_3_5
6,今宮健太,172cm,76kg,3,2025_3_6
7,中村晃,175cm,81kg,3,2025_3_7
8,牧原大成,172cm,72kg,3,2025_3_8
9,柳田悠岐,187cm,90kg,3,2025_3_9
10,上沢直之,185cm,88kg,3,2025_3_10
11,津森宥紀,176cm,87kg,3,2025_3_11
12,嶺井博希,176cm,86kg,3,2025_3_12
13,濵口遥大,173cm,80kg,3,2025_3_13
14,又吉克樹,179cm,76kg,3,2025_3_14
16,東浜巨,183cm,84kg,3,2025_3_16
17,有原航平,190cm,100kg,3,2025_3_17
18,武田翔太,187cm,90kg,3,2025_3_18
20,村上泰斗,178cm,70kg,3,2025_3_20
22,牧原巧汰,176cm,84kg,3,2025_3_22
23,周東佑京,180cm,71kg,3,2025_3_23
24,栗原陵矢,179cm,83kg,3,2025_3_24
25,庄子雄大,177cm,75kg,3,2025_3_25
26,大津亮介,175cm,65kg,3,2025_3_26
27,岩井俊介,182cm,90kg,3,2025_3_27
28,安德駿,177cm,82kg,3,2025_3_28
30,佐藤直樹,178cm,85kg,3,2025_3_30
31,正木智也,182cm,91kg,3,2025_3_31
32,柳町達,180cm,78kg,3,2025_3_32
33,廣瀨隆太,181cm,87kg,3,2025_3_33
34,村田賢一,179cm,88kg,3,2025_3_34
35,モイネロ,178cm,69kg,3,2025_3_35
36,イヒネイツア,184cm,83kg,3,2025_3_36
39,尾形崇斗,182cm,88kg,3,2025_3_39
40,杉山一樹,192cm,107kg,3,2025_3_40
41,前田悠伍,179cm,80kg,3,2025_3_41
42,伊藤優輔,178cm,82kg,3,2025_3_42
43,井上朋也,182cm,89kg,3,2025_3_43
44,笹川吉康,194cm,97kg,3,2025_3_44
45,谷川原健太,174cm,87kg,3,2025_3_45
46,宇野真仁朗,177cm,81kg,3,2025_3_46
47,大関友久,185cm,85kg,3,2025_3_47
48,藤井皓哉,183cm,86kg,3,2025_3_48
49,松本晴,181cm,87kg,3,2025_3_49
50,板東湧梧,182cm,78kg,3,2025_3_50
51,前田純,189cm,88kg,3,2025_3_51
52,リチャード,189cm,123kg,3,2025_3_52
53,大山凌,179cm,80kg,3,2025_3_53
54,オスナ,188cm,104kg,3,2025_3_54
55,石塚綜一郎,181cm,91kg,3,2025_3_55
56,田浦文丸,168cm,78kg,3,2025_3_56
57,緒方理貢,175cm,69kg,3,2025_3_57
58,木村大成,180cm,82kg,3,2025_3_58
59,長谷川威展,179cm,86kg,2,2025_2_59
60,大野稼頭央,176cm,70kg,2,2025_2_60
61,川村友斗,181cm,88kg,2,2025_2_61
62,海野隆司,174cm,84kg,2,2025_2_62
63,ヘルナンデス,188cm,115kg,2,2025_2_63
64,上茶谷大河,182cm,83kg,2,2025_2_64
65,藤田悠太郎,170cm,73kg,2,2025_2_65
66,松本裕樹,183cm,92kg,2,2025_2_66
67,石見颯真,176cm,74kg,2,2025_2_67
68,木村光,173cm,73kg,2,2025_2_68
69,岩崎峻典,177cm,80kg,2,2025_2_69
77,山本恵大,183cm,86kg,2,2025_2_77
99,野村勇,174cm,82kg,2,2025_2_99
121,ザイレン,178cm,82kg,4,2025_4_121
122,藤野恵音,181cm,78kg,4,2025_4_122
123,大泉周也,173cm,87kg,4,2025_4_123
124,桑原秀侍,176cm,81kg,4,2025_4_124
125,大友宗,181cm,85kg,4,2025_4_125
126,宮里優吾,181cm,87kg,4,2025_4_126
127,広瀬結煌,180cm,71kg,4,2025_4_127
128,河野伸一朗,190cm,74kg,4,2025_4_128
129,佐倉侠史朗,184cm,104kg,4,2025_4_129
130,勝連大稀,175cm,68kg,4,2025_4_130
131,中澤恒貴,180cm,84kg,4,2025_4_131
132,川口冬弥,187cm,88kg,4,2025_4_132
133,星野恒太朗,179cm,85kg,4,2025_4_133
134,大城真乃,170cm,73kg,4,2025_4_134
135,アルメンタ,185cm,79kg,4,2025_4_135
136,大竹風雅,186cm,89kg,4,2025_4_136
137,津嘉山憲志郎,178cm,93kg,4,2025_4_137
138,相原雄太,191cm,96kg,4,2025_4_138
139,井﨑燦志郎,188cm,87kg,4,2025_4_139
140,岡田皓一朗,187cm,95kg,4,2025_4_140
141,澤柳亮太郎,179cm,86kg,4,2025_4_141
142,藤原大翔,177cm,69kg,4,2025_4_142
143,漁府輝羽,183cm,93kg,4,2025_4_143
144,シモン,185cm,79kg,4,2025_4_144
145,ハモンド,191cm,85kg,4,2025_4_145
146,藤田淳平,182cm,95kg,4,2025_4_146
147,木下勇人,179cm,66kg,4,2025_4_147
148,山崎琢磨,185cm,90kg,4,2025_4_148
149,熊谷太雅,184cm,72kg,4,2025_4_149
151,加藤晴空,175cm,78kg,4,2025_4_151
152,塩士暖,185cm,74kg,4,2025_4_152
153,張峻ウェイ,179cm,82kg,4,2025_4_153
154,生海,183cm,101kg,4,2025_4_154
155,風間球打,184cm,96kg,4,2025_4_155
156,ロドリゲス,182cm,90kg,4,2025_4_156
157,田上奏大,186cm,90kg,4,2025_4_157
158,赤羽蓮,188cm,88kg,4,2025_4_158
159,山下恭吾,175cm,78kg,4,2025_4_159
160,長水啓眞,179cm,69kg,4,2025_4_160
161,内野海斗,187cm,91kg,4,2025_4_161
162,岡植純平,177cm,82kg,4,2025_4_162
163,佐々木明都,182cm,81kg,4,2025_4_163
164,水口創太,195cm,102kg,4,2025_4_164
165,宮﨑颯,180cm,93kg,4,2025_4_165
166,重松凱人,187cm,98kg,4,2025_4_166
167,川原田純平,168cm,70kg,4,2025_4_167
168,佐藤航太,184cm,73kg,1,2025_1_168
169,飛田悠成,185cm,90kg,1,2025_1_169
170,西尾歩真,167cm,70kg,1,2025_1_170
171,盛島稜大,187cm,107kg,1,2025_1_171
173,オスーナ,185cm,82kg,1,2025_1_173
175,アルモンテ,185cm,82kg,1,2025_1_175
176,サルディ,186cm,81kg,1,2025_1_176
2,マルティネス,190cm,112kg,3,2025_3_2
4,上川畑大悟,167cm,73kg,3,2025_3_4
5,野村佑希,187cm,95kg,3,2025_3_5
7,松本剛,180cm,84kg,3,2025_3_7
8,淺間大基,183cm,84kg,3,2025_3_8
9,中島卓也,178cm,76kg,3,2025_3_9
10,清水優心,185cm,91kg,3,2025_3_10
12,矢澤宏太,173cm,72kg,3,2025_3_12
13,生田目翼,176cm,95kg,3,2025_3_13
14,加藤貴之,182cm,93kg,3,2025_3_14
16,達孝太,194cm,101kg,3,2025_3_16
17,伊藤大海,176cm,84kg,3,2025_3_17
18,山﨑福也,188cm,99kg,3,2025_3_18
19,玉井大翔,178cm,78kg,3,2025_3_19
20,上原健太,191cm,100kg,3,2025_3_20
21,清宮幸太郎,184cm,95kg,3,2025_3_21
22,杉浦稔大,190cm,90kg,3,2025_3_22
23,伏見寅威,182cm,89kg,3,2025_3_23
24,金村尚真,176cm,88kg,3,2025_3_24
25,宮西尚生,180cm,81kg,3,2025_3_25
26,田中正義,188cm,96kg,3,2025_3_26
27,古川裕大,184cm,91kg,3,2025_3_27
28,河野竜生,175cm,88kg,3,2025_3_28
29,細野晴希,180cm,87kg,3,2025_3_29
30,郡司裕也,180cm,89kg,3,2025_3_30
31,柴田獅子,187cm,87kg,3,2025_3_31
32,藤田琉生,198cm,96kg,3,2025_3_32
33,進藤勇也,182cm,91kg,3,2025_3_33
34,堀瑞輝,177cm,89kg,3,2025_3_34
35,浅利太門,186cm,88kg,3,2025_3_35
36,宮崎一樹,184cm,86kg,3,2025_3_36
37,古林睿煬,184cm,81kg,3,2025_3_37
38,石井一成,182cm,86kg,3,2025_3_38
39,有薗直輝,185cm,100kg,3,2025_3_39
40,福田俊,171cm,73kg,3,2025_3_40
41,福谷浩司,183cm,93kg,3,2025_3_41
42,ザバラ,190cm,117kg,3,2025_3_42
43,水野達稀,171cm,76kg,3,2025_3_43
44,阪口樂,187cm,97kg,3,2025_3_44
45,バーヘイゲン,198cm,104kg,3,2025_3_45
46,畔柳亨丞,178cm,87kg,3,2025_3_46
48,齋藤友貴哉,184cm,92kg,3,2025_3_48
49,若林晃弘,180cm,79kg,3,2025_3_49
50,五十幡亮汰,171cm,67kg,3,2025_3_50
51,石川直也,192cm,93kg,3,2025_3_51
52,池田隆英,181cm,87kg,3,2025_3_52
53,水谷瞬,193cm,100kg,3,2025_3_53
54,山縣秀,176cm,80kg,3,2025_3_54
55,松浦慶斗,186cm,103kg,3,2025_3_55
56,細川凌平,174cm,78kg,3,2025_3_56
57,北山亘基,182cm,86kg,3,2025_3_57
58,奈良間大己,172cm,75kg,3,2025_3_58
59,根本悠楓,173cm,80kg,2,2025_2_59
60,吉田賢吾,181cm,94kg,2,2025_2_60
61,今川優馬,177cm,92kg,2,2025_2_61
62,清水大暉,192cm,95kg,2,2025_2_62
63,山城航太郎,183cm,84kg,2,2025_2_63
64,田宮裕涼,175cm,84kg,2,2025_2_64
65,明瀬諒介,183cm,92kg,2,2025_2_65
66,万波中正,192cm,101kg,2,2025_2_66
67,山本拓実,167cm,79kg,2,2025_2_67
68,星野ひので,182cm,86kg,2,2025_2_68
93,松岡洸希,180cm,84kg,2,2025_2_93
94,福島蓮,190cm,78kg,2,2025_2_94
95,柳川大晟,191cm,93kg,2,2025_2_95
98,梅林優貴,171cm,85kg,2,2025_2_98
99,レイエス,196cm,135kg,2,2025_2_99
111,濵田泰希,189cm,83kg,4,2025_4_111
112,平田大樹,181cm,72kg,4,2025_4_112
113,加藤大和,190cm,87kg,4,2025_4_113
114,松本遼大,188cm,97kg,4,2025_4_114
115,清宮虎多朗,190cm,99kg,4,2025_4_115
121,川勝空人,180cm,88kg,4,2025_4_121
122,澁谷純希,182cm,87kg,4,2025_4_122
125,藤田大清,187cm,85kg,4,2025_4_125
126,中山晶量,188cm,86kg,4,2025_4_126
127,山口アタル,179cm,89kg,4,2025_4_127
128,山本晃大,186cm,92kg,4,2025_4_128
150,マイカ与那嶺,190cm,99kg,4,2025_4_150
154,安西叶翔,186cm,94kg,4,2025_4_154
162,宮内春輝,176cm,79kg,4,2025_4_162
163,北浦竜次,184cm,103kg,4,2025_4_163
196,孫易磊,183cm,93kg,1,2025_1_196
0,荻野貴司,172cm,75kg,3,2025_3_0
00,池田来翔,180cm,95kg,3,2025_3_00
1,藤原恭大,181cm,80kg,3,2025_3_1
2,松川虎生,178cm,98kg,3,2025_3_2
3,角中勝也,180cm,85kg,3,2025_3_3
4,友杉篤輝,171cm,70kg,3,2025_3_4
5,安田尚憲,188cm,100kg,3,2025_3_5
6,西川史礁,182cm,88kg,3,2025_3_6
7,藤岡裕大,178cm,86kg,3,2025_3_7
8,中村奨吾,180cm,86kg,3,2025_3_8
10,上田希由翔,183cm,96kg,3,2025_3_10
11,澤村拓一,184cm,105kg,3,2025_3_11
12,石川歩,186cm,80kg,3,2025_3_12
14,小島和哉,178cm,85kg,3,2025_3_14
15,美馬学,169cm,75kg,3,2025_3_15
16,種市篤暉,183cm,88kg,3,2025_3_16
18,二木康太,190cm,85kg,3,2025_3_18
19,唐川侑己,181cm,90kg,3,2025_3_19
21,石川柊太,185cm,88kg,3,2025_3_21
22,ポランコ,196cm,108kg,3,2025_3_22
23,石川慎吾,178cm,80kg,3,2025_3_23
24,東妻勇輔,172cm,80kg,3,2025_3_24
25,岡大海,185cm,80kg,3,2025_3_25
27,田村龍弘,172cm,81kg,3,2025_3_27
28,菊地吏玖,183cm,93kg,3,2025_3_28
29,西野勇士,183cm,90kg,3,2025_3_29
30,廣畑敦也,175cm,83kg,3,2025_3_30
31,大谷輝龍,180cm,81kg,3,2025_3_31
32,佐藤都志也,181cm,91kg,3,2025_3_32
33,八木彬,180cm,94kg,3,2025_3_33
34,高野脩汰,184cm,88kg,3,2025_3_34
35,田中晴也,186cm,92kg,3,2025_3_35
36,坂本光士郎,179cm,80kg,3,2025_3_36
37,小野郁,175cm,78kg,3,2025_3_37
38,髙部瑛斗,178cm,72kg,3,2025_3_38
39,大下誠一郎,171cm,89kg,3,2025_3_39
40,西村天裕,177cm,92kg,3,2025_3_40
41,一條力真,190cm,90kg,3,2025_3_41
42,サモンズ,193cm,106kg,3,2025_3_42
43,石垣雅海,181cm,88kg,3,2025_3_43
44,宮崎竜成,173cm,90kg,3,2025_3_44
45,植田将太,180cm,86kg,3,2025_3_45
46,岩下大輝,182cm,90kg,3,2025_3_46
47,鈴木昭汰,175cm,80kg,3,2025_3_47
48,中村稔弥,178cm,84kg,3,2025_3_48
49,立松由宇,177cm,82kg,3,2025_3_49
50,愛斗,177cm,92kg,3,2025_3_50
51,山口航輝,183cm,100kg,3,2025_3_51
52,益田直也,179cm,80kg,3,2025_3_52
53,木村優人,184cm,92kg,3,2025_3_53
54,ボス,186cm,97kg,3,2025_3_54
55,柿沼友哉,180cm,86kg,3,2025_3_55
56,中森俊介,182cm,90kg,3,2025_3_56
57,小川龍成,171cm,74kg,3,2025_3_57
58,河村説人,192cm,87kg,3,2025_3_58
59,早坂響,176cm,70kg,2,2025_2_59
60,横山陸人,180cm,90kg,2,2025_2_60
61,山本大斗,180cm,88kg,2,2025_2_61
62,坂井遼,178cm,78kg,2,2025_2_62
63,和田康士朗,185cm,77kg,2,2025_2_63
64,廣池康志郎,185cm,85kg,2,2025_2_64
65,寺地隆成,177cm,82kg,2,2025_2_65
66,澤田圭佑,178cm,96kg,2,2025_2_66
67,茶谷健太,186cm,88kg,2,2025_2_67
68,金田優太,183cm,83kg,2,2025_2_68
92,国吉佑樹,196cm,106kg,2,2025_2_92
97,ゲレーロ,203cm,112kg,2,2025_2_97
99,ソト,185cm,97kg,2,2025_2_99
120,田中楓基,180cm,75kg,4,2025_4_120
121,本前郁也,176cm,82kg,4,2025_4_121
122,森遼大朗,180cm,87kg,4,2025_4_122
123,秋山正雲,174cm,80kg,4,2025_4_123
124,中村亮太,182cm,79kg,4,2025_4_124
125,永島田輝斗,182cm,90kg,4,2025_4_125
127,吉川悠斗,185cm,82kg,4,2025_4_127
129,勝又琉偉,188cm,78kg,4,2025_4_129
130,谷村剛,177cm,85kg,4,2025_4_130
131,茨木佑太,187cm,93kg,4,2025_4_131
132,長島幸佑,187cm,92kg,4,2025_4_132
133,武内涼太,184cm,84kg,4,2025_4_133
134,松石信八,175cm,75kg,4,2025_4_134
135,髙野光海,187cm,93kg,4,2025_4_135
136,藤田和樹,185cm,82kg,4,2025_4_136
137,富山紘之進,181cm,70kg,4,2025_4_137
138,マーティン,188cm,95kg,4,2025_4_138
139,パラシオス,184cm,82kg,4,2025_4_139
140,アセベド,195cm,104kg,4,2025_4_140
0,小深田大翔,168cm,69kg,3,2025_3_0
1,宗山塁,175cm,79kg,3,2025_3_1
2,太田光,178cm,76kg,3,2025_3_2
3,浅村栄斗,182cm,90kg,3,2025_3_3
4,阿部寿樹,185cm,85kg,3,2025_3_4
6,村林一輝,180cm,73kg,3,2025_3_6
7,鈴木大地,175cm,79kg,3,2025_3_7
8,辰己涼介,180cm,74kg,3,2025_3_8
11,岸孝之,180cm,77kg,3,2025_3_11
14,則本昂大,178cm,82kg,3,2025_3_14
15,ハワード,190cm,95kg,3,2025_3_15
17,古謝樹,182cm,75kg,3,2025_3_17
017,王彦程,180cm,82kg,3,2025_3_017
19,荘司康誠,189cm,86kg,3,2025_3_19
20,ターリー,193cm,104kg,3,2025_3_20
21,早川隆久,180cm,76kg,3,2025_3_21
022,水上桂,172cm,75kg,3,2025_3_022
22,小孫竜二,180cm,88kg,3,2025_3_22
23,フランコ,185cm,105kg,3,2025_3_23
24,黒川史陽,182cm,86kg,3,2025_3_24
25,田中和基,181cm,75kg,3,2025_3_25
26,中込陽翔,175cm,85kg,3,2025_3_26
27,岡島豪郎,176cm,82kg,3,2025_3_27
28,酒居知史,178cm,80kg,3,2025_3_28
29,德山一翔,177cm,87kg,3,2025_3_29
030,平良竜哉,170cm,78kg,3,2025_3_030
31,渡辺翔太,182cm,90kg,3,2025_3_31
32,中島大輔,180cm,78kg,3,2025_3_32
34,山﨑剛,173cm,74kg,3,2025_3_34
35,島内宏明,180cm,75kg,3,2025_3_35
36,吉納翼,180cm,89kg,3,2025_3_36
38,弓削隼人,193cm,105kg,3,2025_3_38
39,伊藤裕季也,181cm,95kg,3,2025_3_39
40,江原雅裕,186cm,93kg,3,2025_3_40
41,加治屋蓮,185cm,90kg,3,2025_3_41
42,山田遥楓,180cm,84kg,3,2025_3_42
43,宋家豪,185cm,92kg,3,2025_3_43
44,田中貴也,178cm,85kg,3,2025_3_44
45,松井友飛,190cm,87kg,3,2025_3_45
46,藤平尚真,185cm,85kg,3,2025_3_46
47,藤井聖,176cm,80kg,3,2025_3_47
48,渡邊佳明,180cm,79kg,3,2025_3_48
49,西垣雅矢,184cm,88kg,3,2025_3_49
50,武藤敦貴,178cm,73kg,3,2025_3_50
51,小郷裕哉,178cm,85kg,3,2025_3_51
52,津留﨑大成,177cm,86kg,3,2025_3_52
53,坂井陽翔,186cm,88kg,3,2025_3_53
54,日當直喜,190cm,105kg,3,2025_3_54
55,安田悠馬,185cm,105kg,3,2025_3_55
56,鈴木翔天,185cm,82kg,3,2025_3_56
57,瀧中瞭太,180cm,93kg,3,2025_3_57
58,辛島航,173cm,72kg,3,2025_3_58
59,泰勝利,172cm,82kg,2,2025_2_59
60,ワォーターズ璃海ジュミル,178cm,76kg,2,2025_2_60
61,松田啄磨,186cm,74kg,2,2025_2_61
62,西口直人,183cm,83kg,2,2025_2_62
63,入江大樹,185cm,83kg,2,2025_2_63
64,林優樹,173cm,73kg,2,2025_2_64
65,堀内謙伍,174cm,82kg,2,2025_2_65
66,今野龍太,178cm,86kg,2,2025_2_66
67,大内誠弥,191cm,77kg,2,2025_2_67
68,青野拓海,180cm,85kg,2,2025_2_68
69,内星龍,190cm,88kg,2,2025_2_69
70,石原彪,172cm,96kg,2,2025_2_70
71,柴田大地,180cm,94kg,2,2025_2_71
72,宮森智志,193cm,93kg,2,2025_2_72
73,小森航大郎,173cm,83kg,2,2025_2_73
75,陽柏翔,174cm,75kg,2,2025_2_75
78,吉野創士,186cm,78kg,2,2025_2_78
078,辰見鴻之介,176cm,67kg,2,2025_2_078
79,前田銀治,182cm,98kg,2,2025_2_79
89,ヤフーレ,185cm,97kg,2,2025_2_89
130,古賀康誠,181cm,81kg,4,2025_4_130
131,永田颯太郎,178cm,85kg,4,2025_4_131
132,岸本佑也,180cm,74kg,4,2025_4_132
137,江川侑斗,177cm,81kg,4,2025_4_137
197,蕭齊,197cm,98kg,1,2025_1_197
0,渡部遼人,171cm,72kg,3,2025_3_0
00,エスピノーザ,183cm,86kg,3,2025_3_00
2,若月健矢,180cm,88kg,3,2025_3_2
4,森友哉,170cm,85kg,3,2025_3_4
5,西野真弘,167cm,71kg,3,2025_3_5
6,宗佑磨,181cm,83kg,3,2025_3_6
7,西川龍馬,177cm,84kg,3,2025_3_7
8,麦谷祐介,180cm,81kg,3,2025_3_8
9,野口智哉,181cm,95kg,3,2025_3_9
10,大城滉二,175cm,80kg,3,2025_3_10
11,山下舜平大,190cm,100kg,3,2025_3_11
12,東晃平,178cm,90kg,3,2025_3_12
13,寺西成騎,186cm,85kg,3,2025_3_13
14,宇田川優希,184cm,92kg,3,2025_3_14
15,椋木蓮,179cm,86kg,3,2025_3_15
16,平野佳寿,186cm,88kg,3,2025_3_16
17,曽谷龍平,183cm,83kg,3,2025_3_17
017,陳睦衡,181cm,84kg,3,2025_3_017
18,宮城大弥,171cm,85kg,3,2025_3_18
19,山岡泰輔,172cm,68kg,3,2025_3_19
20,阿部翔太,178cm,80kg,3,2025_3_20
21,山﨑颯一郎,190cm,98kg,3,2025_3_21
22,九里亜蓮,188cm,98kg,3,2025_3_22
23,吉田輝星,175cm,83kg,3,2025_3_23
24,紅林弘太郎,187cm,94kg,3,2025_3_24
25,内藤鵬,180cm,103kg,3,2025_3_25
26,齋藤響介,177cm,72kg,3,2025_3_26
27,元謙太,186cm,88kg,3,2025_3_27
28,富山凌雅,178cm,88kg,3,2025_3_28
29,田嶋大樹,182cm,82kg,3,2025_3_29
30,廣岡大志,185cm,92kg,3,2025_3_30
31,太田椋,181cm,84kg,3,2025_3_31
32,福永奨,175cm,87kg,3,2025_3_32
032,入山海斗,177cm,78kg,3,2025_3_032
33,杉澤龍,175cm,80kg,3,2025_3_33
034,村上喬一朗,168cm,82kg,3,2025_3_034
34,横山聖哉,181cm,86kg,3,2025_3_34
35,古田島成龍,175cm,85kg,3,2025_3_35
36,オリバレス,185cm,88kg,3,2025_3_36
37,石川亮,181cm,87kg,3,2025_3_37
38,来田涼斗,182cm,93kg,3,2025_3_38
39,池田陵真,171cm,83kg,3,2025_3_39
041,寿賀弘都,180cm,85kg,3,2025_3_041
41,佐野皓大,182cm,80kg,3,2025_3_41
042,大江海透,180cm,95kg,3,2025_3_042
42,マチャド,185cm,105kg,3,2025_3_42
043,宮國凌空,176cm,86kg,3,2025_3_043
44,頓宮裕真,182cm,103kg,3,2025_3_44
044,芦田丈飛,185cm,95kg,3,2025_3_044
45,東山玲士,180cm,83kg,3,2025_3_45
045,河野聡太,180cm,82kg,3,2025_3_045
46,本田仁海,181cm,74kg,3,2025_3_46
47,山口廉王,193cm,97kg,3,2025_3_47
48,東松快征,179cm,86kg,3,2025_3_48
49,片山楽生,177cm,81kg,3,2025_3_49
50,山中稜真,178cm,83kg,3,2025_3_50
051,今坂幸暉,178cm,83kg,3,2025_3_051
052,清水武蔵,173cm,78kg,3,2025_3_052
053,上原堆我,178cm,84kg,3,2025_3_053
54,ディアス,178cm,95kg,3,2025_3_54
054,寺本聖一,170cm,86kg,3,2025_3_054
055,田島光祐,174cm,80kg,3,2025_3_055
056,乾健斗,188cm,88kg,3,2025_3_056
56,小木田敦也,173cm,83kg,3,2025_3_56
57,山田修義,185cm,95kg,3,2025_3_57
58,井口和朋,175cm,75kg,3,2025_3_58
59,ペルドモ,188cm,84kg,2,2025_2_59
60,本田圭佑,180cm,80kg,2,2025_2_60
61,茶野篤政,175cm,80kg,2,2025_2_61
62,堀柊那,179cm,82kg,2,2025_2_62
64,大里昂生,178cm,76kg,2,2025_2_64
65,福田周平,167cm,65kg,2,2025_2_65
66,博志,182cm,95kg,2,2025_2_66
67,中川圭太,180cm,76kg,2,2025_2_67
93,佐藤一磨,190cm,97kg,2,2025_2_93
94,川瀬堅斗,183cm,93kg,2,2025_2_94
95,才木海翔,182cm,85kg,2,2025_2_95
96,髙島泰都,181cm,88kg,2,2025_2_96
98,権田琉成,180cm,88kg,2,2025_2_98
99,杉本裕太郎,190cm,104kg,2,2025_2_99
122,村西良太,174cm,76kg,4,2025_4_122
123,横山楓,181cm,91kg,4,2025_4_123
124,遠藤成,178cm,84kg,4,2025_4_124
125,デール,188cm,90kg,4,2025_4_125
126,香月一也,176cm,83kg,4,2025_4_126
128,前佑囲斗,182cm,90kg,4,2025_4_128
130,小野泰己,184cm,83kg,4,2025_4_130
135,河内康介,180cm,76kg,4,2025_4_135
153,宜保翔,175cm,75kg,4,2025_4_153
0,児玉亮涼,166cm,65kg,3,2025_3_0
00,仲田慶介,175cm,74kg,3,2025_3_00
1,栗山巧,177cm,85kg,3,2025_3_1
2,齋藤大翔,181cm,76kg,3,2025_3_2
5,外崎修汰,177cm,84kg,3,2025_3_5
6,源田壮亮,179cm,75kg,3,2025_3_6
8,渡部聖弥,177cm,88kg,3,2025_3_8
9,蛭間拓哉,177cm,85kg,3,2025_3_9
10,佐藤龍世,174cm,85kg,3,2025_3_10
11,上田大河,182cm,86kg,3,2025_3_11
12,渡邉勇太朗,191cm,103kg,3,2025_3_12
13,髙橋光成,190cm,105kg,3,2025_3_13
15,與座海人,173cm,80kg,3,2025_3_15
16,隅田知一郎,177cm,81kg,3,2025_3_16
17,松本航,176cm,88kg,3,2025_3_17
19,佐藤隼輔,182cm,86kg,3,2025_3_19
20,田村伊知郎,173cm,86kg,3,2025_3_20
21,武内夏暉,187cm,96kg,3,2025_3_21
22,古賀悠斗,174cm,88kg,3,2025_3_22
23,糸川亮太,172cm,80kg,3,2025_3_23
25,平井克典,180cm,90kg,3,2025_3_25
26,ネビン,193cm,102kg,3,2025_3_26
27,炭谷銀仁朗,181cm,98kg,3,2025_3_27
29,青山美夏人,184cm,94kg,3,2025_3_29
30,元山飛優,181cm,82kg,3,2025_3_30
31,平沼翔太,179cm,83kg,3,2025_3_31
32,山村崇嘉,183cm,89kg,3,2025_3_32
33,古川雄大,186cm,90kg,3,2025_3_33
34,甲斐野央,188cm,92kg,3,2025_3_34
35,松原聖弥,173cm,78kg,3,2025_3_35
36,山田陽翔,175cm,82kg,3,2025_3_36
37,柘植世那,174cm,90kg,3,2025_3_37
39,平沢大河,176cm,80kg,3,2025_3_39
40,セデーニョ,194cm,118kg,3,2025_3_40
41,成田晴風,184cm,89kg,3,2025_3_41
42,ボー・タカハシ,183cm,93kg,3,2025_3_42
43,羽田慎之介,191cm,84kg,3,2025_3_43
44,林冠臣,195cm,105kg,3,2025_3_44
45,ウィンゲンター,201cm,107kg,3,2025_3_45
46,狩生聖真,186cm,74kg,3,2025_3_46
47,杉山遙希,181cm,85kg,3,2025_3_47
48,今井達也,180cm,80kg,3,2025_3_48
50,髙松渡,177cm,75kg,3,2025_3_50
51,西川愛也,181cm,90kg,3,2025_3_51
52,篠原響,178cm,76kg,3,2025_3_52
53,牧野翔矢,178cm,80kg,3,2025_3_53
54,黒木優太,180cm,87kg,3,2025_3_54
56,Ｅ．ラミレス,188cm,86kg,3,2025_3_56
57,黒田将矢,188cm,85kg,3,2025_3_57
58,中村祐太,184cm,90kg,3,2025_3_58
59,古賀輝希,181cm,88kg,2,2025_2_59
60,中村剛也,175cm,105kg,2,2025_2_60
61,平良海馬,173cm,93kg,2,2025_2_61
62,滝澤夏央,164cm,65kg,2,2025_2_62
63,長谷川信哉,183cm,87kg,2,2025_2_63
64,龍山暖,175cm,78kg,2,2025_2_64
65,古市尊,176cm,74kg,2,2025_2_65
66,渡部健人,176cm,115kg,2,2025_2_66
67,野村大樹,171cm,84kg,2,2025_2_67
68,岸潤一郎,174cm,83kg,2,2025_2_68
69,水上由伸,176cm,79kg,2,2025_2_69
70,豆田泰志,173cm,88kg,2,2025_2_70
71,菅井信也,183cm,84kg,2,2025_2_71
75,奥村光一,178cm,83kg,2,2025_2_75
99,村田怜音,197cm,112kg,2,2025_2_99
111,浜屋将太,176cm,79kg,4,2025_4_111
112,大曲錬,180cm,81kg,4,2025_4_112
113,野田海人,174cm,80kg,4,2025_4_113
114,上間永遠,180cm,82kg,4,2025_4_114
115,佐々木健,179cm,87kg,4,2025_4_115
116,ロペス,193cm,102kg,4,2025_4_116
117,宮澤太成,185cm,95kg,4,2025_4_117
118,野村和輝,183cm,100kg,4,2025_4_118
119,モンテル,187cm,88kg,4,2025_4_119
120,井上広輝,181cm,84kg,4,2025_4_120
121,三浦大輝,180cm,88kg,4,2025_4_121
122,是澤涼輔,177cm,82kg,4,2025_4_122
123,冨士大和,186cm,80kg,4,2025_4_123
124,ガルシア,198cm,115kg,4,2025_4_124
125,シンクレア,193cm,94kg,4,2025_4_125
126,谷口朝陽,185cm,85kg,4,2025_4_126
127,森脇亮介,175cm,70kg,4,2025_4_127
128,佐藤太陽,176cm,78kg,4,2025_4_128
129,川下将勲,186cm,72kg,4,2025_4_129
130,金子功児,177cm,79kg,4,2025_4_130
131,木瀬翔太,187cm,90kg,4,2025_4_131
132,ラマル,180cm,91kg,4,2025_4_132
133,佐藤爽,177cm,79kg,4,2025_4_133
134,川野涼太,178cm,82kg,4,2025_4_134
135,仲三河優太,180cm,100kg,4,2025_4_135
137,澤田遥斗,170cm,68kg,4,2025_4_137
138,福尾遥真,181cm,77kg,4,2025_4_138
139,オケム,184cm,77kg,4,2025_4_139
